sample_id,day,p_accept,label,split
accept-d31-north-major_trauma-16,31,0.9556323321612986,1,validation
accept-d31-north-respiratory_distress-32,31,0.8474840004228481,1,validation
accept-d31-central-cardiac_event-96,31,0.8234025625159593,1,validation
accept-d31-east-cardiac_event-48,31,0.8202917018493993,1,validation
accept-d31-central-respiratory_distress-128,31,0.8848084581592905,1,validation
accept-d31-east-respiratory_distress-80,31,0.8250810538232697,1,validation
accept-d31-north-cardiac_event-0,31,0.8471430778194295,1,validation
accept-d31-west-respiratory_distress-176,31,0.8901827187857237,1,validation
accept-d31-central-major_trauma-112,31,0.8466113138237783,1,validation
accept-d31-west-cardiac_event-144,31,0.8475736586575722,0,validation
accept-d31-east-major_trauma-64,31,0.7356195700933543,1,validation
accept-d31-west-major_trauma-160,31,0.704523600378553,1,validation
accept-d31-central-major_trauma-113,31,0.8344904321168972,1,validation
accept-d31-east-cardiac_event-49,31,0.8401429860580203,1,validation
accept-d31-north-major_trauma-17,31,0.9427461760724847,1,validation
accept-d31-north-cardiac_event-1,31,0.8620718119262653,1,validation
accept-d31-east-major_trauma-65,31,0.7589069562099767,1,validation
accept-d31-west-respiratory_distress-177,31,0.8751055253509106,1,validation
accept-d31-west-major_trauma-161,31,0.7655219848725113,1,validation
accept-d31-north-respiratory_distress-33,31,0.8567648898039841,1,validation
accept-d31-west-cardiac_event-145,31,0.8154359154857006,1,validation
accept-d31-central-cardiac_event-97,31,0.848653481744779,1,validation
accept-d31-central-respiratory_distress-129,31,0.8907260285239307,1,validation
accept-d31-east-respiratory_distress-81,31,0.8333248771241724,0,validation
accept-d31-north-cardiac_event-2,31,0.8701295981065407,1,validation
accept-d31-north-respiratory_distress-34,31,0.8646771500945943,1,validation
accept-d31-west-cardiac_event-146,31,0.8460741972003886,1,validation
accept-d31-central-respiratory_distress-130,31,0.8910872641716202,1,validation
accept-d31-central-major_trauma-114,31,0.8702961450725698,1,validation
accept-d31-north-major_trauma-18,31,0.9494369313565615,1,validation
accept-d31-west-major_trauma-162,31,0.8016148287867935,1,validation
accept-d31-west-respiratory_distress-178,31,0.9061636624155013,1,validation
accept-d31-central-cardiac_event-98,31,0.8508767566092185,1,validation
accept-d31-east-major_trauma-66,31,0.6674265793647839,0,validation
accept-d31-east-respiratory_distress-82,31,0.6983773043756404,0,validation
accept-d31-east-cardiac_event-50,31,0.7210533666033888,1,validation
accept-d31-east-respiratory_distress-83,31,0.7493925121568498,1,validation
accept-d31-west-respiratory_distress-179,31,0.9047594167385457,1,validation
accept-d31-north-major_trauma-19,31,0.9273260968879898,1,validation
accept-d31-north-respiratory_distress-35,31,0.8647141290383324,1,validation
accept-d31-west-cardiac_event-147,31,0.8594328692630827,1,validation
accept-d31-central-major_trauma-115,31,0.8851839862324867,1,validation
accept-d31-east-cardiac_event-51,31,0.7942298115760593,0,validation
accept-d31-central-respiratory_distress-131,31,0.8956195470882758,1,validation
accept-d31-east-major_trauma-67,31,0.7418334548561217,0,validation
accept-d31-north-cardiac_event-3,31,0.874251720746443,1,validation
accept-d31-west-major_trauma-163,31,0.7867816775937904,1,validation
accept-d31-central-cardiac_event-99,31,0.8454808259542066,1,validation
accept-d31-north-major_trauma-20,31,0.9415367221757556,1,validation
accept-d31-west-cardiac_event-148,31,0.8638191232129702,1,validation
accept-d31-east-major_trauma-68,31,0.7665112637907795,1,validation
accept-d31-central-cardiac_event-100,31,0.8526436536355251,1,validation
accept-d31-central-respiratory_distress-132,31,0.903288510427768,1,validation
accept-d31-west-respiratory_distress-180,31,0.9019541189740655,1,validation
accept-d31-east-cardiac_event-52,31,0.7949526508547566,1,validation
accept-d31-north-respiratory_distress-36,31,0.872460532995852,1,validation
accept-d31-east-respiratory_distress-84,31,0.7776138169129293,1,validation
accept-d31-north-cardiac_event-4,31,0.8801463731334511,1,validation
accept-d31-central-major_trauma-116,31,0.8403899254293078,1,validation
accept-d31-west-major_trauma-164,31,0.8155175713930796,1,validation
accept-d31-east-major_trauma-69,31,0.8188933285531735,1,validation
accept-d31-central-respiratory_distress-133,31,0.8984579549252376,0,validation
accept-d31-north-major_trauma-21,31,0.9219788328991432,1,validation
accept-d31-west-major_trauma-165,31,0.815351549353068,0,validation
accept-d31-north-respiratory_distress-37,31,0.8688747498072841,1,validation
accept-d31-north-cardiac_event-5,31,0.8809810873670707,1,validation
accept-d31-central-major_trauma-117,31,0.7761462259648311,1,validation
accept-d31-east-respiratory_distress-85,31,0.8530228652840202,1,validation
accept-d31-east-cardiac_event-53,31,0.8487747826909999,1,validation
accept-d31-west-respiratory_distress-181,31,0.8586210809957975,1,validation
accept-d31-central-cardiac_event-101,31,0.8203367413967062,1,validation
accept-d31-west-cardiac_event-149,31,0.8188272757847613,1,validation
accept-d31-north-major_trauma-22,31,0.9315853683857673,1,validation
accept-d31-east-cardiac_event-54,31,0.8508978202243827,0,validation
accept-d31-west-major_trauma-166,31,0.7622113351670932,1,validation
accept-d31-west-cardiac_event-150,31,0.8273409639384359,1,validation
accept-d31-west-respiratory_distress-182,31,0.8882998387284405,1,validation
accept-d31-central-respiratory_distress-134,31,0.9062321551370773,1,validation
accept-d31-east-major_trauma-70,31,0.6806804222622427,0,validation
accept-d31-central-major_trauma-118,31,0.8702966782012932,1,validation
accept-d31-north-cardiac_event-6,31,0.8748561064877259,1,validation
accept-d31-east-respiratory_distress-86,31,0.7119217187667923,0,validation
accept-d31-north-respiratory_distress-38,31,0.8682065247941758,1,validation
accept-d31-central-cardiac_event-102,31,0.8561982762867624,0,validation
accept-d31-west-cardiac_event-151,31,0.8427466066247645,1,validation
accept-d31-north-major_trauma-23,31,0.9517571140059818,1,validation
accept-d31-west-respiratory_distress-183,31,0.899215970954456,1,validation
accept-d31-central-major_trauma-119,31,0.7695862560689326,0,validation
accept-d31-north-respiratory_distress-39,31,0.8702015901842164,1,validation
accept-d31-north-cardiac_event-7,31,0.8781948980776701,1,validation
accept-d31-west-major_trauma-167,31,0.8889576996839678,1,validation
accept-d31-central-cardiac_event-103,31,0.7175159027575977,1,validation
accept-d31-east-major_trauma-71,31,0.7686904798095343,1,validation
accept-d31-east-cardiac_event-55,31,0.8642982892708748,1,validation
accept-d31-east-respiratory_distress-87,31,0.8464641095283515,0,validation
accept-d31-central-respiratory_distress-135,31,0.8643076966740673,1,validation
accept-d31-west-cardiac_event-152,31,0.8425888064747225,1,validation
accept-d31-east-major_trauma-72,31,0.7530798698685395,1,validation
accept-d31-central-respiratory_distress-136,31,0.9054996023272409,1,validation
accept-d31-east-respiratory_distress-88,31,0.8270495128581458,1,validation
accept-d31-north-cardiac_event-8,31,0.867660844458279,1,validation
accept-d31-north-major_trauma-24,31,0.9606304196399535,1,validation
accept-d31-central-cardiac_event-104,31,0.8476680819745935,1,validation
accept-d31-central-major_trauma-120,31,0.8664164852029294,1,validation
accept-d31-north-respiratory_distress-40,31,0.8655694554085448,1,validation
accept-d31-west-major_trauma-168,31,0.8950945927841026,1,validation
accept-d31-east-cardiac_event-56,31,0.8560046803971789,0,validation
accept-d31-west-respiratory_distress-184,31,0.8948150657020228,1,validation
accept-d31-west-cardiac_event-153,31,0.8366374697047535,1,validation
accept-d31-east-respiratory_distress-89,31,0.811532526169063,1,validation
accept-d31-west-major_trauma-169,31,0.8971551540403103,1,validation
accept-d31-west-respiratory_distress-185,31,0.8964616841527769,1,validation
accept-d31-central-respiratory_distress-137,31,0.9069253400637138,1,validation
accept-d31-east-major_trauma-73,31,0.7266185390403413,1,validation
accept-d31-north-respiratory_distress-41,31,0.8725303129012293,1,validation
accept-d31-east-cardiac_event-57,31,0.8373473620100811,1,validation
accept-d31-central-major_trauma-121,31,0.8635730171639456,1,validation
accept-d31-north-major_trauma-25,31,0.8873214163995066,1,validation
accept-d31-central-cardiac_event-105,31,0.8492775591847613,1,validation
accept-d31-north-cardiac_event-9,31,0.8819880511219044,1,validation
accept-d31-north-cardiac_event-10,31,0.8645086321220976,0,validation
accept-d31-central-cardiac_event-106,31,0.8457380539733076,1,validation
accept-d31-north-respiratory_distress-42,31,0.8269730123885509,1,validation
accept-d31-east-major_trauma-74,31,0.8208523322091689,1,validation
accept-d31-east-respiratory_distress-90,31,0.8465183279861218,1,validation
accept-d31-east-cardiac_event-58,31,0.8589932095704091,1,validation
accept-d31-west-major_trauma-170,31,0.8839750472215933,1,validation
accept-d31-central-major_trauma-122,31,0.8562728379228414,1,validation
accept-d31-central-respiratory_distress-138,31,0.9052824354115191,1,validation
accept-d31-north-major_trauma-26,31,0.8052590938442418,1,validation
accept-d31-west-cardiac_event-154,31,0.7861628794023439,0,validation
accept-d31-west-respiratory_distress-186,31,0.7818380013812668,1,validation
accept-d31-north-cardiac_event-11,31,0.8733144403491886,1,validation
accept-d31-west-respiratory_distress-187,31,0.8147737437408599,1,validation
accept-d31-north-respiratory_distress-43,31,0.8635951300431043,1,validation
accept-d31-east-major_trauma-75,31,0.781725483776876,1,validation
accept-d31-north-major_trauma-27,31,0.9115891906015542,1,validation
accept-d31-west-cardiac_event-155,31,0.7352162693197329,0,validation
accept-d31-east-respiratory_distress-91,31,0.8523782723097567,1,validation
accept-d31-central-respiratory_distress-139,31,0.8690553671294646,1,validation
accept-d31-east-cardiac_event-59,31,0.8575839622450333,1,validation
accept-d31-central-cardiac_event-107,31,0.817464195395411,1,validation
accept-d31-west-major_trauma-171,31,0.8156121889624665,1,validation
accept-d31-central-major_trauma-123,31,0.8924282598492114,1,validation
accept-d31-west-major_trauma-172,31,0.8186124583648487,1,validation
accept-d31-east-cardiac_event-60,31,0.8594502491571668,1,validation
accept-d31-north-cardiac_event-12,31,0.874921815610889,0,validation
accept-d31-west-cardiac_event-156,31,0.7390576930743931,1,validation
accept-d31-east-respiratory_distress-92,31,0.8447359271490815,0,validation
accept-d31-central-respiratory_distress-140,31,0.8791157456985919,1,validation
accept-d31-central-major_trauma-124,31,0.9119312642305933,1,validation
accept-d31-north-major_trauma-28,31,0.8030678570043377,1,validation
accept-d31-west-respiratory_distress-188,31,0.8626925423946323,1,validation
accept-d31-east-major_trauma-76,31,0.6823010843397149,1,validation
accept-d31-north-respiratory_distress-44,31,0.8175046414573983,1,validation
accept-d31-central-cardiac_event-108,31,0.8314930083811113,1,validation
accept-d31-north-respiratory_distress-45,31,0.8253850623816366,1,validation
accept-d31-north-major_trauma-29,31,0.8709270369547246,1,validation
accept-d31-central-cardiac_event-109,31,0.7733432058295469,0,validation
accept-d31-north-cardiac_event-13,31,0.8636732302557552,0,validation
accept-d31-central-major_trauma-125,31,0.8391288913670533,1,validation
accept-d31-west-major_trauma-173,31,0.8447029338321461,1,validation
accept-d31-central-respiratory_distress-141,31,0.8093073492157227,1,validation
accept-d31-east-cardiac_event-61,31,0.8497913318443991,1,validation
accept-d31-east-respiratory_distress-93,31,0.8506473038041965,1,validation
accept-d31-west-respiratory_distress-189,31,0.8489113938577544,1,validation
accept-d31-east-major_trauma-77,31,0.8008640597771011,0,validation
accept-d31-west-cardiac_event-157,31,0.7689310770393968,0,validation
accept-d31-west-cardiac_event-158,31,0.724795222785187,1,validation
accept-d31-west-respiratory_distress-190,31,0.8137130713335462,1,validation
accept-d31-west-major_trauma-174,31,0.7733283475149834,1,validation
accept-d31-north-major_trauma-30,31,0.8710629309501369,1,validation
accept-d31-east-major_trauma-78,31,0.5542372452562835,1,validation
accept-d31-central-major_trauma-126,31,0.850341220517284,0,validation
accept-d31-north-respiratory_distress-46,31,0.8544059782595024,1,validation
accept-d31-east-cardiac_event-62,31,0.7784695089317524,0,validation
accept-d31-central-respiratory_distress-142,31,0.7193382884784092,1,validation
accept-d31-east-respiratory_distress-94,31,0.7608603470012042,0,validation
accept-d31-north-cardiac_event-14,31,0.8722887532135281,1,validation
accept-d31-central-cardiac_event-110,31,0.7179823178349112,1,validation
accept-d31-north-major_trauma-31,31,0.8797195580599777,1,validation
accept-d31-west-major_trauma-175,31,0.8346684634191209,1,validation
accept-d31-central-cardiac_event-111,31,0.7389608542912866,1,validation
accept-d31-north-respiratory_distress-47,31,0.8496622774110083,1,validation
accept-d31-west-respiratory_distress-191,31,0.8536567723224004,1,validation
accept-d31-east-cardiac_event-63,31,0.7198987132817374,1,validation
accept-d31-central-major_trauma-127,31,0.9026238920307439,1,validation
accept-d31-north-cardiac_event-15,31,0.860336840663692,1,validation
accept-d31-east-major_trauma-79,31,0.7615124679443377,0,validation
accept-d31-west-cardiac_event-159,31,0.7846631249671786,0,validation
accept-d31-east-respiratory_distress-95,31,0.773457486159687,1,validation
accept-d31-central-respiratory_distress-143,31,0.8480059757078492,1,validation
accept-d32-north-cardiac_event-0,32,0.9160979846829438,1,validation
accept-d32-west-respiratory_distress-176,32,0.8371058469448937,1,validation
accept-d32-west-major_trauma-160,32,0.9212231718063337,0,validation
accept-d32-central-respiratory_distress-128,32,0.8364518397968141,1,validation
accept-d32-central-cardiac_event-96,32,0.7750571520466669,1,validation
accept-d32-north-respiratory_distress-32,32,0.9120535932967702,1,validation
accept-d32-north-major_trauma-16,32,0.9234486679844854,1,validation
accept-d32-east-cardiac_event-48,32,0.8309153576542171,1,validation
accept-d32-central-major_trauma-112,32,0.8289173233246461,1,validation
accept-d32-east-respiratory_distress-80,32,0.8289158455633606,1,validation
accept-d32-east-major_trauma-64,32,0.8152713537466938,1,validation
accept-d32-west-cardiac_event-144,32,0.7112350701163136,0,validation
accept-d32-central-cardiac_event-97,32,0.7777168674701045,1,validation
accept-d32-north-respiratory_distress-33,32,0.9053102077453549,1,validation
accept-d32-central-respiratory_distress-129,32,0.8527062228446627,1,validation
accept-d32-north-cardiac_event-1,32,0.9124008573793916,1,validation
accept-d32-east-cardiac_event-49,32,0.8291313740183258,1,validation
accept-d32-west-respiratory_distress-177,32,0.7071188991430526,1,validation
accept-d32-west-major_trauma-161,32,0.89616902099277,1,validation
accept-d32-central-major_trauma-113,32,0.8508806301118713,1,validation
accept-d32-east-major_trauma-65,32,0.8310090699604477,1,validation
accept-d32-east-respiratory_distress-81,32,0.8223667476406183,1,validation
accept-d32-west-cardiac_event-145,32,0.7250533318001432,1,validation
accept-d32-north-major_trauma-17,32,0.9072832626143592,1,validation
accept-d32-central-major_trauma-114,32,0.8272322062023789,1,validation
accept-d32-west-major_trauma-162,32,0.9281568511172749,1,validation
accept-d32-east-cardiac_event-50,32,0.8403962261759504,1,validation
accept-d32-north-respiratory_distress-34,32,0.9188797177665022,1,validation
accept-d32-central-respiratory_distress-130,32,0.8137778864286299,0,validation
accept-d32-east-major_trauma-66,32,0.7828219156226304,1,validation
accept-d32-west-respiratory_distress-178,32,0.8533953374495601,1,validation
accept-d32-central-cardiac_event-98,32,0.6868111241220645,1,validation
accept-d32-east-respiratory_distress-82,32,0.8491900826882393,1,validation
accept-d32-north-major_trauma-18,32,0.919268749363344,1,validation
accept-d32-north-cardiac_event-2,32,0.9250984033552423,1,validation
accept-d32-west-cardiac_event-146,32,0.7904038352882428,1,validation
accept-d32-east-major_trauma-67,32,0.816551000749676,1,validation
accept-d32-west-respiratory_distress-179,32,0.8581370532933882,1,validation
accept-d32-north-cardiac_event-3,32,0.9263723813860356,1,validation
accept-d32-west-major_trauma-163,32,0.8724131411964264,1,validation
accept-d32-east-cardiac_event-51,32,0.8548324323873516,1,validation
accept-d32-central-cardiac_event-99,32,0.7583786587497668,1,validation
accept-d32-north-major_trauma-19,32,0.927722374946988,1,validation
accept-d32-west-cardiac_event-147,32,0.7838918756442764,1,validation
accept-d32-north-respiratory_distress-35,32,0.9213352553197548,1,validation
accept-d32-east-respiratory_distress-83,32,0.8515700205555011,0,validation
accept-d32-central-major_trauma-115,32,0.854716249076186,1,validation
accept-d32-central-respiratory_distress-131,32,0.8312425821954315,1,validation
accept-d32-central-major_trauma-116,32,0.8774932886649527,1,validation
accept-d32-east-major_trauma-68,32,0.7562977201555421,1,validation
accept-d32-east-cardiac_event-52,32,0.822560508217827,1,validation
accept-d32-central-cardiac_event-100,32,0.7572262215279697,1,validation
accept-d32-west-cardiac_event-148,32,0.7964536181729293,1,validation
accept-d32-north-respiratory_distress-36,32,0.9014498140197681,0,validation
accept-d32-central-respiratory_distress-132,32,0.8342952934738611,1,validation
accept-d32-west-respiratory_distress-180,32,0.8635643036128922,1,validation
accept-d32-north-cardiac_event-4,32,0.8182150717065176,1,validation
accept-d32-east-respiratory_distress-84,32,0.8543733832903441,1,validation
accept-d32-north-major_trauma-20,32,0.8834963820551405,1,validation
accept-d32-west-major_trauma-164,32,0.8642671803902701,1,validation
accept-d32-central-major_trauma-117,32,0.8094249323095772,1,validation
accept-d32-north-major_trauma-21,32,0.9141945552270091,1,validation
accept-d32-north-respiratory_distress-37,32,0.9036386893211555,1,validation
accept-d32-central-cardiac_event-101,32,0.7638063178711286,0,validation
accept-d32-north-cardiac_event-5,32,0.9210960598012172,1,validation
accept-d32-east-cardiac_event-53,32,0.8612965771489444,1,validation
accept-d32-east-major_trauma-69,32,0.7826846343446796,0,validation
accept-d32-west-major_trauma-165,32,0.8806144058417922,0,validation
accept-d32-west-respiratory_distress-181,32,0.8286319778371052,1,validation
accept-d32-west-cardiac_event-149,32,0.7399715777392996,1,validation
accept-d32-east-respiratory_distress-85,32,0.8040638592123429,1,validation
accept-d32-central-respiratory_distress-133,32,0.7869386922645096,0,validation
accept-d32-west-cardiac_event-150,32,0.7383711699292828,1,validation
accept-d32-north-cardiac_event-6,32,0.9278394395936764,1,validation
accept-d32-east-cardiac_event-54,32,0.8143427834836839,1,validation
accept-d32-east-major_trauma-70,32,0.7272051830533487,0,validation
accept-d32-east-respiratory_distress-86,32,0.7847397721245152,1,validation
accept-d32-central-respiratory_distress-134,32,0.698282620618977,0,validation
accept-d32-west-major_trauma-166,32,0.884911419100116,0,validation
accept-d32-central-cardiac_event-102,32,0.5928297861878573,0,validation
accept-d32-north-major_trauma-22,32,0.9333413048387715,1,validation
accept-d32-west-respiratory_distress-182,32,0.7969178630173747,1,validation
accept-d32-north-respiratory_distress-38,32,0.9261244642290686,1,validation
accept-d32-central-major_trauma-118,32,0.7580774640904393,0,validation
accept-d32-east-cardiac_event-55,32,0.815733205701243,0,validation
accept-d32-west-respiratory_distress-183,32,0.7972132160660936,1,validation
accept-d32-central-cardiac_event-103,32,0.6069248669937536,1,validation
accept-d32-west-cardiac_event-151,32,0.7417921013777626,1,validation
accept-d32-north-respiratory_distress-39,32,0.9192090052930595,1,validation
accept-d32-east-major_trauma-71,32,0.6103433057454368,1,validation
accept-d32-central-major_trauma-119,32,0.8204965455155954,1,validation
accept-d32-east-respiratory_distress-87,32,0.7854157581764522,1,validation
accept-d32-north-major_trauma-23,32,0.9233013905707923,1,validation
accept-d32-central-respiratory_distress-135,32,0.8053921560584032,1,validation
accept-d32-north-cardiac_event-7,32,0.92469175698803,1,validation
accept-d32-west-major_trauma-167,32,0.790379190144492,1,validation
accept-d32-east-cardiac_event-56,32,0.8267040402920414,1,validation
accept-d32-east-respiratory_distress-88,32,0.8242059240494127,0,validation
accept-d32-north-major_trauma-24,32,0.9103271463430728,1,validation
accept-d32-north-respiratory_distress-40,32,0.9202766871585166,1,validation
accept-d32-central-cardiac_event-104,32,0.7759843672401219,1,validation
accept-d32-north-cardiac_event-8,32,0.9276306172474453,1,validation
accept-d32-west-cardiac_event-152,32,0.8075455073057367,1,validation
accept-d32-west-major_trauma-168,32,0.8438500924910777,1,validation
accept-d32-central-major_trauma-120,32,0.8086688435579668,1,validation
accept-d32-east-major_trauma-72,32,0.748065685124371,0,validation
accept-d32-central-respiratory_distress-136,32,0.8387875896154949,1,validation
accept-d32-west-respiratory_distress-184,32,0.8618803208361763,1,validation
accept-d32-central-respiratory_distress-137,32,0.8411578389827861,1,validation
accept-d32-central-major_trauma-121,32,0.8631446197129692,1,validation
accept-d32-central-cardiac_event-105,32,0.7653888730299161,1,validation
accept-d32-east-cardiac_event-57,32,0.737173732960909,1,validation
accept-d32-north-major_trauma-25,32,0.9050598671249194,1,validation
accept-d32-north-respiratory_distress-41,32,0.920768491660263,1,validation
accept-d32-west-cardiac_event-153,32,0.7927493434059175,1,validation
accept-d32-east-major_trauma-73,32,0.8345391273685012,1,validation
accept-d32-west-respiratory_distress-185,32,0.8482016371410844,1,validation
accept-d32-west-major_trauma-169,32,0.7580024493521771,1,validation
accept-d32-north-cardiac_event-9,32,0.9250332621775584,0,validation
accept-d32-east-respiratory_distress-89,32,0.8461155580899441,1,validation
accept-d32-east-cardiac_event-58,32,0.8527454721178311,1,validation
accept-d32-east-major_trauma-74,32,0.8065076933938423,1,validation
accept-d32-west-major_trauma-170,32,0.8177370204073735,1,validation
accept-d32-west-respiratory_distress-186,32,0.859348698224332,1,validation
accept-d32-central-respiratory_distress-138,32,0.8303589062662577,1,validation
accept-d32-north-major_trauma-26,32,0.8090132297734905,1,validation
accept-d32-north-respiratory_distress-42,32,0.8834584300545525,1,validation
accept-d32-north-cardiac_event-10,32,0.906680186811562,1,validation
accept-d32-central-major_trauma-122,32,0.8955598684273902,1,validation
accept-d32-east-respiratory_distress-90,32,0.845341454147932,1,validation
accept-d32-central-cardiac_event-106,32,0.7707199010806812,0,validation
accept-d32-west-cardiac_event-154,32,0.7981780693792914,1,validation
accept-d32-west-cardiac_event-155,32,0.7986641849738242,1,validation
accept-d32-north-cardiac_event-11,32,0.910179122699084,1,validation
accept-d32-east-cardiac_event-59,32,0.8606364073403674,1,validation
accept-d32-east-respiratory_distress-91,32,0.8451095614760004,1,validation
accept-d32-west-respiratory_distress-187,32,0.8544983846589175,1,validation
accept-d32-central-major_trauma-123,32,0.8732886700098335,1,validation
accept-d32-north-respiratory_distress-43,32,0.902873631365831,1,validation
accept-d32-east-major_trauma-75,32,0.7712069897770887,1,validation
accept-d32-north-major_trauma-27,32,0.8895849413771241,1,validation
accept-d32-central-respiratory_distress-139,32,0.805694634058022,1,validation
accept-d32-west-major_trauma-171,32,0.826325501150246,1,validation
accept-d32-central-cardiac_event-107,32,0.7629153324417126,0,validation
accept-d32-west-respiratory_distress-188,32,0.8644350006751239,1,validation
accept-d32-central-major_trauma-124,32,0.8865345839763722,1,validation
accept-d32-central-respiratory_distress-140,32,0.8104096638233476,1,validation
accept-d32-north-cardiac_event-12,32,0.9087519154364478,1,validation
accept-d32-north-major_trauma-28,32,0.921285525652229,1,validation
accept-d32-north-respiratory_distress-44,32,0.9064817509240813,1,validation
accept-d32-central-cardiac_event-108,32,0.7359170733022847,1,validation
accept-d32-east-cardiac_event-60,32,0.847459946908125,0,validation
accept-d32-west-major_trauma-172,32,0.8311501339158593,1,validation
accept-d32-east-major_trauma-76,32,0.6927125213985963,1,validation
accept-d32-west-cardiac_event-156,32,0.7947925395417771,1,validation
accept-d32-east-respiratory_distress-92,32,0.7875802514220518,1,validation
accept-d32-central-respiratory_distress-141,32,0.8349935638303441,1,validation
accept-d32-north-major_trauma-29,32,0.9085277747347708,0,validation
accept-d32-east-major_trauma-77,32,0.8232103582396463,1,validation
accept-d32-east-cardiac_event-61,32,0.8251864812337993,1,validation
accept-d32-west-cardiac_event-157,32,0.7959159059515185,0,validation
accept-d32-central-major_trauma-125,32,0.8656598091985396,0,validation
accept-d32-north-cardiac_event-13,32,0.89460294856418,1,validation
accept-d32-west-respiratory_distress-189,32,0.8128690300333833,1,validation
accept-d32-east-respiratory_distress-93,32,0.8293617964150661,1,validation
accept-d32-west-major_trauma-173,32,0.7318676066643501,1,validation
accept-d32-central-cardiac_event-109,32,0.6915682088873184,1,validation
accept-d32-north-respiratory_distress-45,32,0.864831832147392,1,validation
accept-d32-west-major_trauma-174,32,0.7720002890702934,1,validation
accept-d32-east-major_trauma-78,32,0.7725650166551243,1,validation
accept-d32-north-cardiac_event-14,32,0.9130317488678424,1,validation
accept-d32-west-cardiac_event-158,32,0.7888213158104367,1,validation
accept-d32-east-cardiac_event-62,32,0.8556564325395996,1,validation
accept-d32-east-respiratory_distress-94,32,0.8332317121140044,1,validation
accept-d32-north-major_trauma-30,32,0.8880827718975216,0,validation
accept-d32-north-respiratory_distress-46,32,0.877897386829616,1,validation
accept-d32-central-respiratory_distress-142,32,0.8299076776832631,1,validation
accept-d32-central-cardiac_event-110,32,0.7444642473543429,1,validation
accept-d32-central-major_trauma-126,32,0.8528828031341372,1,validation
accept-d32-west-respiratory_distress-190,32,0.8452358462829858,1,validation
accept-d32-west-major_trauma-175,32,0.8237934331846354,1,validation
accept-d32-central-cardiac_event-111,32,0.7535587081306928,1,validation
accept-d32-north-major_trauma-31,32,0.8463712908395084,1,validation
accept-d32-central-major_trauma-127,32,0.8438290113678619,0,validation
accept-d32-east-major_trauma-79,32,0.7992003932715263,0,validation
accept-d32-east-respiratory_distress-95,32,0.7062639723622172,1,validation
accept-d32-east-cardiac_event-63,32,0.7795650859794139,1,validation
accept-d32-north-cardiac_event-15,32,0.918339196355147,1,validation
accept-d32-central-respiratory_distress-143,32,0.7906892533017712,1,validation
accept-d32-north-respiratory_distress-47,32,0.9168217251363981,1,validation
accept-d32-west-cardiac_event-159,32,0.7801603249211995,1,validation
accept-d32-west-respiratory_distress-191,32,0.8498005053812088,0,validation
accept-d33-north-cardiac_event-0,33,0.8928745577559078,1,validation
accept-d33-west-respiratory_distress-176,33,0.8447673277188318,1,validation
accept-d33-east-cardiac_event-48,33,0.8306752290923112,1,validation
accept-d33-central-respiratory_distress-128,33,0.855051841733613,1,validation
accept-d33-east-respiratory_distress-80,33,0.8437921750320578,0,validation
accept-d33-central-major_trauma-112,33,0.8813977831161393,1,validation
accept-d33-west-major_trauma-160,33,0.8602296169175025,1,validation
accept-d33-north-respiratory_distress-32,33,0.8670576716491503,1,validation
accept-d33-central-cardiac_event-96,33,0.810037678924062,1,validation
accept-d33-north-major_trauma-16,33,0.8710510125947005,1,validation
accept-d33-west-cardiac_event-144,33,0.7850077228534115,1,validation
accept-d33-east-major_trauma-64,33,0.6572932383845352,1,validation
accept-d33-east-major_trauma-65,33,0.6932279216008409,1,validation
accept-d33-east-cardiac_event-49,33,0.8150434556086994,0,validation
accept-d33-north-cardiac_event-1,33,0.8800983642459304,1,validation
accept-d33-west-respiratory_distress-177,33,0.8543629646442913,1,validation
accept-d33-central-cardiac_event-97,33,0.8097272955294291,1,validation
accept-d33-north-respiratory_distress-33,33,0.8689999151577661,1,validation
accept-d33-central-major_trauma-113,33,0.850383182395309,1,validation
accept-d33-west-cardiac_event-145,33,0.7839187511293518,1,validation
accept-d33-north-major_trauma-17,33,0.8963849882925556,1,validation
accept-d33-west-major_trauma-161,33,0.8020354745037346,0,validation
accept-d33-central-respiratory_distress-129,33,0.8807972004760805,1,validation
accept-d33-east-respiratory_distress-81,33,0.8026401051996604,1,validation
accept-d33-north-major_trauma-18,33,0.8735421566083565,1,validation
accept-d33-central-respiratory_distress-130,33,0.8757892738864679,1,validation
accept-d33-west-cardiac_event-146,33,0.7477531428595694,1,validation
accept-d33-east-major_trauma-66,33,0.7896170878183336,1,validation
accept-d33-west-respiratory_distress-178,33,0.80734876392877,1,validation
accept-d33-north-cardiac_event-2,33,0.8845482867281711,1,validation
accept-d33-east-cardiac_event-50,33,0.8445104146978007,1,validation
accept-d33-west-major_trauma-162,33,0.811308566186997,1,validation
accept-d33-east-respiratory_distress-82,33,0.835235454394434,1,validation
accept-d33-north-respiratory_distress-34,33,0.8836458221220649,1,validation
accept-d33-central-major_trauma-114,33,0.8489633075743842,1,validation
accept-d33-central-cardiac_event-98,33,0.8127309080331063,1,validation
accept-d33-central-respiratory_distress-131,33,0.8842311045178923,1,validation
accept-d33-north-respiratory_distress-35,33,0.8752625351696257,1,validation
accept-d33-west-major_trauma-163,33,0.8577860222633186,0,validation
accept-d33-east-respiratory_distress-83,33,0.830516564170154,1,validation
accept-d33-east-cardiac_event-51,33,0.844522118378105,1,validation
accept-d33-east-major_trauma-67,33,0.8162904479524736,1,validation
accept-d33-north-major_trauma-19,33,0.85961821094419,1,validation
accept-d33-west-respiratory_distress-179,33,0.80831712480158,1,validation
accept-d33-central-cardiac_event-99,33,0.7782706145700687,1,validation
accept-d33-central-major_trauma-115,33,0.8648576914982896,1,validation
accept-d33-north-cardiac_event-3,33,0.8904830945411751,1,validation
accept-d33-west-cardiac_event-147,33,0.708598712081633,0,validation
accept-d33-east-major_trauma-68,33,0.722875606483349,1,validation
accept-d33-west-respiratory_distress-180,33,0.7912737801583863,1,validation
accept-d33-east-respiratory_distress-84,33,0.8413454101208734,1,validation
accept-d33-central-major_trauma-116,33,0.8659183205229298,1,validation
accept-d33-central-respiratory_distress-132,33,0.8269800639784611,1,validation
accept-d33-central-cardiac_event-100,33,0.7731392950714095,1,validation
accept-d33-east-cardiac_event-52,33,0.8522415979806747,0,validation
accept-d33-north-respiratory_distress-36,33,0.8843273376638902,1,validation
accept-d33-west-cardiac_event-148,33,0.7569767349652766,1,validation
accept-d33-west-major_trauma-164,33,0.8272732891305409,1,validation
accept-d33-north-cardiac_event-4,33,0.8844241535142302,1,validation
accept-d33-north-major_trauma-20,33,0.8924086788443961,1,validation
accept-d33-central-respiratory_distress-133,33,0.8323692932421644,1,validation
accept-d33-central-cardiac_event-101,33,0.7722098982620559,0,validation
accept-d33-west-major_trauma-165,33,0.8131086244293719,1,validation
accept-d33-east-cardiac_event-53,33,0.8243546143612707,0,validation
accept-d33-north-respiratory_distress-37,33,0.879909606065274,1,validation
accept-d33-west-cardiac_event-149,33,0.8268303821985497,1,validation
accept-d33-east-major_trauma-69,33,0.5807377585792961,1,validation
accept-d33-central-major_trauma-117,33,0.7908446040555341,1,validation
accept-d33-north-major_trauma-21,33,0.8653584962536193,1,validation
accept-d33-east-respiratory_distress-85,33,0.7887282741921058,0,validation
accept-d33-west-respiratory_distress-181,33,0.8761791120274968,1,validation
accept-d33-north-cardiac_event-5,33,0.8956821178280931,1,validation
accept-d33-west-respiratory_distress-182,33,0.881075568100812,0,validation
accept-d33-central-respiratory_distress-134,33,0.7573884855004993,0,validation
accept-d33-west-major_trauma-166,33,0.7550926197344944,1,validation
accept-d33-central-major_trauma-118,33,0.8250044342566968,1,validation
accept-d33-east-respiratory_distress-86,33,0.704175177425907,0,validation
accept-d33-east-major_trauma-70,33,0.6564496649083631,0,validation
accept-d33-north-respiratory_distress-38,33,0.8804124544347935,1,validation
accept-d33-west-cardiac_event-150,33,0.7753350603306224,0,validation
accept-d33-central-cardiac_event-102,33,0.6652165726669433,1,validation
accept-d33-east-cardiac_event-54,33,0.7279505083535986,1,validation
accept-d33-north-major_trauma-22,33,0.8882261816199251,1,validation
accept-d33-north-cardiac_event-6,33,0.8909936553191915,1,validation
accept-d33-west-cardiac_event-151,33,0.7222568147871846,1,validation
accept-d33-east-major_trauma-71,33,0.6511818858910394,1,validation
accept-d33-central-cardiac_event-103,33,0.7163329737975843,1,validation
accept-d33-north-cardiac_event-7,33,0.8942021797928478,1,validation
accept-d33-east-respiratory_distress-87,33,0.8510720465594341,1,validation
accept-d33-east-cardiac_event-55,33,0.8561531476996835,1,validation
accept-d33-west-respiratory_distress-183,33,0.823437212791712,1,validation
accept-d33-north-major_trauma-23,33,0.9152200390135213,1,validation
accept-d33-central-respiratory_distress-135,33,0.8345554484680411,0,validation
accept-d33-central-major_trauma-119,33,0.7973309929408855,1,validation
accept-d33-north-respiratory_distress-39,33,0.8890458723336712,0,validation
accept-d33-west-major_trauma-167,33,0.8468664333383418,1,validation
accept-d33-east-major_trauma-72,33,0.7953788616844745,0,validation
accept-d33-north-respiratory_distress-40,33,0.8553725116002766,1,validation
accept-d33-north-cardiac_event-8,33,0.8641194719500109,1,validation
accept-d33-central-respiratory_distress-136,33,0.7885092498270767,1,validation
accept-d33-west-respiratory_distress-184,33,0.852366780532433,1,validation
accept-d33-central-cardiac_event-104,33,0.7240802047912687,0,validation
accept-d33-north-major_trauma-24,33,0.8945818058639707,1,validation
accept-d33-east-respiratory_distress-88,33,0.7862980996196024,1,validation
accept-d33-west-cardiac_event-152,33,0.7865188822777637,1,validation
accept-d33-central-major_trauma-120,33,0.762753096530625,1,validation
accept-d33-east-cardiac_event-56,33,0.8087487998641341,0,validation
accept-d33-west-major_trauma-168,33,0.7962611591605351,1,validation
accept-d33-west-respiratory_distress-185,33,0.8622767446315953,1,validation
accept-d33-east-respiratory_distress-89,33,0.7828028434684057,1,validation
accept-d33-north-respiratory_distress-41,33,0.8836847641152954,1,validation
accept-d33-central-cardiac_event-105,33,0.7124701294970468,1,validation
accept-d33-west-cardiac_event-153,33,0.7960545865468196,1,validation
accept-d33-north-major_trauma-25,33,0.8951345678740973,1,validation
accept-d33-east-major_trauma-73,33,0.7641614918548908,0,validation
accept-d33-central-respiratory_distress-137,33,0.833881696477359,1,validation
accept-d33-north-cardiac_event-9,33,0.8910004862868378,1,validation
accept-d33-central-major_trauma-121,33,0.8647060367553482,1,validation
accept-d33-east-cardiac_event-57,33,0.810253147306633,1,validation
accept-d33-west-major_trauma-169,33,0.7631515064133801,0,validation
accept-d33-east-cardiac_event-58,33,0.8210928615584028,1,validation
accept-d33-east-major_trauma-74,33,0.8325878329454853,1,validation
accept-d33-central-respiratory_distress-138,33,0.8378349938107398,1,validation
accept-d33-central-cardiac_event-106,33,0.768435334199709,0,validation
accept-d33-west-major_trauma-170,33,0.7255767757033945,0,validation
accept-d33-east-respiratory_distress-90,33,0.8282545147759962,1,validation
accept-d33-west-respiratory_distress-186,33,0.7375126425118278,1,validation
accept-d33-north-cardiac_event-10,33,0.8908961844786301,1,validation
accept-d33-north-major_trauma-26,33,0.9145303827951091,1,validation
accept-d33-north-respiratory_distress-42,33,0.8873499508212648,1,validation
accept-d33-central-major_trauma-122,33,0.8607136241002246,1,validation
accept-d33-west-cardiac_event-154,33,0.7061935477818656,1,validation
accept-d33-central-cardiac_event-107,33,0.7231976685657465,1,validation
accept-d33-east-respiratory_distress-91,33,0.8476858714790477,1,validation
accept-d33-north-respiratory_distress-43,33,0.8894597753820391,1,validation
accept-d33-central-respiratory_distress-139,33,0.8413312469273686,1,validation
accept-d33-central-major_trauma-123,33,0.8364188985960055,1,validation
accept-d33-east-major_trauma-75,33,0.7821122169901115,0,validation
accept-d33-east-cardiac_event-59,33,0.790853746564031,0,validation
accept-d33-west-major_trauma-171,33,0.8547767328676962,1,validation
accept-d33-north-cardiac_event-11,33,0.8911225984599433,1,validation
accept-d33-north-major_trauma-27,33,0.9058327621713923,1,validation
accept-d33-west-cardiac_event-155,33,0.7899543315914874,1,validation
accept-d33-west-respiratory_distress-187,33,0.8621421761973473,1,validation
accept-d33-east-cardiac_event-60,33,0.7663242420421803,1,validation
accept-d33-central-respiratory_distress-140,33,0.8338984934169054,1,validation
accept-d33-north-respiratory_distress-44,33,0.8754495900592036,1,validation
accept-d33-central-cardiac_event-108,33,0.7738695553211774,1,validation
accept-d33-east-major_trauma-76,33,0.6998683550203662,1,validation
accept-d33-north-cardiac_event-12,33,0.8813360261906578,1,validation
accept-d33-west-respiratory_distress-188,33,0.8528428356006325,1,validation
accept-d33-central-major_trauma-124,33,0.8373881335625829,1,validation
accept-d33-west-major_trauma-172,33,0.8325829306719396,1,validation
accept-d33-east-respiratory_distress-92,33,0.8018333149195707,1,validation
accept-d33-west-cardiac_event-156,33,0.7916777732018178,1,validation
accept-d33-north-major_trauma-28,33,0.9089511759250243,1,validation
accept-d33-east-cardiac_event-61,33,0.8488742609887249,1,validation
accept-d33-north-major_trauma-29,33,0.8807720270898409,1,validation
accept-d33-central-cardiac_event-109,33,0.7569375377133063,1,validation
accept-d33-west-cardiac_event-157,33,0.7948242880421708,1,validation
accept-d33-north-cardiac_event-13,33,0.8846304681702472,1,validation
accept-d33-central-major_trauma-125,33,0.8159293084238844,1,validation
accept-d33-west-major_trauma-173,33,0.8648818505169195,1,validation
accept-d33-central-respiratory_distress-141,33,0.8356846719179551,1,validation
accept-d33-north-respiratory_distress-45,33,0.8949746386449879,1,validation
accept-d33-east-major_trauma-77,33,0.7454966659587655,1,validation
accept-d33-west-respiratory_distress-189,33,0.8455773556852602,1,validation
accept-d33-east-respiratory_distress-93,33,0.8435336664292251,1,validation
accept-d33-central-cardiac_event-110,33,0.7688010112281869,1,validation
accept-d33-north-respiratory_distress-46,33,0.8908250877402074,1,validation
accept-d33-east-respiratory_distress-94,33,0.8418619030405652,1,validation
accept-d33-central-major_trauma-126,33,0.837558983589964,1,validation
accept-d33-central-respiratory_distress-142,33,0.8374791842805034,1,validation
accept-d33-east-major_trauma-78,33,0.7525114085576726,1,validation
accept-d33-west-cardiac_event-158,33,0.7609725807899144,1,validation
accept-d33-north-cardiac_event-14,33,0.8993086199161018,1,validation
accept-d33-north-major_trauma-30,33,0.8944594582945798,1,validation
accept-d33-west-respiratory_distress-190,33,0.8369497569146004,1,validation
accept-d33-east-cardiac_event-62,33,0.8406028683123554,1,validation
accept-d33-west-major_trauma-174,33,0.8867190707579156,1,validation
accept-d33-west-major_trauma-175,33,0.8702527283852992,1,validation
accept-d33-central-cardiac_event-111,33,0.7454506985028524,1,validation
accept-d33-central-respiratory_distress-143,33,0.8236007227030081,1,validation
accept-d33-west-respiratory_distress-191,33,0.8509746228311477,1,validation
accept-d33-north-cardiac_event-15,33,0.8979805950192687,1,validation
accept-d33-north-respiratory_distress-47,33,0.8877360820037239,1,validation
accept-d33-central-major_trauma-127,33,0.8531444024344162,1,validation
accept-d33-east-respiratory_distress-95,33,0.8305177144391275,1,validation
accept-d33-east-major_trauma-79,33,0.7759150996900543,0,validation
accept-d33-north-major_trauma-31,33,0.8622121712296382,1,validation
accept-d33-west-cardiac_event-159,33,0.7750780356751207,1,validation
accept-d33-east-cardiac_event-63,33,0.7836547127060303,1,validation
accept-d34-east-cardiac_event-48,34,0.8337995370477909,1,validation
accept-d34-west-major_trauma-160,34,0.877469413647436,0,validation
accept-d34-west-respiratory_distress-176,34,0.7231309292025208,1,validation
accept-d34-north-major_trauma-16,34,0.9346692549231351,1,validation
accept-d34-east-major_trauma-64,34,0.8107124836243114,1,validation
accept-d34-central-major_trauma-112,34,0.804351343200414,1,validation
accept-d34-central-respiratory_distress-128,34,0.822487797162253,1,validation
accept-d34-central-cardiac_event-96,34,0.7441248541587906,1,validation
accept-d34-east-respiratory_distress-80,34,0.8351254897090208,1,validation
accept-d34-north-cardiac_event-0,34,0.886439628742405,1,validation
accept-d34-west-cardiac_event-144,34,0.6968532885570676,0,validation
accept-d34-north-respiratory_distress-32,34,0.8814216140137004,1,validation
accept-d34-east-cardiac_event-49,34,0.8500849839966065,0,validation
accept-d34-north-respiratory_distress-33,34,0.880019339057653,0,validation
accept-d34-central-cardiac_event-97,34,0.7435100782070577,1,validation
accept-d34-central-major_trauma-113,34,0.8015388307083995,1,validation
accept-d34-east-respiratory_distress-81,34,0.8033428865435275,1,validation
accept-d34-west-major_trauma-161,34,0.8451318381528758,1,validation
accept-d34-central-respiratory_distress-129,34,0.8198679387092755,1,validation
accept-d34-west-respiratory_distress-177,34,0.7835281884205724,1,validation
accept-d34-east-major_trauma-65,34,0.7241527146787976,1,validation
accept-d34-north-cardiac_event-1,34,0.8489768584982411,1,validation
accept-d34-north-major_trauma-17,34,0.952865222966678,1,validation
accept-d34-west-cardiac_event-145,34,0.7940427551605085,1,validation
accept-d34-central-major_trauma-114,34,0.8364004689928474,1,validation
accept-d34-west-cardiac_event-146,34,0.7956845936725075,1,validation
accept-d34-east-major_trauma-66,34,0.8031270887061686,1,validation
accept-d34-north-cardiac_event-2,34,0.8884178491867297,1,validation
accept-d34-east-respiratory_distress-82,34,0.8686199998504379,1,validation
accept-d34-east-cardiac_event-50,34,0.8726866878438188,1,validation
accept-d34-central-respiratory_distress-130,34,0.833512686467429,1,validation
accept-d34-west-respiratory_distress-178,34,0.8686019665089875,1,validation
accept-d34-west-major_trauma-162,34,0.846088650631104,0,validation
accept-d34-north-respiratory_distress-34,34,0.8758195936415041,1,validation
accept-d34-north-major_trauma-18,34,0.9330950773993292,0,validation
accept-d34-central-cardiac_event-98,34,0.7630591260284753,0,validation
accept-d34-west-cardiac_event-147,34,0.7459081685407867,1,validation
accept-d34-central-respiratory_distress-131,34,0.773018127781072,1,validation
accept-d34-east-major_trauma-67,34,0.8092589557619313,1,validation
accept-d34-central-cardiac_event-99,34,0.721323280275179,0,validation
accept-d34-east-respiratory_distress-83,34,0.8704840648048603,1,validation
accept-d34-north-cardiac_event-3,34,0.844045557965887,1,validation
accept-d34-central-major_trauma-115,34,0.7019813741150364,0,validation
accept-d34-north-respiratory_distress-35,34,0.8473050032898879,1,validation
accept-d34-west-respiratory_distress-179,34,0.828049126970866,1,validation
accept-d34-east-cardiac_event-51,34,0.8692249532530425,1,validation
accept-d34-north-major_trauma-19,34,0.8812953792961394,1,validation
accept-d34-west-major_trauma-163,34,0.8541479551602552,1,validation
accept-d34-west-respiratory_distress-180,34,0.8725153074273702,1,validation
accept-d34-north-respiratory_distress-36,34,0.884933456669706,1,validation
accept-d34-west-cardiac_event-148,34,0.8168854289170236,1,validation
accept-d34-east-respiratory_distress-84,34,0.8616907472345747,0,validation
accept-d34-central-cardiac_event-100,34,0.5910511216252201,1,validation
accept-d34-central-respiratory_distress-132,34,0.7749211707758527,1,validation
accept-d34-central-major_trauma-116,34,0.7924991560695174,1,validation
accept-d34-north-major_trauma-20,34,0.9070842166819841,0,validation
accept-d34-east-cardiac_event-52,34,0.8248914696401095,1,validation
accept-d34-west-major_trauma-164,34,0.8368823248651287,1,validation
accept-d34-north-cardiac_event-4,34,0.8079805270411585,1,validation
accept-d34-east-major_trauma-68,34,0.7371805955627632,1,validation
accept-d34-west-respiratory_distress-181,34,0.8783535415220363,1,validation
accept-d34-north-cardiac_event-5,34,0.822179858720057,0,validation
accept-d34-east-major_trauma-69,34,0.7811079436998414,1,validation
accept-d34-north-respiratory_distress-37,34,0.7890768922872538,1,validation
accept-d34-central-major_trauma-117,34,0.8609065874567382,1,validation
accept-d34-west-major_trauma-165,34,0.8716670464611828,1,validation
accept-d34-east-respiratory_distress-85,34,0.8644807664580458,1,validation
accept-d34-central-respiratory_distress-133,34,0.8417615329819664,1,validation
accept-d34-north-major_trauma-21,34,0.8593278316243627,1,validation
accept-d34-east-cardiac_event-53,34,0.8804585762565457,1,validation
accept-d34-west-cardiac_event-149,34,0.8244061179658662,1,validation
accept-d34-central-cardiac_event-101,34,0.768526312746096,1,validation
accept-d34-north-respiratory_distress-38,34,0.8310775993483819,1,validation
accept-d34-west-respiratory_distress-182,34,0.8805519962055266,1,validation
accept-d34-central-major_trauma-118,34,0.8575866193995729,1,validation
accept-d34-west-cardiac_event-150,34,0.8244589513634845,0,validation
accept-d34-north-cardiac_event-6,34,0.8708156467739171,1,validation
accept-d34-east-respiratory_distress-86,34,0.8725819367356954,1,validation
accept-d34-east-cardiac_event-54,34,0.8776297040105759,1,validation
accept-d34-north-major_trauma-22,34,0.9259380613263182,1,validation
accept-d34-east-major_trauma-70,34,0.8173782941436454,1,validation
accept-d34-central-respiratory_distress-134,34,0.8275483477461297,1,validation
accept-d34-central-cardiac_event-102,34,0.7466115806313756,1,validation
accept-d34-west-major_trauma-166,34,0.7799464872920204,1,validation
accept-d34-central-respiratory_distress-135,34,0.8365865724974608,1,validation
accept-d34-north-major_trauma-23,34,0.9144880924825354,1,validation
accept-d34-west-respiratory_distress-183,34,0.876887894673123,1,validation
accept-d34-north-respiratory_distress-39,34,0.8728835452336519,1,validation
accept-d34-central-cardiac_event-103,34,0.7649754917790798,1,validation
accept-d34-west-major_trauma-167,34,0.8716290081355568,1,validation
accept-d34-central-major_trauma-119,34,0.8573805669351221,1,validation
accept-d34-north-cardiac_event-7,34,0.8741300181476044,1,validation
accept-d34-east-major_trauma-71,34,0.800769190239463,0,validation
accept-d34-west-cardiac_event-151,34,0.8253417256753663,1,validation
accept-d34-east-respiratory_distress-87,34,0.7482174852773107,1,validation
accept-d34-east-cardiac_event-55,34,0.8312265961867099,1,validation
accept-d34-west-respiratory_distress-184,34,0.876877491900398,0,validation
accept-d34-central-cardiac_event-104,34,0.7635321162755547,1,validation
accept-d34-central-major_trauma-120,34,0.8335894599152422,1,validation
accept-d34-west-cardiac_event-152,34,0.7951212081422688,0,validation
accept-d34-north-major_trauma-24,34,0.8979066392489016,1,validation
accept-d34-north-respiratory_distress-40,34,0.8876109487773657,1,validation
accept-d34-east-respiratory_distress-88,34,0.8348491101130325,1,validation
accept-d34-east-major_trauma-72,34,0.7408450568301507,1,validation
accept-d34-north-cardiac_event-8,34,0.8871659329984946,1,validation
accept-d34-central-respiratory_distress-136,34,0.8500403559117475,0,validation
accept-d34-east-cardiac_event-56,34,0.8789178054908835,1,validation
accept-d34-west-major_trauma-168,34,0.6385458786466579,1,validation
accept-d34-central-cardiac_event-105,34,0.6936082859095783,0,validation
accept-d34-central-respiratory_distress-137,34,0.6929013136263715,1,validation
accept-d34-west-cardiac_event-153,34,0.8197398465660658,1,validation
accept-d34-east-cardiac_event-57,34,0.8762919963338316,1,validation
accept-d34-north-major_trauma-25,34,0.8953374739939546,1,validation
accept-d34-north-respiratory_distress-41,34,0.8827774690555467,1,validation
accept-d34-east-major_trauma-73,34,0.8144760776046212,1,validation
accept-d34-north-cardiac_event-9,34,0.8982328824743989,1,validation
accept-d34-east-respiratory_distress-89,34,0.8782620800964976,1,validation
accept-d34-west-respiratory_distress-185,34,0.8730395124726913,1,validation
accept-d34-west-major_trauma-169,34,0.7945384475674551,0,validation
accept-d34-central-major_trauma-121,34,0.7591100919920839,0,validation
accept-d34-west-cardiac_event-154,34,0.7801813516854001,1,validation
accept-d34-west-respiratory_distress-186,34,0.8390363682886885,0,validation
accept-d34-north-major_trauma-26,34,0.9140872631913608,0,validation
accept-d34-central-respiratory_distress-138,34,0.7328237398209646,0,validation
accept-d34-north-cardiac_event-10,34,0.8234401412856674,1,validation
accept-d34-east-respiratory_distress-90,34,0.8432908639132175,1,validation
accept-d34-central-cardiac_event-106,34,0.588524381149655,1,validation
accept-d34-central-major_trauma-122,34,0.7368824680305937,1,validation
accept-d34-east-cardiac_event-58,34,0.8528115176904669,1,validation
accept-d34-north-respiratory_distress-42,34,0.820882984155632,1,validation
accept-d34-east-major_trauma-74,34,0.8261025175660407,1,validation
accept-d34-west-major_trauma-170,34,0.7704019829662595,1,validation
accept-d34-central-major_trauma-123,34,0.7844006933158489,1,validation
accept-d34-east-cardiac_event-59,34,0.8602999316228878,1,validation
accept-d34-central-cardiac_event-107,34,0.7262970808165228,0,validation
accept-d34-north-respiratory_distress-43,34,0.8732542681280835,1,validation
accept-d34-east-major_trauma-75,34,0.8393182434813353,0,validation
accept-d34-central-respiratory_distress-139,34,0.7831428327718842,1,validation
accept-d34-east-respiratory_distress-91,34,0.8316631247015402,1,validation
accept-d34-north-cardiac_event-11,34,0.881085082433379,1,validation
accept-d34-west-cardiac_event-155,34,0.8490609071116848,1,validation
accept-d34-west-respiratory_distress-187,34,0.8927469445645679,0,validation
accept-d34-north-major_trauma-27,34,0.9214170037641565,1,validation
accept-d34-west-major_trauma-171,34,0.7608465727926575,0,validation
accept-d34-east-respiratory_distress-92,34,0.7909295062607008,0,validation
accept-d34-north-cardiac_event-12,34,0.8710202527594052,1,validation
accept-d34-east-major_trauma-76,34,0.6317200410164717,1,validation
accept-d34-east-cardiac_event-60,34,0.800492299736157,1,validation
accept-d34-central-cardiac_event-108,34,0.7562573751860506,1,validation
accept-d34-west-major_trauma-172,34,0.6670663987935056,1,validation
accept-d34-central-major_trauma-124,34,0.8608123649500794,1,validation
accept-d34-west-respiratory_distress-188,34,0.8401717007714353,1,validation
accept-d34-north-respiratory_distress-44,34,0.8591043319159889,1,validation
accept-d34-central-respiratory_distress-140,34,0.8325752202863468,1,validation
accept-d34-north-major_trauma-28,34,0.9297266317574095,1,validation
accept-d34-west-cardiac_event-156,34,0.8454351516228944,1,validation
accept-d34-east-respiratory_distress-93,34,0.8504455549726894,1,validation
accept-d34-north-major_trauma-29,34,0.9220297710744921,1,validation
accept-d34-west-major_trauma-173,34,0.8082324681021116,0,validation
accept-d34-west-respiratory_distress-189,34,0.8692859525440882,0,validation
accept-d34-north-cardiac_event-13,34,0.8593419921512121,1,validation
accept-d34-west-cardiac_event-157,34,0.7925918935001126,1,validation
accept-d34-central-cardiac_event-109,34,0.7504161995560809,1,validation
accept-d34-north-respiratory_distress-45,34,0.8616374794783215,1,validation
accept-d34-east-major_trauma-77,34,0.8019796069154365,1,validation
accept-d34-central-major_trauma-125,34,0.8398466666439574,1,validation
accept-d34-east-cardiac_event-61,34,0.8590189874445097,1,validation
accept-d34-central-respiratory_distress-141,34,0.833913352908875,1,validation
accept-d34-east-major_trauma-78,34,0.7819555233438465,1,validation
accept-d34-north-cardiac_event-14,34,0.8673452050497555,1,validation
accept-d34-west-respiratory_distress-190,34,0.8396991632680941,1,validation
accept-d34-central-cardiac_event-110,34,0.7570725828121502,1,validation
accept-d34-east-cardiac_event-62,34,0.8543425461625933,1,validation
accept-d34-east-respiratory_distress-94,34,0.8422676194791565,1,validation
accept-d34-north-major_trauma-30,34,0.933651426934799,1,validation
accept-d34-west-cardiac_event-158,34,0.8449755786013762,0,validation
accept-d34-central-major_trauma-126,34,0.8677225323619008,1,validation
accept-d34-west-major_trauma-174,34,0.7347153810427962,0,validation
accept-d34-central-respiratory_distress-142,34,0.8308321473667072,1,validation
accept-d34-north-respiratory_distress-46,34,0.8541640294910108,1,validation
accept-d34-east-major_trauma-79,34,0.7961327727637656,1,validation
accept-d34-west-major_trauma-175,34,0.6558159204992065,0,validation
accept-d34-central-respiratory_distress-143,34,0.8246108391743059,1,validation
accept-d34-north-cardiac_event-15,34,0.8722304844341816,1,validation
accept-d34-central-major_trauma-127,34,0.8785921505107318,1,validation
accept-d34-east-respiratory_distress-95,34,0.8350083230405759,1,validation
accept-d34-west-respiratory_distress-191,34,0.806415620599563,1,validation
accept-d34-east-cardiac_event-63,34,0.839927364722992,1,validation
accept-d34-west-cardiac_event-159,34,0.7491600336237979,1,validation
accept-d34-north-respiratory_distress-47,34,0.856323509760367,1,validation
accept-d34-central-cardiac_event-111,34,0.7418420632266306,1,validation
accept-d34-north-major_trauma-31,34,0.9525475180582765,1,validation
accept-d35-east-major_trauma-64,35,0.7857890047725765,1,validation
accept-d35-west-cardiac_event-144,35,0.8426198019060697,1,validation
accept-d35-north-respiratory_distress-32,35,0.8603931290360389,1,validation
accept-d35-north-major_trauma-16,35,0.9306935601928986,1,validation
accept-d35-west-respiratory_distress-176,35,0.8916426652011055,1,validation
accept-d35-central-cardiac_event-96,35,0.7666093660940917,1,validation
accept-d35-east-cardiac_event-48,35,0.8407431520980483,1,validation
accept-d35-west-major_trauma-160,35,0.8712471228838161,1,validation
accept-d35-central-major_trauma-112,35,0.7979508647173379,0,validation
accept-d35-north-cardiac_event-0,35,0.8591293452279071,1,validation
accept-d35-east-respiratory_distress-80,35,0.8454286082876807,1,validation
accept-d35-central-respiratory_distress-128,35,0.790983947540235,0,validation
accept-d35-west-cardiac_event-145,35,0.8506358708643698,1,validation
accept-d35-east-major_trauma-65,35,0.7860931934381981,1,validation
accept-d35-central-cardiac_event-97,35,0.674880688626951,1,validation
accept-d35-west-major_trauma-161,35,0.8961946762022821,1,validation
accept-d35-north-major_trauma-17,35,0.9201677590988876,1,validation
accept-d35-central-major_trauma-113,35,0.7926966649019199,1,validation
accept-d35-north-cardiac_event-1,35,0.860573459492458,1,validation
accept-d35-central-respiratory_distress-129,35,0.7588124607955954,1,validation
accept-d35-north-respiratory_distress-33,35,0.8635615110416833,1,validation
accept-d35-east-respiratory_distress-81,35,0.8367636000086729,1,validation
accept-d35-west-respiratory_distress-177,35,0.9050972880977428,1,validation
accept-d35-east-cardiac_event-49,35,0.8464361250008138,1,validation
accept-d35-west-respiratory_distress-178,35,0.9049308841771556,1,validation
accept-d35-north-cardiac_event-2,35,0.8719183912327096,1,validation
accept-d35-central-cardiac_event-98,35,0.7452219633191017,0,validation
accept-d35-west-major_trauma-162,35,0.8633969824391899,1,validation
accept-d35-east-cardiac_event-50,35,0.8468873414312661,1,validation
accept-d35-north-major_trauma-18,35,0.9329626408294204,1,validation
accept-d35-central-respiratory_distress-130,35,0.7946577832166815,1,validation
accept-d35-central-major_trauma-114,35,0.8198879356669106,1,validation
accept-d35-west-cardiac_event-146,35,0.8536321742004241,1,validation
accept-d35-east-respiratory_distress-82,35,0.8387994528891981,1,validation
accept-d35-north-respiratory_distress-34,35,0.8686662029600618,1,validation
accept-d35-east-major_trauma-66,35,0.8031624590383372,0,validation
accept-d35-central-major_trauma-115,35,0.863972342635146,1,validation
accept-d35-east-cardiac_event-51,35,0.8077458187538947,1,validation
accept-d35-west-cardiac_event-147,35,0.8576267364909805,1,validation
accept-d35-north-respiratory_distress-35,35,0.8715940561232436,1,validation
accept-d35-west-respiratory_distress-179,35,0.9030277359821779,1,validation
accept-d35-west-major_trauma-163,35,0.7893420027047385,1,validation
accept-d35-central-cardiac_event-99,35,0.7562069926394103,1,validation
accept-d35-north-major_trauma-19,35,0.9448679013380742,1,validation
accept-d35-east-respiratory_distress-83,35,0.803798739180165,1,validation
accept-d35-north-cardiac_event-3,35,0.8775891730287589,1,validation
accept-d35-east-major_trauma-67,35,0.7186634814665803,1,validation
accept-d35-central-respiratory_distress-131,35,0.8223331175184287,0,validation
accept-d35-central-cardiac_event-100,35,0.6593956681942442,1,validation
accept-d35-central-major_trauma-116,35,0.8565561532431067,1,validation
accept-d35-east-cardiac_event-52,35,0.8504528562425262,1,validation
accept-d35-east-respiratory_distress-84,35,0.8389922367724421,1,validation
accept-d35-north-cardiac_event-4,35,0.8706823377985258,1,validation
accept-d35-east-major_trauma-68,35,0.7877336877739451,0,validation
accept-d35-west-respiratory_distress-180,35,0.9028944558902062,1,validation
accept-d35-central-respiratory_distress-132,35,0.813747842717344,1,validation
accept-d35-north-respiratory_distress-36,35,0.8622529680471318,1,validation
accept-d35-west-major_trauma-164,35,0.8324145849607129,1,validation
accept-d35-north-major_trauma-20,35,0.9479267740689257,1,validation
accept-d35-west-cardiac_event-148,35,0.8572329970807313,1,validation
accept-d35-west-respiratory_distress-181,35,0.9068064016723985,1,validation
accept-d35-east-respiratory_distress-85,35,0.7061067896048837,0,validation
accept-d35-central-major_trauma-117,35,0.8856476154092727,1,validation
accept-d35-east-cardiac_event-53,35,0.7321007180777636,1,validation
accept-d35-north-major_trauma-21,35,0.913397144915008,1,validation
accept-d35-north-cardiac_event-5,35,0.8604630648141686,1,validation
accept-d35-north-respiratory_distress-37,35,0.8624478303445979,1,validation
accept-d35-east-major_trauma-69,35,0.7698178610409719,1,validation
accept-d35-central-cardiac_event-101,35,0.7441318433723244,0,validation
accept-d35-west-cardiac_event-149,35,0.8618198463836283,1,validation
accept-d35-central-respiratory_distress-133,35,0.7745791332258181,1,validation
accept-d35-west-major_trauma-165,35,0.864326408480415,1,validation
accept-d35-west-respiratory_distress-182,35,0.9045434294167802,1,validation
accept-d35-central-respiratory_distress-134,35,0.7936107955337686,1,validation
accept-d35-east-respiratory_distress-86,35,0.8179775757792087,1,validation
accept-d35-west-major_trauma-166,35,0.8676019131996914,1,validation
accept-d35-central-cardiac_event-102,35,0.7396273432503049,0,validation
accept-d35-east-cardiac_event-54,35,0.8575389438291695,1,validation
accept-d35-east-major_trauma-70,35,0.7774795417189474,1,validation
accept-d35-north-respiratory_distress-38,35,0.8769913626938253,1,validation
accept-d35-north-cardiac_event-6,35,0.8752040510509476,1,validation
accept-d35-west-cardiac_event-150,35,0.8597977044806191,0,validation
accept-d35-central-major_trauma-118,35,0.8656332813286521,1,validation
accept-d35-north-major_trauma-22,35,0.893227921848107,1,validation
accept-d35-west-respiratory_distress-183,35,0.8866195861065059,1,validation
accept-d35-central-respiratory_distress-135,35,0.8041291036375255,0,validation
accept-d35-north-cardiac_event-7,35,0.8785050722365844,1,validation
accept-d35-central-cardiac_event-103,35,0.6601299208384788,1,validation
accept-d35-central-major_trauma-119,35,0.8570932057828817,1,validation
accept-d35-west-cardiac_event-151,35,0.8018063981616758,1,validation
accept-d35-north-respiratory_distress-39,35,0.8740928598396701,1,validation
accept-d35-east-respiratory_distress-87,35,0.838834241664262,1,validation
accept-d35-north-major_trauma-23,35,0.9050877751015735,1,validation
accept-d35-east-cardiac_event-55,35,0.8668286735162656,1,validation
accept-d35-west-major_trauma-167,35,0.916010034711423,1,validation
accept-d35-east-major_trauma-71,35,0.8011917770230793,1,validation
accept-d35-north-cardiac_event-8,35,0.8731813658880256,1,validation
accept-d35-north-major_trauma-24,35,0.9135299130789297,1,validation
accept-d35-central-major_trauma-120,35,0.8427447715698425,1,validation
accept-d35-west-respiratory_distress-184,35,0.9105743147369275,1,validation
accept-d35-central-cardiac_event-104,35,0.7457565078179498,1,validation
accept-d35-west-cardiac_event-152,35,0.8602201124440293,1,validation
accept-d35-east-cardiac_event-56,35,0.854136538222085,1,validation
accept-d35-north-respiratory_distress-40,35,0.8686456404593151,1,validation
accept-d35-east-respiratory_distress-88,35,0.8601061864267654,1,validation
accept-d35-central-respiratory_distress-136,35,0.8494199630165629,1,validation
accept-d35-east-major_trauma-72,35,0.7784049746665732,1,validation
accept-d35-west-major_trauma-168,35,0.8962349363739145,1,validation
accept-d35-east-cardiac_event-57,35,0.85870463876613,1,validation
accept-d35-west-respiratory_distress-185,35,0.8991397010349862,1,validation
accept-d35-west-major_trauma-169,35,0.8661406344060332,1,validation
accept-d35-north-major_trauma-25,35,0.9000861923650837,1,validation
accept-d35-north-respiratory_distress-41,35,0.8544065963894855,1,validation
accept-d35-east-respiratory_distress-89,35,0.8450480193017214,1,validation
accept-d35-central-cardiac_event-105,35,0.7373284770155587,1,validation
accept-d35-east-major_trauma-73,35,0.7951107236843523,1,validation
accept-d35-central-respiratory_distress-137,35,0.8432330718310396,1,validation
accept-d35-west-cardiac_event-153,35,0.8363491218308796,1,validation
accept-d35-central-major_trauma-121,35,0.8373130213043343,0,validation
accept-d35-north-cardiac_event-9,35,0.8745716570710214,1,validation
accept-d35-west-cardiac_event-154,35,0.8451693617983818,1,validation
accept-d35-east-cardiac_event-58,35,0.8831381378259925,1,validation
accept-d35-central-major_trauma-122,35,0.79745307517433,1,validation
accept-d35-north-respiratory_distress-42,35,0.8773531705444528,1,validation
accept-d35-central-cardiac_event-106,35,0.7271623519980772,0,validation
accept-d35-north-major_trauma-26,35,0.8924984014239252,0,validation
accept-d35-west-major_trauma-170,35,0.8682090007805706,0,validation
accept-d35-central-respiratory_distress-138,35,0.7757985414854002,1,validation
accept-d35-east-major_trauma-74,35,0.7912261279177348,1,validation
accept-d35-north-cardiac_event-10,35,0.8412293630479206,1,validation
accept-d35-east-respiratory_distress-90,35,0.8668619781131351,1,validation
accept-d35-west-respiratory_distress-186,35,0.8495117760140954,1,validation
accept-d35-west-respiratory_distress-187,35,0.8605170030618858,1,validation
accept-d35-north-major_trauma-27,35,0.8803963039402309,1,validation
accept-d35-central-cardiac_event-107,35,0.7352844907967508,1,validation
accept-d35-central-major_trauma-123,35,0.8025074078626712,0,validation
accept-d35-east-cardiac_event-59,35,0.8810986949208794,1,validation
accept-d35-east-respiratory_distress-91,35,0.871757707382395,0,validation
accept-d35-east-major_trauma-75,35,0.7849262436917176,1,validation
accept-d35-west-major_trauma-171,35,0.7681918773246896,1,validation
accept-d35-north-respiratory_distress-43,35,0.8691399677151123,1,validation
accept-d35-central-respiratory_distress-139,35,0.8008445328706267,1,validation
accept-d35-west-cardiac_event-155,35,0.867223958294778,1,validation
accept-d35-north-cardiac_event-11,35,0.8684293728672211,1,validation
accept-d35-north-major_trauma-28,35,0.8967176979184875,1,validation
accept-d35-central-major_trauma-124,35,0.81073109027532,0,validation
accept-d35-north-cardiac_event-12,35,0.8676083534205216,1,validation
accept-d35-central-cardiac_event-108,35,0.7158477843269306,1,validation
accept-d35-east-respiratory_distress-92,35,0.8309349746852545,1,validation
accept-d35-east-major_trauma-76,35,0.7886418960861948,1,validation
accept-d35-central-respiratory_distress-140,35,0.8249820521130784,0,validation
accept-d35-west-major_trauma-172,35,0.7844580803723998,1,validation
accept-d35-west-cardiac_event-156,35,0.8537198400637581,1,validation
accept-d35-west-respiratory_distress-188,35,0.9024644618910314,1,validation
accept-d35-north-respiratory_distress-44,35,0.8601814291886065,1,validation
accept-d35-east-cardiac_event-60,35,0.8618436689413633,0,validation
accept-d35-west-cardiac_event-157,35,0.8491029319245016,1,validation
accept-d35-north-respiratory_distress-45,35,0.8626527057998832,1,validation
accept-d35-west-major_trauma-173,35,0.8065834132301194,1,validation
accept-d35-west-respiratory_distress-189,35,0.9120569944529464,1,validation
accept-d35-east-major_trauma-77,35,0.6290980357042593,1,validation
accept-d35-east-respiratory_distress-93,35,0.814318307843456,0,validation
accept-d35-north-major_trauma-29,35,0.9072998583494231,1,validation
accept-d35-central-major_trauma-125,35,0.8702128379614442,1,validation
accept-d35-central-respiratory_distress-141,35,0.8498891838407443,1,validation
accept-d35-east-cardiac_event-61,35,0.8009721113415602,1,validation
accept-d35-central-cardiac_event-109,35,0.7923375970431557,1,validation
accept-d35-north-cardiac_event-13,35,0.8675234761151543,1,validation
accept-d35-east-major_trauma-78,35,0.7307429309813751,1,validation
accept-d35-east-respiratory_distress-94,35,0.8441677513262784,0,validation
accept-d35-north-respiratory_distress-46,35,0.8575967314681069,1,validation
accept-d35-central-respiratory_distress-142,35,0.850837536071532,0,validation
accept-d35-central-cardiac_event-110,35,0.7623990163457581,0,validation
accept-d35-west-major_trauma-174,35,0.8505850623481486,1,validation
accept-d35-west-respiratory_distress-190,35,0.9175420934459133,1,validation
accept-d35-east-cardiac_event-62,35,0.8348549235772105,1,validation
accept-d35-west-cardiac_event-158,35,0.8751017562309282,0,validation
accept-d35-central-major_trauma-126,35,0.8171744513785242,1,validation
accept-d35-north-cardiac_event-14,35,0.872513898747202,1,validation
accept-d35-north-major_trauma-30,35,0.9179003304655943,0,validation
accept-d35-east-respiratory_distress-95,35,0.8085393795675605,1,validation
accept-d35-west-respiratory_distress-191,35,0.8652938101194979,1,validation
accept-d35-north-major_trauma-31,35,0.8522811290108198,1,validation
accept-d35-north-respiratory_distress-47,35,0.8304285924461352,0,validation
accept-d35-west-major_trauma-175,35,0.8122490439853666,1,validation
accept-d35-central-cardiac_event-111,35,0.7879181086944286,0,validation
accept-d35-central-respiratory_distress-143,35,0.7861284481650328,1,validation
accept-d35-east-cardiac_event-63,35,0.8734271900759566,1,validation
accept-d35-central-major_trauma-127,35,0.8007167776276319,1,validation
accept-d35-east-major_trauma-79,35,0.8036855340615969,1,validation
accept-d35-north-cardiac_event-15,35,0.7906319450002425,1,validation
accept-d35-west-cardiac_event-159,35,0.8428549611532765,1,validation
accept-d36-west-major_trauma-160,36,0.8922736311930005,1,validation
accept-d36-east-major_trauma-64,36,0.7491239430078726,1,validation
accept-d36-east-respiratory_distress-80,36,0.827201164959651,1,validation
accept-d36-north-cardiac_event-0,36,0.8498578567500641,1,validation
accept-d36-east-cardiac_event-48,36,0.83997234699722,1,validation
accept-d36-north-respiratory_distress-32,36,0.8545954223021551,1,validation
accept-d36-north-major_trauma-16,36,0.913644498115514,0,validation
accept-d36-central-respiratory_distress-128,36,0.8082028587834627,1,validation
accept-d36-central-major_trauma-112,36,0.8273672507094316,0,validation
accept-d36-central-cardiac_event-96,36,0.6739960297743451,0,validation
accept-d36-west-respiratory_distress-176,36,0.863835174978614,1,validation
accept-d36-west-cardiac_event-144,36,0.798475838099161,1,validation
accept-d36-east-respiratory_distress-81,36,0.8373669288014286,0,validation
accept-d36-central-major_trauma-113,36,0.7967622530155168,1,validation
accept-d36-north-cardiac_event-1,36,0.8234659954821213,1,validation
accept-d36-north-major_trauma-17,36,0.9060173471174924,1,validation
accept-d36-east-major_trauma-65,36,0.6981408199982486,1,validation
accept-d36-north-respiratory_distress-33,36,0.8229153729664154,1,validation
accept-d36-central-cardiac_event-97,36,0.6658544230539608,0,validation
accept-d36-west-cardiac_event-145,36,0.8036855371301984,0,validation
accept-d36-central-respiratory_distress-129,36,0.7570265977425471,1,validation
accept-d36-west-respiratory_distress-177,36,0.8306412052210209,1,validation
accept-d36-west-major_trauma-161,36,0.8572461851394184,1,validation
accept-d36-east-cardiac_event-49,36,0.7855352622126415,1,validation
accept-d36-north-respiratory_distress-34,36,0.8915148434537309,1,validation
accept-d36-central-major_trauma-114,36,0.7354725216498712,0,validation
accept-d36-central-respiratory_distress-130,36,0.7288796393960324,1,validation
accept-d36-west-respiratory_distress-178,36,0.8653869065617369,0,validation
accept-d36-central-cardiac_event-98,36,0.6748677184861329,1,validation
accept-d36-west-major_trauma-162,36,0.8316806235064802,1,validation
accept-d36-north-cardiac_event-2,36,0.9000212286798154,1,validation
accept-d36-east-major_trauma-66,36,0.8158465907781484,0,validation
accept-d36-east-cardiac_event-50,36,0.7807475910471676,1,validation
accept-d36-north-major_trauma-18,36,0.9516928947696115,1,validation
accept-d36-west-cardiac_event-146,36,0.7528928393815165,1,validation
accept-d36-east-respiratory_distress-82,36,0.7833439980584602,1,validation
accept-d36-east-major_trauma-67,36,0.7621635868297831,1,validation
accept-d36-east-cardiac_event-51,36,0.826527826486728,1,validation
accept-d36-north-cardiac_event-3,36,0.9040958945860362,1,validation
accept-d36-west-respiratory_distress-179,36,0.8313719632245975,1,validation
accept-d36-central-cardiac_event-99,36,0.7720470096789932,0,validation
accept-d36-north-major_trauma-19,36,0.9437960828226576,1,validation
accept-d36-west-major_trauma-163,36,0.9093102882677868,1,validation
accept-d36-central-respiratory_distress-131,36,0.7667498167889942,0,validation
accept-d36-east-respiratory_distress-83,36,0.8190041677480703,1,validation
accept-d36-west-cardiac_event-147,36,0.8170241405015995,1,validation
accept-d36-north-respiratory_distress-35,36,0.8899061003837695,1,validation
accept-d36-central-major_trauma-115,36,0.7330075115386151,1,validation
accept-d36-central-respiratory_distress-132,36,0.7369445025268526,0,validation
accept-d36-north-cardiac_event-4,36,0.898230613684693,1,validation
accept-d36-north-major_trauma-20,36,0.9140900524937453,1,validation
accept-d36-west-major_trauma-164,36,0.8958061590854214,1,validation
accept-d36-east-cardiac_event-52,36,0.852554042425344,1,validation
accept-d36-central-major_trauma-116,36,0.7508009152448948,1,validation
accept-d36-central-cardiac_event-100,36,0.6755051039746454,0,validation
accept-d36-east-major_trauma-68,36,0.7754079311235927,1,validation
accept-d36-north-respiratory_distress-36,36,0.8937839795408692,1,validation
accept-d36-west-cardiac_event-148,36,0.8207692404870539,1,validation
accept-d36-west-respiratory_distress-180,36,0.8784780240990843,1,validation
accept-d36-east-respiratory_distress-84,36,0.8544268288072342,1,validation
accept-d36-east-respiratory_distress-85,36,0.8547262256511431,0,validation
accept-d36-west-cardiac_event-149,36,0.8407042049963964,1,validation
accept-d36-east-cardiac_event-53,36,0.8267046128850707,0,validation
accept-d36-central-respiratory_distress-133,36,0.7661966943640389,1,validation
accept-d36-north-respiratory_distress-37,36,0.910359000127335,0,validation
accept-d36-central-cardiac_event-101,36,0.7095681626393244,1,validation
accept-d36-west-major_trauma-165,36,0.8524436555623494,1,validation
accept-d36-east-major_trauma-69,36,0.7594692906125764,1,validation
accept-d36-north-cardiac_event-5,36,0.8729028013155467,1,validation
accept-d36-north-major_trauma-21,36,0.8851591333969486,1,validation
accept-d36-west-respiratory_distress-181,36,0.8896004122775487,1,validation
accept-d36-central-major_trauma-117,36,0.882022647402845,1,validation
accept-d36-central-respiratory_distress-134,36,0.838326080911197,1,validation
accept-d36-north-cardiac_event-6,36,0.8789841269341315,1,validation
accept-d36-north-respiratory_distress-38,36,0.8997081373045079,1,validation
accept-d36-west-respiratory_distress-182,36,0.8655516270602581,1,validation
accept-d36-central-cardiac_event-102,36,0.7737517229583473,1,validation
accept-d36-east-major_trauma-70,36,0.7849065103173772,0,validation
accept-d36-east-cardiac_event-54,36,0.7246558444489558,1,validation
accept-d36-north-major_trauma-22,36,0.9125458499506698,0,validation
accept-d36-west-cardiac_event-150,36,0.8061252060892558,1,validation
accept-d36-west-major_trauma-166,36,0.7902313781484771,0,validation
accept-d36-east-respiratory_distress-86,36,0.7822282871904614,1,validation
accept-d36-central-major_trauma-118,36,0.8472568085026055,1,validation
accept-d36-west-major_trauma-167,36,0.7562833480575748,1,validation
accept-d36-west-respiratory_distress-183,36,0.8529488030758137,1,validation
accept-d36-east-major_trauma-71,36,0.6898802004702705,1,validation
accept-d36-central-cardiac_event-103,36,0.7818726684320253,0,validation
accept-d36-central-respiratory_distress-135,36,0.7960466170811265,1,validation
accept-d36-north-cardiac_event-7,36,0.7640402179132068,1,validation
accept-d36-east-cardiac_event-55,36,0.8268755257663178,1,validation
accept-d36-north-respiratory_distress-39,36,0.8870995410349259,1,validation
accept-d36-west-cardiac_event-151,36,0.7706007851223711,1,validation
accept-d36-central-major_trauma-119,36,0.8032662426242385,0,validation
accept-d36-east-respiratory_distress-87,36,0.8515773453387574,0,validation
accept-d36-north-major_trauma-23,36,0.8766979500222767,1,validation
accept-d36-west-major_trauma-168,36,0.8266915383316216,1,validation
accept-d36-central-respiratory_distress-136,36,0.7491535148600811,0,validation
accept-d36-central-major_trauma-120,36,0.7448124634965186,1,validation
accept-d36-north-respiratory_distress-40,36,0.8901387455562317,1,validation
accept-d36-east-cardiac_event-56,36,0.7990459528475266,1,validation
accept-d36-north-cardiac_event-8,36,0.8958757069216527,1,validation
accept-d36-west-respiratory_distress-184,36,0.8775004335582319,1,validation
accept-d36-central-cardiac_event-104,36,0.653029947350843,1,validation
accept-d36-north-major_trauma-24,36,0.8967075670210112,1,validation
accept-d36-west-cardiac_event-152,36,0.825522097332686,1,validation
accept-d36-east-respiratory_distress-88,36,0.7996435391899382,0,validation
accept-d36-east-major_trauma-72,36,0.67594488025167,0,validation
accept-d36-north-major_trauma-25,36,0.8905507671759696,1,validation
accept-d36-north-cardiac_event-9,36,0.8947750196243769,1,validation
accept-d36-central-cardiac_event-105,36,0.7650109234870874,1,validation
accept-d36-east-cardiac_event-57,36,0.7274824700478261,0,validation
accept-d36-west-cardiac_event-153,36,0.828686047220122,1,validation
accept-d36-central-respiratory_distress-137,36,0.8355902902337374,1,validation
accept-d36-north-respiratory_distress-41,36,0.8892463527777764,1,validation
accept-d36-east-major_trauma-73,36,0.5718197163506166,0,validation
accept-d36-east-respiratory_distress-89,36,0.7116102643232975,1,validation
accept-d36-west-respiratory_distress-185,36,0.8729648347656231,1,validation
accept-d36-west-major_trauma-169,36,0.8057780230045605,1,validation
accept-d36-central-major_trauma-121,36,0.7950903656049352,1,validation
accept-d36-north-respiratory_distress-42,36,0.8904039833685694,1,validation
accept-d36-west-respiratory_distress-186,36,0.8804353369170901,1,validation
accept-d36-central-respiratory_distress-138,36,0.8387958244733472,1,validation
accept-d36-central-cardiac_event-106,36,0.7608897907319188,0,validation
accept-d36-north-cardiac_event-10,36,0.8859606793580254,0,validation
accept-d36-west-major_trauma-170,36,0.7834073554583799,0,validation
accept-d36-north-major_trauma-26,36,0.8450854004244642,1,validation
accept-d36-east-cardiac_event-58,36,0.8499678739416382,1,validation
accept-d36-central-major_trauma-122,36,0.797540047241845,1,validation
accept-d36-east-respiratory_distress-90,36,0.8489168267434349,1,validation
accept-d36-west-cardiac_event-154,36,0.7451753658025326,1,validation
accept-d36-east-major_trauma-74,36,0.7751650371439369,1,validation
accept-d36-central-respiratory_distress-139,36,0.8064046135565137,1,validation
accept-d36-east-respiratory_distress-91,36,0.8498497029173202,1,validation
accept-d36-north-respiratory_distress-43,36,0.868271661736644,1,validation
accept-d36-west-cardiac_event-155,36,0.7456064745691425,0,validation
accept-d36-east-cardiac_event-59,36,0.8611630581379089,1,validation
accept-d36-central-major_trauma-123,36,0.8690225728754437,1,validation
accept-d36-north-major_trauma-27,36,0.8719970081289805,0,validation
accept-d36-west-major_trauma-171,36,0.7030321907511569,1,validation
accept-d36-north-cardiac_event-11,36,0.8305129064574276,1,validation
accept-d36-east-major_trauma-75,36,0.8239659164969481,1,validation
accept-d36-central-cardiac_event-107,36,0.7595026360387953,1,validation
accept-d36-west-respiratory_distress-187,36,0.8513731665699665,0,validation
accept-d36-north-respiratory_distress-44,36,0.8244396601916787,1,validation
accept-d36-west-major_trauma-172,36,0.7359899698958515,1,validation
accept-d36-west-respiratory_distress-188,36,0.8361885827974279,0,validation
accept-d36-north-major_trauma-28,36,0.8750353394234499,1,validation
accept-d36-west-cardiac_event-156,36,0.7504308727791908,1,validation
accept-d36-east-cardiac_event-60,36,0.8547427297786504,0,validation
accept-d36-east-respiratory_distress-92,36,0.7867185076041574,1,validation
accept-d36-central-respiratory_distress-140,36,0.840916607784194,1,validation
accept-d36-central-cardiac_event-108,36,0.7601291829645245,1,validation
accept-d36-east-major_trauma-76,36,0.8057100441490536,1,validation
accept-d36-north-cardiac_event-12,36,0.8756557148204145,1,validation
accept-d36-central-major_trauma-124,36,0.8513530658795319,1,validation
accept-d36-central-respiratory_distress-141,36,0.8280539308951504,1,validation
accept-d36-west-respiratory_distress-189,36,0.8331650628357784,1,validation
accept-d36-east-cardiac_event-61,36,0.8349740752914931,1,validation
accept-d36-central-cardiac_event-109,36,0.7417030105022627,0,validation
accept-d36-north-cardiac_event-13,36,0.864712894826364,1,validation
accept-d36-west-cardiac_event-157,36,0.8344074192778648,1,validation
accept-d36-west-major_trauma-173,36,0.7817828630486735,1,validation
accept-d36-north-major_trauma-29,36,0.9357501412863405,1,validation
accept-d36-east-major_trauma-77,36,0.7966569883996314,1,validation
accept-d36-north-respiratory_distress-45,36,0.8769354824642629,1,validation
accept-d36-central-major_trauma-125,36,0.7681880012589885,1,validation
accept-d36-east-respiratory_distress-93,36,0.8696808350325449,1,validation
accept-d36-west-major_trauma-174,36,0.807563516827257,1,validation
accept-d36-west-respiratory_distress-190,36,0.8818598462947825,1,validation
accept-d36-central-major_trauma-126,36,0.7737038447079767,0,validation
accept-d36-east-major_trauma-78,36,0.7920567553251693,1,validation
accept-d36-north-respiratory_distress-46,36,0.8806069808535123,1,validation
accept-d36-west-cardiac_event-158,36,0.8353899378566423,0,validation
accept-d36-north-major_trauma-30,36,0.9078201119965625,1,validation
accept-d36-central-cardiac_event-110,36,0.62411296663889,1,validation
accept-d36-central-respiratory_distress-142,36,0.754166195958417,1,validation
accept-d36-north-cardiac_event-14,36,0.8849865764737677,1,validation
accept-d36-east-respiratory_distress-94,36,0.867822725009851,1,validation
accept-d36-east-cardiac_event-62,36,0.8678100856790835,1,validation
accept-d36-west-major_trauma-175,36,0.6012750233217263,0,validation
accept-d36-central-major_trauma-127,36,0.877376833422206,1,validation
accept-d36-west-respiratory_distress-191,36,0.7694536437682193,1,validation
accept-d36-east-respiratory_distress-95,36,0.8206338490568148,1,validation
accept-d36-central-cardiac_event-111,36,0.750657273186513,1,validation
accept-d36-north-cardiac_event-15,36,0.8804254553048754,1,validation
accept-d36-east-cardiac_event-63,36,0.8372373091189336,1,validation
accept-d36-north-major_trauma-31,36,0.8723311511700845,1,validation
accept-d36-north-respiratory_distress-47,36,0.874843097591857,1,validation
accept-d36-central-respiratory_distress-143,36,0.8301500213700335,1,validation
accept-d36-east-major_trauma-79,36,0.7936893179417507,0,validation
accept-d36-west-cardiac_event-159,36,0.7548197877691906,1,validation
accept-d37-north-major_trauma-16,37,0.9248187621239985,1,validation
accept-d37-east-cardiac_event-48,37,0.8376938627013953,1,validation
accept-d37-east-major_trauma-64,37,0.7890073817573889,0,validation
accept-d37-north-cardiac_event-0,37,0.8773636561724846,1,validation
accept-d37-west-respiratory_distress-176,37,0.8667164249809137,1,validation
accept-d37-central-cardiac_event-96,37,0.746303325820552,1,validation
accept-d37-central-respiratory_distress-128,37,0.8198982131158566,1,validation
accept-d37-west-major_trauma-160,37,0.8673686417595545,1,validation
accept-d37-west-cardiac_event-144,37,0.8009884513652038,1,validation
accept-d37-north-respiratory_distress-32,37,0.8763395230300618,1,validation
accept-d37-east-respiratory_distress-80,37,0.7623460048414208,1,validation
accept-d37-central-major_trauma-112,37,0.8732540165503446,1,validation
accept-d37-west-major_trauma-161,37,0.8092065510984492,1,validation
accept-d37-north-respiratory_distress-33,37,0.8764723945782167,1,validation
accept-d37-central-respiratory_distress-129,37,0.8176268401086393,1,validation
accept-d37-central-cardiac_event-97,37,0.7461413336443672,1,validation
accept-d37-north-major_trauma-17,37,0.9526194672595034,1,validation
accept-d37-east-major_trauma-65,37,0.8545568965059198,1,validation
accept-d37-east-cardiac_event-49,37,0.8413634256131383,1,validation
accept-d37-west-cardiac_event-145,37,0.806130675188869,1,validation
accept-d37-west-respiratory_distress-177,37,0.869410459289653,1,validation
accept-d37-central-major_trauma-113,37,0.8972665982363023,1,validation
accept-d37-north-cardiac_event-1,37,0.8838217990238811,1,validation
accept-d37-east-respiratory_distress-81,37,0.8366387925924496,0,validation
accept-d37-east-respiratory_distress-82,37,0.7940462994442574,1,validation
accept-d37-central-respiratory_distress-130,37,0.830680112552553,0,validation
accept-d37-east-cardiac_event-50,37,0.8169751756817353,1,validation
accept-d37-central-cardiac_event-98,37,0.7139556737391153,1,validation
accept-d37-north-major_trauma-18,37,0.9557874183014521,1,validation
accept-d37-west-respiratory_distress-178,37,0.880338885871788,1,validation
accept-d37-west-major_trauma-162,37,0.8788398830467089,1,validation
accept-d37-central-major_trauma-114,37,0.8945601648753889,0,validation
accept-d37-west-cardiac_event-146,37,0.8250437112344506,1,validation
accept-d37-north-respiratory_distress-34,37,0.8895656325433494,1,validation
accept-d37-north-cardiac_event-2,37,0.9008492148925861,1,validation
accept-d37-east-major_trauma-66,37,0.7971169919393567,1,validation
accept-d37-east-respiratory_distress-83,37,0.8280116537357683,0,validation
accept-d37-north-respiratory_distress-35,37,0.8877249318991867,1,validation
accept-d37-west-cardiac_event-147,37,0.8324075274489672,1,validation
accept-d37-east-major_trauma-67,37,0.733627880849265,0,validation
accept-d37-west-major_trauma-163,37,0.8605687427042172,1,validation
accept-d37-central-respiratory_distress-131,37,0.6995940061584198,1,validation
accept-d37-east-cardiac_event-51,37,0.7452898519255935,0,validation
accept-d37-central-major_trauma-115,37,0.8664958993340054,1,validation
accept-d37-west-respiratory_distress-179,37,0.8910671050118522,1,validation
accept-d37-north-major_trauma-19,37,0.9545958538275936,1,validation
accept-d37-central-cardiac_event-99,37,0.7722638797481248,1,validation
accept-d37-north-cardiac_event-3,37,0.8852790952387588,1,validation
accept-d37-north-cardiac_event-4,37,0.8884415623674664,1,validation
accept-d37-central-major_trauma-116,37,0.8885555046800806,1,validation
accept-d37-west-cardiac_event-148,37,0.8463881127210681,1,validation
accept-d37-east-cardiac_event-52,37,0.7131603177568558,0,validation
accept-d37-north-major_trauma-20,37,0.9370609476965267,1,validation
accept-d37-west-respiratory_distress-180,37,0.8884327319030992,1,validation
accept-d37-east-major_trauma-68,37,0.6657516569431655,1,validation
accept-d37-north-respiratory_distress-36,37,0.8789313230542024,1,validation
accept-d37-central-cardiac_event-100,37,0.7427316322763189,0,validation
accept-d37-central-respiratory_distress-132,37,0.7894270514997722,1,validation
accept-d37-east-respiratory_distress-84,37,0.7909042858185777,0,validation
accept-d37-west-major_trauma-164,37,0.8358154713060701,0,validation
accept-d37-central-major_trauma-117,37,0.8801827293725205,1,validation
accept-d37-west-respiratory_distress-181,37,0.8695385733818375,1,validation
accept-d37-east-major_trauma-69,37,0.7109507437591119,1,validation
accept-d37-east-respiratory_distress-85,37,0.7834832222319313,1,validation
accept-d37-north-respiratory_distress-37,37,0.8895172363739835,1,validation
accept-d37-north-cardiac_event-5,37,0.8931144266680979,0,validation
accept-d37-north-major_trauma-21,37,0.8073930923226299,0,validation
accept-d37-east-cardiac_event-53,37,0.8241858454113001,0,validation
accept-d37-west-cardiac_event-149,37,0.7899932210806603,1,validation
accept-d37-west-major_trauma-165,37,0.8397290635686567,1,validation
accept-d37-central-cardiac_event-101,37,0.8059786174169203,0,validation
accept-d37-central-respiratory_distress-133,37,0.8105689628161362,1,validation
accept-d37-east-major_trauma-70,37,0.7676920165971703,1,validation
accept-d37-central-major_trauma-118,37,0.7136657172198475,0,validation
accept-d37-central-cardiac_event-102,37,0.6960705810920256,1,validation
accept-d37-north-respiratory_distress-38,37,0.7979326513156633,1,validation
accept-d37-east-cardiac_event-54,37,0.792027599329824,1,validation
accept-d37-north-cardiac_event-6,37,0.868013984500338,1,validation
accept-d37-east-respiratory_distress-86,37,0.8207260951057742,1,validation
accept-d37-west-cardiac_event-150,37,0.8502238094501345,0,validation
accept-d37-west-major_trauma-166,37,0.7570174342552323,0,validation
accept-d37-north-major_trauma-22,37,0.8876639231124968,1,validation
accept-d37-west-respiratory_distress-182,37,0.793607796659728,1,validation
accept-d37-central-respiratory_distress-134,37,0.8061237585935899,1,validation
accept-d37-east-cardiac_event-55,37,0.8437411985935138,1,validation
accept-d37-west-respiratory_distress-183,37,0.8281641913354604,1,validation
accept-d37-north-respiratory_distress-39,37,0.8555512736682288,1,validation
accept-d37-central-cardiac_event-103,37,0.7528291714124955,1,validation
accept-d37-central-major_trauma-119,37,0.8286170654498498,1,validation
accept-d37-central-respiratory_distress-135,37,0.8710445991138039,1,validation
accept-d37-east-respiratory_distress-87,37,0.8584304038031488,1,validation
accept-d37-west-cardiac_event-151,37,0.7821607759263963,0,validation
accept-d37-north-major_trauma-23,37,0.9294899421843841,1,validation
accept-d37-west-major_trauma-167,37,0.7628233355947537,1,validation
accept-d37-north-cardiac_event-7,37,0.872059417470134,1,validation
accept-d37-east-major_trauma-71,37,0.7788910757130029,1,validation
accept-d37-east-respiratory_distress-88,37,0.8469006159301932,1,validation
accept-d37-east-cardiac_event-56,37,0.8641219958247136,1,validation
accept-d37-north-major_trauma-24,37,0.9005764206802321,0,validation
accept-d37-central-cardiac_event-104,37,0.7889540172474215,1,validation
accept-d37-west-cardiac_event-152,37,0.7794470148571474,1,validation
accept-d37-central-major_trauma-120,37,0.9127194069410836,1,validation
accept-d37-west-major_trauma-168,37,0.8041243420079823,0,validation
accept-d37-west-respiratory_distress-184,37,0.8444393028473158,1,validation
accept-d37-north-respiratory_distress-40,37,0.8357690495030369,0,validation
accept-d37-central-respiratory_distress-136,37,0.8656783483736237,1,validation
accept-d37-east-major_trauma-72,37,0.7636882900240819,1,validation
accept-d37-north-cardiac_event-8,37,0.7713223786897704,1,validation
accept-d37-central-major_trauma-121,37,0.8376183204493375,1,validation
accept-d37-central-cardiac_event-105,37,0.7630783419546638,1,validation
accept-d37-north-respiratory_distress-41,37,0.794082722784178,1,validation
accept-d37-east-respiratory_distress-89,37,0.844981868814934,1,validation
accept-d37-east-cardiac_event-57,37,0.8542263718515365,1,validation
accept-d37-central-respiratory_distress-137,37,0.8477398692124113,1,validation
accept-d37-west-major_trauma-169,37,0.830297867139849,1,validation
accept-d37-east-major_trauma-73,37,0.7710890892426029,1,validation
accept-d37-north-major_trauma-25,37,0.8967402670094297,1,validation
accept-d37-west-cardiac_event-153,37,0.8162548750235649,0,validation
accept-d37-west-respiratory_distress-185,37,0.8209036736841376,1,validation
accept-d37-north-cardiac_event-9,37,0.8753593855950621,0,validation
accept-d37-north-cardiac_event-10,37,0.8506600777040217,1,validation
accept-d37-central-respiratory_distress-138,37,0.8387487492344787,1,validation
accept-d37-central-major_trauma-122,37,0.8206909823777953,1,validation
accept-d37-north-respiratory_distress-42,37,0.8396923759030729,1,validation
accept-d37-west-cardiac_event-154,37,0.7670687104994376,0,validation
accept-d37-east-cardiac_event-58,37,0.8567642153759278,0,validation
accept-d37-central-cardiac_event-106,37,0.7595466146817592,1,validation
accept-d37-west-respiratory_distress-186,37,0.8329984818244051,1,validation
accept-d37-north-major_trauma-26,37,0.8633438437009322,1,validation
accept-d37-east-respiratory_distress-90,37,0.6927636374131935,1,validation
accept-d37-west-major_trauma-170,37,0.7795854712226968,0,validation
accept-d37-east-major_trauma-74,37,0.7535804636217975,0,validation
accept-d37-east-cardiac_event-59,37,0.7783665076262419,1,validation
accept-d37-central-respiratory_distress-139,37,0.8355373675753879,1,validation
accept-d37-east-respiratory_distress-91,37,0.8091621374585661,1,validation
accept-d37-west-major_trauma-171,37,0.7888960538057797,1,validation
accept-d37-west-cardiac_event-155,37,0.768490962161488,1,validation
accept-d37-central-cardiac_event-107,37,0.7557815505574608,0,validation
accept-d37-north-respiratory_distress-43,37,0.8691465309788099,1,validation
accept-d37-north-major_trauma-27,37,0.9124753223741827,1,validation
accept-d37-north-cardiac_event-11,37,0.873992473096023,1,validation
accept-d37-central-major_trauma-123,37,0.7610700446092714,1,validation
accept-d37-east-major_trauma-75,37,0.8183084621732309,1,validation
accept-d37-west-respiratory_distress-187,37,0.8709831696790937,1,validation
accept-d37-west-major_trauma-172,37,0.8704408663301619,1,validation
accept-d37-east-major_trauma-76,37,0.7664823813668541,1,validation
accept-d37-central-respiratory_distress-140,37,0.764396818231693,1,validation
accept-d37-west-cardiac_event-156,37,0.8148567909392234,1,validation
accept-d37-central-cardiac_event-108,37,0.7157730484138107,0,validation
accept-d37-north-cardiac_event-12,37,0.8795159510024966,1,validation
accept-d37-east-respiratory_distress-92,37,0.881058349081251,0,validation
accept-d37-west-respiratory_distress-188,37,0.8741675499957321,1,validation
accept-d37-north-major_trauma-28,37,0.9394787043380577,1,validation
accept-d37-north-respiratory_distress-44,37,0.8591239012270754,1,validation
accept-d37-east-cardiac_event-60,37,0.8538254966337155,1,validation
accept-d37-central-major_trauma-124,37,0.7979952320755711,1,validation
accept-d37-west-major_trauma-173,37,0.9010999373697949,1,validation
accept-d37-central-respiratory_distress-141,37,0.7882103794858926,1,validation
accept-d37-north-major_trauma-29,37,0.9195535996422481,1,validation
accept-d37-north-cardiac_event-13,37,0.8690413678946629,1,validation
accept-d37-west-respiratory_distress-189,37,0.8697875870851068,1,validation
accept-d37-east-respiratory_distress-93,37,0.888533049827239,1,validation
accept-d37-north-respiratory_distress-45,37,0.8688393728327606,1,validation
accept-d37-west-cardiac_event-157,37,0.8158587998308044,1,validation
accept-d37-central-cardiac_event-109,37,0.7519533820354722,1,validation
accept-d37-east-major_trauma-77,37,0.8282055258244287,1,validation
accept-d37-east-cardiac_event-61,37,0.8911286202517255,1,validation
accept-d37-central-major_trauma-125,37,0.8321158201634032,0,validation
accept-d37-east-major_trauma-78,37,0.8244757869014933,1,validation
accept-d37-north-cardiac_event-14,37,0.8721998685140258,1,validation
accept-d37-central-major_trauma-126,37,0.8085562337539489,1,validation
accept-d37-east-respiratory_distress-94,37,0.8475566181386304,1,validation
accept-d37-west-cardiac_event-158,37,0.8184584558935326,1,validation
accept-d37-east-cardiac_event-62,37,0.8256978301318054,1,validation
accept-d37-central-respiratory_distress-142,37,0.7796268303236842,1,validation
accept-d37-north-respiratory_distress-46,37,0.8618190960680542,1,validation
accept-d37-west-respiratory_distress-190,37,0.8726352687296383,1,validation
accept-d37-central-cardiac_event-110,37,0.7161501904343287,0,validation
accept-d37-west-major_trauma-174,37,0.9080980406166598,0,validation
accept-d37-north-major_trauma-30,37,0.9003515276784366,1,validation
accept-d37-central-cardiac_event-111,37,0.7066838246254249,1,validation
accept-d37-west-respiratory_distress-191,37,0.8379145639794813,1,validation
accept-d37-east-cardiac_event-63,37,0.8390686449364829,1,validation
accept-d37-north-respiratory_distress-47,37,0.8616735063375293,1,validation
accept-d37-west-cardiac_event-159,37,0.7802750854713463,1,validation
accept-d37-west-major_trauma-175,37,0.9134921431846026,1,validation
accept-d37-central-major_trauma-127,37,0.7867991971687365,1,validation
accept-d37-central-respiratory_distress-143,37,0.7950609436696974,1,validation
accept-d37-east-respiratory_distress-95,37,0.8450546365574834,1,validation
accept-d37-north-cardiac_event-15,37,0.8713406895639337,1,validation
accept-d37-east-major_trauma-79,37,0.7973849457135472,1,validation
accept-d37-north-major_trauma-31,37,0.8804108837155029,0,validation
accept-d38-west-major_trauma-160,38,0.8925411144378097,1,validation
accept-d38-west-cardiac_event-144,38,0.8093170472328799,1,validation
accept-d38-central-major_trauma-112,38,0.8055257993348913,1,validation
accept-d38-central-cardiac_event-96,38,0.7459230305258097,1,validation
accept-d38-east-respiratory_distress-80,38,0.8229450273397501,0,validation
accept-d38-central-respiratory_distress-128,38,0.8292472258876741,1,validation
accept-d38-north-cardiac_event-0,38,0.8610729549501055,1,validation
accept-d38-north-major_trauma-16,38,0.928091070883365,1,validation
accept-d38-east-cardiac_event-48,38,0.7062612654122218,1,validation
accept-d38-north-respiratory_distress-32,38,0.8521271068831858,1,validation
accept-d38-east-major_trauma-64,38,0.718972919505721,1,validation
accept-d38-west-respiratory_distress-176,38,0.8702124572912513,1,validation
accept-d38-central-major_trauma-113,38,0.8661010251546514,1,validation
accept-d38-north-cardiac_event-1,38,0.8713463304867244,1,validation
accept-d38-east-respiratory_distress-81,38,0.7939761871501908,1,validation
accept-d38-north-respiratory_distress-33,38,0.8531685546392892,1,validation
accept-d38-west-major_trauma-161,38,0.8840228541875237,0,validation
accept-d38-west-respiratory_distress-177,38,0.8119158465708892,1,validation
accept-d38-east-major_trauma-65,38,0.8141750711909341,1,validation
accept-d38-east-cardiac_event-49,38,0.8537497749826745,1,validation
accept-d38-central-cardiac_event-97,38,0.7465467566772928,1,validation
accept-d38-west-cardiac_event-145,38,0.7594348695629071,1,validation
accept-d38-north-major_trauma-17,38,0.9116262296640332,1,validation
accept-d38-central-respiratory_distress-129,38,0.8278003642803973,1,validation
accept-d38-east-major_trauma-66,38,0.8383550887252864,0,validation
accept-d38-west-major_trauma-162,38,0.7558134567056072,1,validation
accept-d38-east-respiratory_distress-82,38,0.8065589524949454,1,validation
accept-d38-north-major_trauma-18,38,0.8521089107621916,1,validation
accept-d38-north-cardiac_event-2,38,0.8658027934889894,1,validation
accept-d38-central-major_trauma-114,38,0.8688574563096407,1,validation
accept-d38-north-respiratory_distress-34,38,0.867195401792429,1,validation
accept-d38-central-cardiac_event-98,38,0.7623359418520056,1,validation
accept-d38-west-respiratory_distress-178,38,0.8697800223046869,1,validation
accept-d38-east-cardiac_event-50,38,0.8150636346176985,1,validation
accept-d38-central-respiratory_distress-130,38,0.8341192757428607,1,validation
accept-d38-west-cardiac_event-146,38,0.8099942339954823,1,validation
accept-d38-central-major_trauma-115,38,0.8956770068724806,1,validation
accept-d38-east-cardiac_event-51,38,0.856885514159305,1,validation
accept-d38-east-major_trauma-67,38,0.8412887334520647,1,validation
accept-d38-north-respiratory_distress-35,38,0.8583510205534851,1,validation
accept-d38-west-respiratory_distress-179,38,0.8743714328823917,1,validation
accept-d38-west-cardiac_event-147,38,0.8125483432843358,1,validation
accept-d38-central-respiratory_distress-131,38,0.8163139226012314,1,validation
accept-d38-north-cardiac_event-3,38,0.8569460747047267,1,validation
accept-d38-east-respiratory_distress-83,38,0.8456344616857201,1,validation
accept-d38-west-major_trauma-163,38,0.8910466957975411,1,validation
accept-d38-north-major_trauma-19,38,0.8979079553193138,1,validation
accept-d38-central-cardiac_event-99,38,0.7999081618944661,0,validation
accept-d38-central-major_trauma-116,38,0.843873178214639,1,validation
accept-d38-east-respiratory_distress-84,38,0.8478373499831026,1,validation
accept-d38-central-respiratory_distress-132,38,0.8325075099893453,1,validation
accept-d38-central-cardiac_event-100,38,0.7699364897513522,1,validation
accept-d38-west-cardiac_event-148,38,0.812953668388765,1,validation
accept-d38-west-respiratory_distress-180,38,0.8734067935279913,1,validation
accept-d38-north-cardiac_event-4,38,0.8697545364012673,1,validation
accept-d38-north-respiratory_distress-36,38,0.8595287889843667,1,validation
accept-d38-west-major_trauma-164,38,0.8830786761102593,0,validation
accept-d38-east-major_trauma-68,38,0.8267097231670274,0,validation
accept-d38-east-cardiac_event-52,38,0.7937539606146041,1,validation
accept-d38-north-major_trauma-20,38,0.9166499856890103,1,validation
accept-d38-central-cardiac_event-101,38,0.8045938315125085,1,validation
accept-d38-central-major_trauma-117,38,0.887834109454695,0,validation
accept-d38-north-respiratory_distress-37,38,0.8667085120483168,1,validation
accept-d38-west-cardiac_event-149,38,0.7266345833781085,0,validation
accept-d38-east-major_trauma-69,38,0.7580279943881439,0,validation
accept-d38-central-respiratory_distress-133,38,0.8064733963672646,1,validation
accept-d38-west-major_trauma-165,38,0.7562980248843154,1,validation
accept-d38-west-respiratory_distress-181,38,0.7801108285323763,1,validation
accept-d38-north-major_trauma-21,38,0.8740190542483401,0,validation
accept-d38-east-cardiac_event-53,38,0.7728347290645966,1,validation
accept-d38-east-respiratory_distress-85,38,0.8034604470125772,1,validation
accept-d38-north-cardiac_event-5,38,0.8348416086055797,1,validation
accept-d38-east-cardiac_event-54,38,0.8032383469535808,1,validation
accept-d38-east-respiratory_distress-86,38,0.8093046718616486,1,validation
accept-d38-west-respiratory_distress-182,38,0.8071683181563569,1,validation
accept-d38-east-major_trauma-70,38,0.749490687943478,1,validation
accept-d38-north-respiratory_distress-38,38,0.8099631434615269,1,validation
accept-d38-north-cardiac_event-6,38,0.8442183509747222,1,validation
accept-d38-central-major_trauma-118,38,0.8631882232196004,1,validation
accept-d38-north-major_trauma-22,38,0.8772581077438447,0,validation
accept-d38-central-cardiac_event-102,38,0.7996983100335184,1,validation
accept-d38-west-cardiac_event-150,38,0.8087046036108388,1,validation
accept-d38-central-respiratory_distress-134,38,0.8634233170320572,1,validation
accept-d38-west-major_trauma-166,38,0.8249095725003291,1,validation
accept-d38-west-respiratory_distress-183,38,0.874929111475307,0,validation
accept-d38-west-cardiac_event-151,38,0.7946340003355464,1,validation
accept-d38-east-major_trauma-71,38,0.8196488024957098,1,validation
accept-d38-east-cardiac_event-55,38,0.8519208906123203,1,validation
accept-d38-central-respiratory_distress-135,38,0.8709768113886543,1,validation
accept-d38-east-respiratory_distress-87,38,0.8504213261401549,1,validation
accept-d38-north-major_trauma-23,38,0.8969500538821052,1,validation
accept-d38-central-cardiac_event-103,38,0.8001850298788639,1,validation
accept-d38-north-cardiac_event-7,38,0.8425985010384923,1,validation
accept-d38-north-respiratory_distress-39,38,0.8719866996735657,1,validation
accept-d38-central-major_trauma-119,38,0.8627811656347278,0,validation
accept-d38-west-major_trauma-167,38,0.7088554688347771,1,validation
accept-d38-north-respiratory_distress-40,38,0.8677583304755595,0,validation
accept-d38-central-cardiac_event-104,38,0.719577280416776,1,validation
accept-d38-east-major_trauma-72,38,0.7949270665768767,1,validation
accept-d38-north-cardiac_event-8,38,0.8198094838255156,1,validation
accept-d38-central-major_trauma-120,38,0.7791670875204657,1,validation
accept-d38-west-major_trauma-168,38,0.8329118711776635,1,validation
accept-d38-east-cardiac_event-56,38,0.8661360610065657,1,validation
accept-d38-north-major_trauma-24,38,0.8631396793864946,1,validation
accept-d38-west-respiratory_distress-184,38,0.8821958019521432,1,validation
accept-d38-east-respiratory_distress-88,38,0.855009129043926,0,validation
accept-d38-west-cardiac_event-152,38,0.8293951858823403,1,validation
accept-d38-central-respiratory_distress-136,38,0.8624398067110653,1,validation
accept-d38-central-respiratory_distress-137,38,0.8694815547406588,1,validation
accept-d38-north-major_trauma-25,38,0.8901597876119915,1,validation
accept-d38-north-respiratory_distress-41,38,0.8587406228217452,1,validation
accept-d38-west-respiratory_distress-185,38,0.8766658122651435,1,validation
accept-d38-central-cardiac_event-105,38,0.7964412083721654,0,validation
accept-d38-north-cardiac_event-9,38,0.8621863145650983,1,validation
accept-d38-central-major_trauma-121,38,0.8483740068970229,0,validation
accept-d38-east-major_trauma-73,38,0.7365304417296341,0,validation
accept-d38-east-respiratory_distress-89,38,0.7074783785728531,0,validation
accept-d38-east-cardiac_event-57,38,0.7171687605968183,1,validation
accept-d38-west-cardiac_event-153,38,0.8240971755149045,1,validation
accept-d38-west-major_trauma-169,38,0.8460394073531634,0,validation
accept-d38-north-cardiac_event-10,38,0.876901141496287,1,validation
accept-d38-east-cardiac_event-58,38,0.7770340768711455,1,validation
accept-d38-central-cardiac_event-106,38,0.6408239748970107,1,validation
accept-d38-east-major_trauma-74,38,0.697815869971289,1,validation
accept-d38-central-respiratory_distress-138,38,0.7961008033433157,0,validation
accept-d38-north-respiratory_distress-42,38,0.8747519863103357,0,validation
accept-d38-west-respiratory_distress-186,38,0.8335587771394048,1,validation
accept-d38-west-cardiac_event-154,38,0.774547190919318,1,validation
accept-d38-west-major_trauma-170,38,0.7842025331783585,1,validation
accept-d38-central-major_trauma-122,38,0.7701822061000627,1,validation
accept-d38-north-major_trauma-26,38,0.8844783131446315,1,validation
accept-d38-east-respiratory_distress-90,38,0.8524868525213928,1,validation
accept-d38-east-cardiac_event-59,38,0.8521074774011428,0,validation
accept-d38-central-cardiac_event-107,38,0.7914295480984418,1,validation
accept-d38-west-cardiac_event-155,38,0.8243223593116831,1,validation
accept-d38-north-cardiac_event-11,38,0.8736555176862323,1,validation
accept-d38-north-major_trauma-27,38,0.9024944821123337,1,validation
accept-d38-north-respiratory_distress-43,38,0.8635938421760562,0,validation
accept-d38-west-major_trauma-171,38,0.8315151241478304,1,validation
accept-d38-central-respiratory_distress-139,38,0.8600038749863137,1,validation
accept-d38-east-major_trauma-75,38,0.7042813425913554,0,validation
accept-d38-east-respiratory_distress-91,38,0.7578439858776977,1,validation
accept-d38-central-major_trauma-123,38,0.8680617075610398,1,validation
accept-d38-west-respiratory_distress-187,38,0.8472051545211045,1,validation
accept-d38-west-respiratory_distress-188,38,0.8593654128179554,1,validation
accept-d38-north-cardiac_event-12,38,0.846915566339419,1,validation
accept-d38-north-major_trauma-28,38,0.8599671313043526,1,validation
accept-d38-east-respiratory_distress-92,38,0.7872513594288505,1,validation
accept-d38-north-respiratory_distress-44,38,0.8495355989574106,1,validation
accept-d38-central-respiratory_distress-140,38,0.879473486293819,1,validation
accept-d38-central-cardiac_event-108,38,0.8192593097849008,1,validation
accept-d38-east-major_trauma-76,38,0.7141814957326735,0,validation
accept-d38-central-major_trauma-124,38,0.8835660812555348,1,validation
accept-d38-west-major_trauma-172,38,0.8445404512852014,1,validation
accept-d38-west-cardiac_event-156,38,0.8165359046780853,1,validation
accept-d38-east-cardiac_event-60,38,0.8037748798775903,1,validation
accept-d38-north-respiratory_distress-45,38,0.8599980844144238,1,validation
accept-d38-west-respiratory_distress-189,38,0.8379748344959137,1,validation
accept-d38-central-major_trauma-125,38,0.8925861632818367,0,validation
accept-d38-central-cardiac_event-109,38,0.7997612715504184,1,validation
accept-d38-east-cardiac_event-61,38,0.8043133354453827,1,validation
accept-d38-west-major_trauma-173,38,0.7837829694879439,1,validation
accept-d38-north-cardiac_event-13,38,0.8643397408332107,1,validation
accept-d38-west-cardiac_event-157,38,0.7853781533745147,1,validation
accept-d38-central-respiratory_distress-141,38,0.8478055565230599,1,validation
accept-d38-north-major_trauma-29,38,0.8819624522155834,1,validation
accept-d38-east-major_trauma-77,38,0.744828430287139,0,validation
accept-d38-east-respiratory_distress-93,38,0.7791541868073641,1,validation
accept-d38-central-major_trauma-126,38,0.7742428979101447,1,validation
accept-d38-east-respiratory_distress-94,38,0.7969509484707863,1,validation
accept-d38-west-major_trauma-174,38,0.8854982044656816,1,validation
accept-d38-north-respiratory_distress-46,38,0.8765987667212947,1,validation
accept-d38-east-cardiac_event-62,38,0.8149653233391924,0,validation
accept-d38-north-cardiac_event-14,38,0.8870972971903247,1,validation
accept-d38-central-respiratory_distress-142,38,0.8768450621285796,1,validation
accept-d38-east-major_trauma-78,38,0.648981600233784,1,validation
accept-d38-west-cardiac_event-158,38,0.7865483012399558,1,validation
accept-d38-west-respiratory_distress-190,38,0.8557248737543016,1,validation
accept-d38-north-major_trauma-30,38,0.8917248308968868,1,validation
accept-d38-central-cardiac_event-110,38,0.807476523275083,1,validation
accept-d38-central-respiratory_distress-143,38,0.8671504157168414,1,validation
accept-d38-west-respiratory_distress-191,38,0.8420530162958335,1,validation
accept-d38-east-respiratory_distress-95,38,0.7766750595328475,1,validation
accept-d38-west-cardiac_event-159,38,0.7850968000794527,1,validation
accept-d38-central-cardiac_event-111,38,0.822151710479505,1,validation
accept-d38-east-major_trauma-79,38,0.8307016922065489,1,validation
accept-d38-north-cardiac_event-15,38,0.8933902650017225,0,validation
accept-d38-north-major_trauma-31,38,0.8604907571698502,1,validation
accept-d38-central-major_trauma-127,38,0.8372198663556806,1,validation
accept-d38-west-major_trauma-175,38,0.90349302580096,1,validation
accept-d38-east-cardiac_event-63,38,0.8405927287785868,0,validation
accept-d38-north-respiratory_distress-47,38,0.8502278755405691,1,validation
accept-d39-central-respiratory_distress-128,39,0.8458360516392291,1,validation
accept-d39-west-major_trauma-160,39,0.7996617568647205,1,validation
accept-d39-central-cardiac_event-96,39,0.7752128889497596,1,validation
accept-d39-east-cardiac_event-48,39,0.8440342586872437,1,validation
accept-d39-central-major_trauma-112,39,0.8687178367958959,1,validation
accept-d39-west-respiratory_distress-176,39,0.8513882652389632,1,validation
accept-d39-north-cardiac_event-0,39,0.8530404087803304,1,validation
accept-d39-east-respiratory_distress-80,39,0.8437365739042413,1,validation
accept-d39-north-respiratory_distress-32,39,0.8528741658645104,1,validation
accept-d39-west-cardiac_event-144,39,0.7777008733859797,0,validation
accept-d39-north-major_trauma-16,39,0.8612722169147036,1,validation
accept-d39-east-major_trauma-64,39,0.7769935166357151,1,validation
accept-d39-west-respiratory_distress-177,39,0.8178145706761245,1,validation
accept-d39-central-respiratory_distress-129,39,0.8205065893016371,1,validation
accept-d39-east-major_trauma-65,39,0.7977421070993257,0,validation
accept-d39-west-cardiac_event-145,39,0.7342643266267497,1,validation
accept-d39-east-respiratory_distress-81,39,0.8120406224337681,1,validation
accept-d39-west-major_trauma-161,39,0.7929445214482072,0,validation
accept-d39-central-cardiac_event-97,39,0.746810899285957,1,validation
accept-d39-east-cardiac_event-49,39,0.8161593401383884,1,validation
accept-d39-north-major_trauma-17,39,0.8962188939657981,1,validation
accept-d39-north-cardiac_event-1,39,0.8629907953365713,1,validation
accept-d39-central-major_trauma-113,39,0.8171297029377,1,validation
accept-d39-north-respiratory_distress-33,39,0.8668418889625318,1,validation
accept-d39-central-respiratory_distress-130,39,0.8301270395886199,0,validation
accept-d39-north-respiratory_distress-34,39,0.8567476860841983,1,validation
accept-d39-north-major_trauma-18,39,0.8955446216382503,1,validation
accept-d39-central-major_trauma-114,39,0.7764728258009839,1,validation
accept-d39-west-respiratory_distress-178,39,0.8449748456411381,1,validation
accept-d39-east-major_trauma-66,39,0.767760725137139,1,validation
accept-d39-west-major_trauma-162,39,0.8224302008294033,1,validation
accept-d39-central-cardiac_event-98,39,0.7012701138454485,1,validation
accept-d39-north-cardiac_event-2,39,0.8629197067676911,1,validation
accept-d39-west-cardiac_event-146,39,0.7899931687455624,1,validation
accept-d39-east-cardiac_event-50,39,0.8476561426511546,1,validation
accept-d39-east-respiratory_distress-82,39,0.843125131692731,1,validation
accept-d39-east-cardiac_event-51,39,0.8513785921038114,0,validation
accept-d39-central-cardiac_event-99,39,0.7639201112008684,1,validation
accept-d39-north-cardiac_event-3,39,0.8757813083164596,1,validation
accept-d39-north-major_trauma-19,39,0.8823344929125968,1,validation
accept-d39-west-cardiac_event-147,39,0.7799630803327283,1,validation
accept-d39-north-respiratory_distress-35,39,0.871749768396115,1,validation
accept-d39-central-major_trauma-115,39,0.8775805992158685,1,validation
accept-d39-central-respiratory_distress-131,39,0.8356654707547786,1,validation
accept-d39-east-major_trauma-67,39,0.7889064009758845,1,validation
accept-d39-west-respiratory_distress-179,39,0.8571106908196319,0,validation
accept-d39-east-respiratory_distress-83,39,0.7804668041116181,1,validation
accept-d39-west-major_trauma-163,39,0.706356485424101,1,validation
accept-d39-central-major_trauma-116,39,0.880085026989727,1,validation
accept-d39-west-respiratory_distress-180,39,0.8179228025492039,1,validation
accept-d39-central-cardiac_event-100,39,0.763551584432385,1,validation
accept-d39-east-respiratory_distress-84,39,0.8303164105156213,1,validation
accept-d39-east-cardiac_event-52,39,0.8500559114343614,1,validation
accept-d39-west-cardiac_event-148,39,0.7615770720463796,1,validation
accept-d39-north-major_trauma-20,39,0.8779993680628385,1,validation
accept-d39-central-respiratory_distress-132,39,0.8293087049823836,0,validation
accept-d39-north-respiratory_distress-36,39,0.8693813088658942,0,validation
accept-d39-west-major_trauma-164,39,0.7782030472892207,1,validation
accept-d39-north-cardiac_event-4,39,0.8272297431416048,1,validation
accept-d39-east-major_trauma-68,39,0.7348361434505501,1,validation
accept-d39-north-cardiac_event-5,39,0.8253295983927913,1,validation
accept-d39-west-cardiac_event-149,39,0.7954044122019848,1,validation
accept-d39-west-respiratory_distress-181,39,0.8640882616536941,0,validation
accept-d39-east-cardiac_event-53,39,0.8625346415225161,1,validation
accept-d39-north-respiratory_distress-37,39,0.8301850542901644,1,validation
accept-d39-east-respiratory_distress-85,39,0.8447631871135322,1,validation
accept-d39-central-respiratory_distress-133,39,0.7026095638898759,1,validation
accept-d39-north-major_trauma-21,39,0.8669360745477427,0,validation
accept-d39-west-major_trauma-165,39,0.7431902255806015,1,validation
accept-d39-central-cardiac_event-101,39,0.7733980177453124,1,validation
accept-d39-east-major_trauma-69,39,0.749944644675187,1,validation
accept-d39-central-major_trauma-117,39,0.8530917641613848,1,validation
accept-d39-west-major_trauma-166,39,0.7576891623355383,1,validation
accept-d39-east-cardiac_event-54,39,0.8524152225300045,0,validation
accept-d39-north-cardiac_event-6,39,0.8430338579212877,1,validation
accept-d39-west-cardiac_event-150,39,0.7581718130485837,1,validation
accept-d39-central-cardiac_event-102,39,0.7780300056480005,1,validation
accept-d39-west-respiratory_distress-182,39,0.8563488930665651,1,validation
accept-d39-central-major_trauma-118,39,0.8203386906663078,1,validation
accept-d39-east-major_trauma-70,39,0.6848928436566774,0,validation
accept-d39-north-respiratory_distress-38,39,0.8904282378875497,1,validation
accept-d39-central-respiratory_distress-134,39,0.8355389429946909,1,validation
accept-d39-east-respiratory_distress-86,39,0.7182733627407105,1,validation
accept-d39-north-major_trauma-22,39,0.9091077051476,1,validation
accept-d39-north-cardiac_event-7,39,0.8908062018943047,1,validation
accept-d39-east-cardiac_event-55,39,0.7973720699135622,1,validation
accept-d39-north-respiratory_distress-39,39,0.8838854810055776,1,validation
accept-d39-central-cardiac_event-103,39,0.7738797823743634,1,validation
accept-d39-central-respiratory_distress-135,39,0.8385182152833034,1,validation
accept-d39-north-major_trauma-23,39,0.9126449094590036,1,validation
accept-d39-west-cardiac_event-151,39,0.7893232530540186,1,validation
accept-d39-west-respiratory_distress-183,39,0.859637133979534,1,validation
accept-d39-east-respiratory_distress-87,39,0.806738003671349,1,validation
accept-d39-central-major_trauma-119,39,0.8731466366393076,1,validation
accept-d39-west-major_trauma-167,39,0.821229836023568,1,validation
accept-d39-east-major_trauma-71,39,0.8320613852536545,1,validation
accept-d39-west-respiratory_distress-184,39,0.8610200697055271,1,validation
accept-d39-north-cardiac_event-8,39,0.8669948373411609,1,validation
accept-d39-north-major_trauma-24,39,0.942038810512256,1,validation
accept-d39-west-major_trauma-168,39,0.8177646552217824,1,validation
accept-d39-central-cardiac_event-104,39,0.7806827866170337,0,validation
accept-d39-central-major_trauma-120,39,0.7695347295136793,0,validation
accept-d39-west-cardiac_event-152,39,0.8090732623501651,0,validation
accept-d39-east-major_trauma-72,39,0.8327058262121368,1,validation
accept-d39-north-respiratory_distress-40,39,0.860775584817476,1,validation
accept-d39-central-respiratory_distress-136,39,0.759227522324914,1,validation
accept-d39-east-cardiac_event-56,39,0.8529502844062204,1,validation
accept-d39-east-respiratory_distress-88,39,0.846534958963076,1,validation
accept-d39-north-respiratory_distress-41,39,0.8668402702682115,1,validation
accept-d39-west-respiratory_distress-185,39,0.830474213955707,1,validation
accept-d39-north-cardiac_event-9,39,0.873067617906265,1,validation
accept-d39-east-cardiac_event-57,39,0.8511259903094628,1,validation
accept-d39-east-respiratory_distress-89,39,0.854965746886581,1,validation
accept-d39-central-cardiac_event-105,39,0.6843829178826183,1,validation
accept-d39-west-cardiac_event-153,39,0.7950796275196487,1,validation
accept-d39-east-major_trauma-73,39,0.7983623695481764,1,validation
accept-d39-central-major_trauma-121,39,0.8783107989252257,1,validation
accept-d39-west-major_trauma-169,39,0.8174159958595173,1,validation
accept-d39-central-respiratory_distress-137,39,0.8356472389909742,1,validation
accept-d39-north-major_trauma-25,39,0.9486770785715227,1,validation
accept-d39-central-cardiac_event-106,39,0.7803013576100101,1,validation
accept-d39-west-respiratory_distress-186,39,0.8531216330858865,1,validation
accept-d39-north-cardiac_event-10,39,0.8734473909596856,1,validation
accept-d39-north-major_trauma-26,39,0.9308851469325099,1,validation
accept-d39-west-cardiac_event-154,39,0.7948677833975638,1,validation
accept-d39-east-cardiac_event-58,39,0.8541484611608131,1,validation
accept-d39-east-major_trauma-74,39,0.755340813249085,1,validation
accept-d39-west-major_trauma-170,39,0.8111783072468486,1,validation
accept-d39-north-respiratory_distress-42,39,0.8621045676715016,1,validation
accept-d39-central-major_trauma-122,39,0.8628420698761637,1,validation
accept-d39-east-respiratory_distress-90,39,0.8567686142503509,1,validation
accept-d39-central-respiratory_distress-138,39,0.8461871733366582,1,validation
accept-d39-west-cardiac_event-155,39,0.7786231293556967,1,validation
accept-d39-east-cardiac_event-59,39,0.8520451933300753,0,validation
accept-d39-central-respiratory_distress-139,39,0.8360161582220997,1,validation
accept-d39-east-respiratory_distress-91,39,0.8211397068088298,1,validation
accept-d39-central-major_trauma-123,39,0.8600437225243344,1,validation
accept-d39-west-major_trauma-171,39,0.8276507129754236,1,validation
accept-d39-north-respiratory_distress-43,39,0.8721137725602564,1,validation
accept-d39-east-major_trauma-75,39,0.7164890244838815,1,validation
accept-d39-west-respiratory_distress-187,39,0.8521107257945311,1,validation
accept-d39-north-cardiac_event-11,39,0.8733833539809157,1,validation
accept-d39-north-major_trauma-27,39,0.8902015641940465,1,validation
accept-d39-central-cardiac_event-107,39,0.7583010357120289,1,validation
accept-d39-east-cardiac_event-60,39,0.8107781288612298,1,validation
accept-d39-central-major_trauma-124,39,0.8478350784187932,1,validation
accept-d39-central-cardiac_event-108,39,0.76681798014849,1,validation
accept-d39-west-major_trauma-172,39,0.8698355752566201,0,validation
accept-d39-north-cardiac_event-12,39,0.8628226646118371,1,validation
accept-d39-west-cardiac_event-156,39,0.7182007907883642,0,validation
accept-d39-north-major_trauma-28,39,0.888950764707825,1,validation
accept-d39-central-respiratory_distress-140,39,0.8317898648403704,1,validation
accept-d39-east-major_trauma-76,39,0.8101299470035334,1,validation
accept-d39-west-respiratory_distress-188,39,0.7291441978564644,0,validation
accept-d39-east-respiratory_distress-92,39,0.839153734728938,0,validation
accept-d39-north-respiratory_distress-44,39,0.8690855955178688,0,validation
accept-d39-north-major_trauma-29,39,0.8636622830793097,1,validation
accept-d39-central-major_trauma-125,39,0.8345531965502129,1,validation
accept-d39-north-cardiac_event-13,39,0.8537758938786518,1,validation
accept-d39-east-major_trauma-77,39,0.7386132292254255,1,validation
accept-d39-east-cardiac_event-61,39,0.8189329410211711,0,validation
accept-d39-west-major_trauma-173,39,0.7601513827376513,1,validation
accept-d39-north-respiratory_distress-45,39,0.8408727274113686,1,validation
accept-d39-west-cardiac_event-157,39,0.7314212336726942,1,validation
accept-d39-east-respiratory_distress-93,39,0.7672580724911702,1,validation
accept-d39-central-cardiac_event-109,39,0.7891936686781301,1,validation
accept-d39-central-respiratory_distress-141,39,0.849939827715845,1,validation
accept-d39-west-respiratory_distress-189,39,0.8643131206030169,1,validation
accept-d39-east-cardiac_event-62,39,0.8026174917183858,0,validation
accept-d39-central-major_trauma-126,39,0.8983543699365322,1,validation
accept-d39-central-respiratory_distress-142,39,0.8517057751507291,1,validation
accept-d39-north-major_trauma-30,39,0.9279143694919619,1,validation
accept-d39-west-cardiac_event-158,39,0.8020922394732365,1,validation
accept-d39-north-cardiac_event-14,39,0.8624475650173987,1,validation
accept-d39-west-major_trauma-174,39,0.8870915274233896,1,validation
accept-d39-north-respiratory_distress-46,39,0.8549740811147414,0,validation
accept-d39-east-respiratory_distress-94,39,0.783319278322609,1,validation
accept-d39-west-respiratory_distress-190,39,0.8899438179797151,1,validation
accept-d39-central-cardiac_event-110,39,0.7800227344123339,0,validation
accept-d39-east-major_trauma-78,39,0.7479801748992368,1,validation
accept-d39-west-major_trauma-175,39,0.8595028600505832,1,validation
accept-d39-north-cardiac_event-15,39,0.828495215182338,1,validation
accept-d39-central-respiratory_distress-143,39,0.8413699245542161,1,validation
accept-d39-north-respiratory_distress-47,39,0.8186271466537824,0,validation
accept-d39-central-cardiac_event-111,39,0.7475041882102773,1,validation
accept-d39-west-respiratory_distress-191,39,0.8820809403844097,1,validation
accept-d39-east-major_trauma-79,39,0.8072028860162659,1,validation
accept-d39-central-major_trauma-127,39,0.8781834232111941,0,validation
accept-d39-east-cardiac_event-63,39,0.8455251799379095,1,validation
accept-d39-west-cardiac_event-159,39,0.8367235946430437,1,validation
accept-d39-east-respiratory_distress-95,39,0.8351420453929734,1,validation
accept-d39-north-major_trauma-31,39,0.9006337890108127,0,validation
accept-d40-north-respiratory_distress-32,40,0.851718742384683,1,validation
accept-d40-central-cardiac_event-96,40,0.7737621610604714,1,validation
accept-d40-west-cardiac_event-144,40,0.8228201396580227,1,validation
accept-d40-west-respiratory_distress-176,40,0.8759353135447447,1,validation
accept-d40-east-major_trauma-64,40,0.8202460199309074,1,validation
accept-d40-central-major_trauma-112,40,0.8251253838047932,1,validation
accept-d40-east-cardiac_event-48,40,0.8808140899065343,1,validation
accept-d40-west-major_trauma-160,40,0.8386404466480702,1,validation
accept-d40-central-respiratory_distress-128,40,0.8560301080151593,1,validation
accept-d40-east-respiratory_distress-80,40,0.8831911020540182,1,validation
accept-d40-north-major_trauma-16,40,0.9376538115448583,1,validation
accept-d40-north-cardiac_event-0,40,0.8650212074733805,1,validation
accept-d40-central-major_trauma-113,40,0.8251008429369148,1,validation
accept-d40-north-cardiac_event-1,40,0.871385387522191,0,validation
accept-d40-central-respiratory_distress-129,40,0.8472500560618254,1,validation
accept-d40-west-respiratory_distress-177,40,0.8898093402985232,1,validation
accept-d40-central-cardiac_event-97,40,0.7800914260577527,1,validation
accept-d40-west-major_trauma-161,40,0.8459317920978153,1,validation
accept-d40-north-major_trauma-17,40,0.9049576314444485,1,validation
accept-d40-east-cardiac_event-49,40,0.8814985278481693,1,validation
accept-d40-east-major_trauma-65,40,0.717042160591116,1,validation
accept-d40-east-respiratory_distress-81,40,0.8734772911874749,1,validation
accept-d40-west-cardiac_event-145,40,0.8330189383920041,1,validation
accept-d40-north-respiratory_distress-33,40,0.8303221080929281,1,validation
accept-d40-west-major_trauma-162,40,0.8916606141020116,1,validation
accept-d40-east-major_trauma-66,40,0.7942048389728364,1,validation
accept-d40-north-major_trauma-18,40,0.9370103404414385,1,validation
accept-d40-west-respiratory_distress-178,40,0.8858643646412216,1,validation
accept-d40-north-respiratory_distress-34,40,0.8684224309241174,1,validation
accept-d40-north-cardiac_event-2,40,0.8705937213406433,1,validation
accept-d40-west-cardiac_event-146,40,0.8368780971719595,1,validation
accept-d40-central-major_trauma-114,40,0.7978272361378173,1,validation
accept-d40-east-respiratory_distress-82,40,0.8782165155567775,1,validation
accept-d40-central-respiratory_distress-130,40,0.8532085032759154,1,validation
accept-d40-central-cardiac_event-98,40,0.7938781399541878,0,validation
accept-d40-east-cardiac_event-50,40,0.8895825909355947,1,validation
accept-d40-north-major_trauma-19,40,0.8873489780173563,1,validation
accept-d40-west-respiratory_distress-179,40,0.8839415414808445,1,validation
accept-d40-east-respiratory_distress-83,40,0.8529687273413679,1,validation
accept-d40-central-major_trauma-115,40,0.8001228740352728,1,validation
accept-d40-east-major_trauma-67,40,0.7932061949655282,0,validation
accept-d40-west-major_trauma-163,40,0.8637922332871166,1,validation
accept-d40-north-respiratory_distress-35,40,0.8672135937629064,1,validation
accept-d40-east-cardiac_event-51,40,0.8306264879953853,0,validation
accept-d40-north-cardiac_event-3,40,0.865524915512228,1,validation
accept-d40-central-respiratory_distress-131,40,0.865131443532621,1,validation
accept-d40-west-cardiac_event-147,40,0.8385928918541996,1,validation
accept-d40-central-cardiac_event-99,40,0.7876363451362974,0,validation
accept-d40-central-cardiac_event-100,40,0.7454314848180658,1,validation
accept-d40-east-major_trauma-68,40,0.6491095875468867,0,validation
accept-d40-central-respiratory_distress-132,40,0.8579737293362267,1,validation
accept-d40-north-respiratory_distress-36,40,0.8721854190365927,1,validation
accept-d40-central-major_trauma-116,40,0.800530135600788,1,validation
accept-d40-west-major_trauma-164,40,0.8684145815182748,0,validation
accept-d40-north-major_trauma-20,40,0.8700974429397954,0,validation
accept-d40-west-cardiac_event-148,40,0.7676291460179638,0,validation
accept-d40-west-respiratory_distress-180,40,0.8268510855899258,1,validation
accept-d40-east-respiratory_distress-84,40,0.7433627829262497,1,validation
accept-d40-north-cardiac_event-4,40,0.8267501750322243,1,validation
accept-d40-east-cardiac_event-52,40,0.8159976500842012,0,validation
accept-d40-west-major_trauma-165,40,0.7909110602000486,0,validation
accept-d40-central-respiratory_distress-133,40,0.8865021935220083,1,validation
accept-d40-central-major_trauma-117,40,0.8585733976366138,1,validation
accept-d40-east-major_trauma-69,40,0.7260449404948333,1,validation
accept-d40-north-major_trauma-21,40,0.8914719076261126,0,validation
accept-d40-west-respiratory_distress-181,40,0.81015942049288,1,validation
accept-d40-west-cardiac_event-149,40,0.7651287865729027,0,validation
accept-d40-east-cardiac_event-53,40,0.8450594812824012,0,validation
accept-d40-central-cardiac_event-101,40,0.8192777786299754,1,validation
accept-d40-north-cardiac_event-5,40,0.799285336106611,1,validation
accept-d40-north-respiratory_distress-37,40,0.831422816291194,1,validation
accept-d40-east-respiratory_distress-85,40,0.8023590869817355,0,validation
accept-d40-central-major_trauma-118,40,0.866034182130483,1,validation
accept-d40-west-respiratory_distress-182,40,0.8655318013950193,1,validation
accept-d40-north-major_trauma-22,40,0.8757287391965362,1,validation
accept-d40-west-major_trauma-166,40,0.7597813028457477,0,validation
accept-d40-east-cardiac_event-54,40,0.7530173791880436,1,validation
accept-d40-east-major_trauma-70,40,0.7883238392276991,1,validation
accept-d40-central-cardiac_event-102,40,0.8317569104531838,1,validation
accept-d40-central-respiratory_distress-134,40,0.8816291300905439,0,validation
accept-d40-north-cardiac_event-6,40,0.8815155842073237,1,validation
accept-d40-west-cardiac_event-150,40,0.8080752347992841,1,validation
accept-d40-east-respiratory_distress-86,40,0.841333872743252,1,validation
accept-d40-north-respiratory_distress-38,40,0.8767151591696571,1,validation
accept-d40-east-cardiac_event-55,40,0.8730136966255749,1,validation
accept-d40-central-major_trauma-119,40,0.8150540714585999,0,validation
accept-d40-east-major_trauma-71,40,0.8198561102277945,1,validation
accept-d40-north-cardiac_event-7,40,0.8780936474643765,1,validation
accept-d40-central-cardiac_event-103,40,0.7298947292947036,1,validation
accept-d40-north-major_trauma-23,40,0.8756508466918634,1,validation
accept-d40-west-respiratory_distress-183,40,0.9076908057834293,1,validation
accept-d40-west-cardiac_event-151,40,0.8625313677379078,1,validation
accept-d40-central-respiratory_distress-135,40,0.8347248334211433,1,validation
accept-d40-north-respiratory_distress-39,40,0.8643400254640885,1,validation
accept-d40-east-respiratory_distress-87,40,0.8645235510897351,1,validation
accept-d40-west-major_trauma-167,40,0.8559340849608653,1,validation
accept-d40-north-major_trauma-24,40,0.9001030167134909,1,validation
accept-d40-north-respiratory_distress-40,40,0.8723657926714846,1,validation
accept-d40-west-major_trauma-168,40,0.8268354896519561,0,validation
accept-d40-west-respiratory_distress-184,40,0.8878889516407872,0,validation
accept-d40-central-major_trauma-120,40,0.8760224662334727,1,validation
accept-d40-east-major_trauma-72,40,0.7903155298274065,1,validation
accept-d40-central-cardiac_event-104,40,0.8349726235179136,1,validation
accept-d40-east-cardiac_event-56,40,0.8565332993286346,1,validation
accept-d40-central-respiratory_distress-136,40,0.8808893938956609,1,validation
accept-d40-west-cardiac_event-152,40,0.8018004633940242,1,validation
accept-d40-east-respiratory_distress-88,40,0.8391690665599082,1,validation
accept-d40-north-cardiac_event-8,40,0.871005776161921,1,validation
accept-d40-east-respiratory_distress-89,40,0.836594131462861,1,validation
accept-d40-west-cardiac_event-153,40,0.7991386591575096,1,validation
accept-d40-north-cardiac_event-9,40,0.8805141649063151,1,validation
accept-d40-central-cardiac_event-105,40,0.8223184757054454,0,validation
accept-d40-north-respiratory_distress-41,40,0.8718210207853995,1,validation
accept-d40-west-major_trauma-169,40,0.7331648652429756,1,validation
accept-d40-central-respiratory_distress-137,40,0.8655819273462538,1,validation
accept-d40-central-major_trauma-121,40,0.8123635434974349,1,validation
accept-d40-north-major_trauma-25,40,0.915849745698562,1,validation
accept-d40-east-cardiac_event-57,40,0.8512772009737755,1,validation
accept-d40-east-major_trauma-73,40,0.7911804334995204,1,validation
accept-d40-west-respiratory_distress-185,40,0.905574606971312,1,validation
accept-d40-central-cardiac_event-106,40,0.7823772354816019,1,validation
accept-d40-east-cardiac_event-58,40,0.8638665097714421,1,validation
accept-d40-east-respiratory_distress-90,40,0.8537230266869067,1,validation
accept-d40-west-major_trauma-170,40,0.8258505127103892,1,validation
accept-d40-north-respiratory_distress-42,40,0.8705836092946893,0,validation
accept-d40-east-major_trauma-74,40,0.8062294684482402,1,validation
accept-d40-north-major_trauma-26,40,0.784176876366929,1,validation
accept-d40-central-major_trauma-122,40,0.8181025874228524,1,validation
accept-d40-north-cardiac_event-10,40,0.8303162407068098,1,validation
accept-d40-central-respiratory_distress-138,40,0.8871838933016436,1,validation
accept-d40-west-respiratory_distress-186,40,0.9017450233827148,1,validation
accept-d40-west-cardiac_event-154,40,0.8371658300191632,1,validation
accept-d40-central-cardiac_event-107,40,0.835737130332659,1,validation
accept-d40-west-cardiac_event-155,40,0.8267209794899016,0,validation
accept-d40-east-cardiac_event-59,40,0.8562093733798276,1,validation
accept-d40-central-major_trauma-123,40,0.8075600555256234,1,validation
accept-d40-central-respiratory_distress-139,40,0.8756149791789357,1,validation
accept-d40-east-respiratory_distress-91,40,0.8491605983446175,0,validation
accept-d40-east-major_trauma-75,40,0.6983975710582755,1,validation
accept-d40-north-major_trauma-27,40,0.9269188807752445,1,validation
accept-d40-west-major_trauma-171,40,0.8219677454103856,1,validation
accept-d40-north-cardiac_event-11,40,0.8695952871768167,0,validation
accept-d40-north-respiratory_distress-43,40,0.8202587212998523,1,validation
accept-d40-west-respiratory_distress-187,40,0.8655109969129978,1,validation
accept-d40-central-cardiac_event-108,40,0.8300201929045098,1,validation
accept-d40-east-major_trauma-76,40,0.7206102957876677,0,validation
accept-d40-west-major_trauma-172,40,0.8128481766081991,1,validation
accept-d40-west-respiratory_distress-188,40,0.8939476222613405,1,validation
accept-d40-north-respiratory_distress-44,40,0.8360879036733937,1,validation
accept-d40-east-respiratory_distress-92,40,0.770320209578507,1,validation
accept-d40-central-major_trauma-124,40,0.8661021761192351,1,validation
accept-d40-north-major_trauma-28,40,0.9389830423846548,1,validation
accept-d40-central-respiratory_distress-140,40,0.8771148866077192,1,validation
accept-d40-east-cardiac_event-60,40,0.7999159520049253,1,validation
accept-d40-west-cardiac_event-156,40,0.8400763647020147,1,validation
accept-d40-north-cardiac_event-12,40,0.8659974914013973,1,validation
accept-d40-central-major_trauma-125,40,0.886612536225159,1,validation
accept-d40-west-respiratory_distress-189,40,0.888668725077535,1,validation
accept-d40-north-cardiac_event-13,40,0.8690772817742598,1,validation
accept-d40-east-major_trauma-77,40,0.7849964516153899,1,validation
accept-d40-east-cardiac_event-61,40,0.8519016325802276,1,validation
accept-d40-central-cardiac_event-109,40,0.824753176081306,0,validation
accept-d40-north-respiratory_distress-45,40,0.8692817232482182,1,validation
accept-d40-north-major_trauma-29,40,0.9314006801343506,1,validation
accept-d40-central-respiratory_distress-141,40,0.8267759596529679,1,validation
accept-d40-east-respiratory_distress-93,40,0.8474219813313778,1,validation
accept-d40-west-cardiac_event-157,40,0.8283480979488569,1,validation
accept-d40-west-major_trauma-173,40,0.7989772364619836,0,validation
accept-d40-east-cardiac_event-62,40,0.8454698659258174,0,validation
accept-d40-east-respiratory_distress-94,40,0.8166296676563,1,validation
accept-d40-west-major_trauma-174,40,0.7792800430686859,0,validation
accept-d40-central-cardiac_event-110,40,0.769263669441641,1,validation
accept-d40-north-cardiac_event-14,40,0.8684085041810132,1,validation
accept-d40-central-major_trauma-126,40,0.8144722710962321,1,validation
accept-d40-west-cardiac_event-158,40,0.7535879832657023,0,validation
accept-d40-north-respiratory_distress-46,40,0.8649543255043222,1,validation
accept-d40-west-respiratory_distress-190,40,0.7993415114393398,0,validation
accept-d40-central-respiratory_distress-142,40,0.8787378374167313,1,validation
accept-d40-east-major_trauma-78,40,0.7746438692235001,1,validation
accept-d40-north-major_trauma-30,40,0.9470222527807481,1,validation
accept-d40-west-major_trauma-175,40,0.6036481018409466,0,validation
accept-d40-east-respiratory_distress-95,40,0.8402121420637616,1,validation
accept-d40-west-cardiac_event-159,40,0.677661071711548,1,validation
accept-d40-west-respiratory_distress-191,40,0.8036540505362552,0,validation
accept-d40-north-respiratory_distress-47,40,0.8656357583973066,1,validation
accept-d40-north-major_trauma-31,40,0.9523633330246347,1,validation
accept-d40-central-respiratory_distress-143,40,0.8777851482913723,1,validation
accept-d40-east-cardiac_event-63,40,0.8518858109516529,1,validation
accept-d40-east-major_trauma-79,40,0.7673541342555935,0,validation
accept-d40-north-cardiac_event-15,40,0.8719035468924164,1,validation
accept-d40-central-major_trauma-127,40,0.852885098189206,1,validation
accept-d40-central-cardiac_event-111,40,0.812252174480357,1,validation
