sample_id,features_hash,p,label,split
d31-north-icu_bed-113,df4293dfbcff8913bf54b71336b4affadbd1162ecfdb5b6fb60f317d97cb1eb7,0.5305083933554988,1,validation
d31-north-icu_bed-208,b1ba8afc61081c1b7970b331db2f2f70e36a64a52151034f6447105eb2009f97,0.01496649276598019,0,validation
d31-north-icu_bed-220,35a53ebf3df5c436770e6d1983bcb2b44beb2687b5ce1318829081925d8c6cbb,0.013626405355551376,0,validation
d31-north-icu_bed-227,eaabe4921d0d52e6311d2f5d5220ab8839f29b4abff1e8ee418c25108c6b4f2b,0.1765936693868052,0,validation
d31-north-icu_bed-034,2b5c8e21cc210332c625b68e94017ca5df7cb6ee6328134af810daf49de398e3,0.00936066485618663,0,validation
d31-north-icu_bed-218,7bc03ab5991a024a1400576c59896451c967d0603615616fe883451ff50f3211,0.008063428050377476,0,validation
d31-north-icu_bed-122,61caf7a977bec8a3638a6aa232fdde31a70c5f6b2efba690de0a978375ced0c2,0.036753189097033706,0,validation
d31-north-icu_bed-217,107cea29d872c8be07b1f0eb3db947ff13e2fcb61cfaf9649629d08db2225325,0.12996078751497483,0,validation
d31-north-icu_bed-051,29e2e0270638fee28a066a9cf6036540b05de2fcf34967e56dea03a58def4485,0.0005312982099262182,0,validation
d31-north-icu_bed-012,08a6e8bd616d0d432ec115efe8b9033bbfc25df29fee47a0cd169223d62e04ce,0.0021608792862733038,0,validation
d31-north-icu_bed-130,fcdb82e0259be188da0c3646775df723fac7b14b1319a975e8efa9c458947248,0.03376402418767286,0,validation
d31-north-icu_bed-054,ed4cb91895abfcdb451df1bd025a27a5e780e0f93c3e431c18a0b804b3a9c7e8,0.007843007361473284,0,validation
d31-north-icu_bed-124,ee6a6906edab0f9b07cc5970f79ef12d593452ef9b08512fa5e6ba8fc80c78d2,0.0004344859992336799,0,validation
d31-north-icu_bed-184,5a8b7fcfdc7b8a4b489f74406d1d491cd3550b464a5e6b9965504ea1b706e44e,0.0017982098812231008,0,validation
d31-north-icu_bed-158,c7bc04ed20383a6510f4dc758b7e3047d0fab78c0c1048ee3657ebd6b228ae48,0.03147554629507467,0,validation
d31-north-icu_bed-202,fb0a61d49d9b95c48bbee921cc3f916b23fce72660869635075f0cd6615e668d,0.001765619856381964,0,validation
d31-north-icu_bed-058,2d19f3a1c72a483f9ac1340c3910dc3592603c1761f88816ac9c56bbd7a650b2,0.0004414151738545234,0,validation
d31-north-icu_bed-035,730bfebbf075daf2691ab7fa921c3396e9c9af43e46c07856bdca050599ec576,0.0004397125835441533,0,validation
d31-north-icu_bed-187,1c376eb04f5c19dd95516781c5de596ce7e3fa9961b4a645a518267810547888,0.0004809522249878147,0,validation
d31-north-icu_bed-081,bc4269cdc6ea47a453fe96da0011b9a4d94929746d961b0dd4e17936f3d24faa,0.1250568575564633,0,validation
d31-north-icu_bed-185,1d2ca8739c830f7c4645046eef4585a1c66caa29a9e04b221c164ab3bebb0577,0.11911515828417063,0,validation
d31-north-icu_bed-171,c548ec36434435389e5f590f3a49b706f5fb0034dc4c963f51b6265237f4515a,0.11979175404802152,0,validation
d31-north-icu_bed-068,3b3c60713b445beb716a1a4115d30caa0f6b918ede4c1d9d1dc5a8a8a379c4ee,0.0004847629595350703,0,validation
d31-north-icu_bed-011,a1f20d34752d7916eee98e96dd74b08eefb026659d3dde2f12f271cca7ff42cc,0.010196865162346648,0,validation
d31-north-icu_bed-002,8dd0500fded720dcca33f2136beec83909c721cf241dc01531ddf7a8e2280808,0.009982668246238412,0,validation
d31-north-icu_bed-189,dd46a058fce19a99a58390c991d8d8043f17d268935f4a1b51719db24896d87d,0.04346471316094829,0,validation
d31-north-icu_bed-214,8df07d5f435de9567c92c6ed7fde630e17389182dc908ec493857e295be51e91,0.0023087149865358247,0,validation
d31-north-icu_bed-077,025eeefb17608fce638f990145adaa782c777261adf7f9efac14577ad0b7e24e,0.0007096260803167956,0,validation
d31-north-icu_bed-216,6b4a0c4bda34003ca325e19ec158efa5c0af89d5dc5f49146c0bf073d1598432,0.0006988963662918329,0,validation
d31-north-icu_bed-099,3c985f134b6b2877eafdbf9c26d7b3e9ff5505028fb49fc92259ed5fbc4e1e60,0.17186661020392427,0,validation
d31-north-icu_bed-221,deb4737231f107b89d0ae14105e7e2d94eacfae440a57ca2f6bb978c6349ccd9,0.0006889572734615151,0,validation
d31-north-emergency_bed-041,9522c3f9257d50f29712be859bb3c958ee01fe2d5338126592184a78cffa2b7c,0.9999776540405522,1,validation
d31-north-emergency_bed-150,31edadc399e9647ce638bf553f61c27c17f5fcc3abbf874d7d0e8f4fe36c718e,0.9996131249117044,1,validation
d31-north-emergency_bed-154,3dc7a335b34d899314af1a3b10f9ed86d95b91d26a479903ad49cb37fc32834f,0.9983224526289672,1,validation
d31-north-emergency_bed-015,e82ec89be9aca0bac60e8e65db6b5380657a2341cccd0b9c63653c662636101b,0.9999899412019673,1,validation
d31-north-emergency_bed-108,ca577d875ae3ab6df625bf3cb83c84bd6cc53e3987c653928dc51556b63a2823,0.9999994120426692,1,validation
d31-north-emergency_bed-133,77a637b77a63e754399ea6c6113a5947cc6b4b878df055a0175587ad0b9aa43f,0.9999994198708023,1,validation
d31-north-emergency_bed-135,f3cf178511c97b06e3fe4ba92251550f23fd6c5c1aec59c53b9518a8b7eacdf2,0.9999972782730635,1,validation
d31-north-emergency_bed-192,a5d08d4418452fbfd28800d05d3ed0201347efb94df2326888caa8d2d1b55d3e,0.9999978706600328,1,validation
d31-north-emergency_bed-038,727a2ba6250af0accfad01f851fa700b18ae4e5b8790887f44f485a98dbca0a6,0.9998908897022379,1,validation
d31-north-emergency_bed-028,a01dadf6dc5b7490928201de4a4e008dccb9cde903344615fa4a9675310f8436,0.998586363385749,1,validation
d31-north-emergency_bed-120,d79cec0f9992cfca8da90327c0c2ba0f774b3fea18312460ea11bd792bc2c19b,0.998557441401837,1,validation
d31-north-emergency_bed-174,a7f00252e01d2116429d3e4c9aef9747a12a065d215a7d70440072bb22fce7fa,0.9942025500284708,1,validation
d31-north-emergency_bed-020,122de0d752326ce5062b99141c79cdc826ee918f176c2e3351097aa231800c12,0.9985387612845807,1,validation
d31-north-emergency_bed-001,cd5b4fd1e5021c3c4dd35b99d00d9fb56427b7de577b795736f1044cd15bc854,0.9999028764408336,1,validation
d31-north-emergency_bed-138,a6cb42a4b30162f5ff1273bc7aec9ff0127bd395f18c4029237261d8bbc36fec,0.973692355604369,1,validation
d31-north-emergency_bed-167,0f7cf684619a0feda12565ff236b4682d8ad14573511c71cac1e8c23b5c6d9d3,0.9955368000397888,1,validation
d31-north-emergency_bed-078,cb03d012b6ba9bbc046f91af8447b7e9f5faa272d549ed7bd079555ed7003ca0,0.9160324773741606,1,validation
d31-north-emergency_bed-037,ebdb6c1f7a758ad39f59c6482c8e0035ddf97671aec5de331f62479a217ea8a2,0.9109492989776622,0,validation
d31-north-emergency_bed-096,bf1da696d1e9bfead63b4c000d5373d9ff6cbf49d05b8a6ec70c16825e88401c,0.9052001837785182,0,validation
d31-north-emergency_bed-097,43825583e06c96c71e74d7376ae6f4b2cfacd6677a88bf3e493e5b9c005902f3,0.9940785034127024,1,validation
d31-north-emergency_bed-210,1211e3328cbe35c4c973ca1d0ef0291cb596aa924456fc954fa8ab63ad46d7e1,0.8348825803370583,1,validation
d31-north-emergency_bed-072,27e66ce588803037f8cbf3ce2d35474de18e14500bf1d49cf5bc71658c81d3ee,0.9378061909334754,1,validation
d31-north-emergency_bed-112,bd60e52040aa8cb37185a61c7246dbead530123e981c3a86a91b084b8a7c0d43,0.18978204954139782,1,validation
d31-north-emergency_bed-136,eabbed0c4b290056e239eea592a3fefeb13085e88fff25d21d34a585bc6fd9aa,0.9985426981981205,1,validation
d31-north-emergency_bed-169,16b8b43fd0ed43aa370e46d52c69551e7210c17d08622b435b11cbb735841427,0.9914173558518126,1,validation
d31-north-emergency_bed-044,37c35b06f8c1030c2aac3d813a3e52a49e483f78b5538c7435839116feaec352,0.007754726290639326,0,validation
d31-north-emergency_bed-095,546bf521fa8668ab31cc6f466097fbfa173548d12cfc0997cdcfedfbec65a471,0.03727889947033849,0,validation
d31-north-emergency_bed-060,99403f911f4a28fd713f8ae87ff23689ed0b54763ae3ee8f7a96ba657fc0867f,0.008025156261180454,0,validation
d31-north-emergency_bed-125,8fbc58f2c70babf22ee269a76cc6aec0baaa28eb95737fc6d4891c39b21d16f1,0.0019433092519091112,0,validation
d31-north-emergency_bed-046,241110a63c997abaa49feebb6741bf44b8dbfd62c760d00dc3d170b6c2a34aae,0.060078784314492255,0,validation
d31-north-emergency_bed-139,b162b1b465091ec05ec25f5e7b08625f774c9f40b54117dc37e1655025f4ff19,0.06121591530752953,0,validation
d31-north-emergency_bed-175,11b07f2bfb247a86bc42ca9c839fdbcb50d435d1b97ceeec85d2ce77035130b0,0.16119828081174445,0,validation
d31-north-emergency_bed-222,e2acf163f9da56e028e0ffa4f95a7645387af9f36465479eb5c13e58c08fd743,0.04330818781791315,0,validation
d31-north-emergency_bed-149,54215b9fdd56dea0430811b24148fedaf1cc749d07a869716c7d1f4a9310d7a8,0.01051020102728578,0,validation
d31-north-emergency_bed-127,6b660468f3b74b8d4e1f99b981446e374c750859a6deeda9626116465c14e9d9,0.2223505517186901,0,validation
d31-north-emergency_bed-237,1595fe20b3f3ec179bf4709098300d3d8d991ce5fbf4c134fef3d7da71023dc1,0.5435670882617816,1,validation
d31-north-emergency_bed-194,30d41f1b14e0a158ac6973359bd81962452c835ea3f9b30cbfd1dc01d7eb81a3,0.11464432470493059,0,validation
d31-north-emergency_bed-151,2dd43ee75551a8b6ebadf4ec92709d99acccd525daeb13c8c8a1ff1fdd18cba3,0.013016149949982765,0,validation
d31-north-emergency_bed-183,5f443c1404bdfc64aa20e4d6943e02f5112bc6fec5c38733ed687d091cf4fbc8,0.13333054361568497,0,validation
d31-east-icu_bed-144,4ce652e237958399677e88a2a4aec1efe98e6a9a38155e1c491c0a9181579220,0.012951248843119581,0,validation
d31-east-icu_bed-232,1133d163e65f3c75f79c33ac7955fd314b298c4c11ba6e45e28ede75279ecb92,0.0027716429577315043,0,validation
d31-east-icu_bed-045,edaaca9118cb15a07e4ce9e8f40b65fb3cc536ce1d72e5c386019b8c2d43d275,0.04563758508794179,0,validation
d31-east-icu_bed-086,a0f7af38658eb0d99781580a2ae60bf96d54140a8d551e608c0edf5f63e6332b,0.04381165424752027,0,validation
d31-east-icu_bed-134,f75feebb5252d3e988b03f6d29faeca9bf1204fada18f343146c08b2d9b830af,0.0450911677212462,0,validation
d31-east-icu_bed-223,93f3632a20b65012ea55ed9dd8335e42a25cfe8c61d0f1856842b746d2b693bf,0.0023555226447113907,0,validation
d31-east-icu_bed-161,7b6e3487bf4b8c84d589d3b89ef50efd15e7ef1516f0a478f3829da9339d6fe1,0.04656305324048691,0,validation
d31-east-icu_bed-062,36ff4ba2ec1ff8a50b39e59dc0baae69847b67fd3be60f0285f7b865b2169591,0.0023753288852610146,0,validation
d31-east-icu_bed-088,25eb8ff55176368d51e7ac858ba2f7b50ba0c671ac3bf68be3465a63c8737679,0.0023827965194535387,0,validation
d31-east-icu_bed-199,da29b1b5b70c935fc93adcb04500facb83a216c9a3d5cdd8dc77f00394488a77,0.010708329551961887,0,validation
d31-east-icu_bed-209,cd83a7128c41e2e197649dc8a41a130be682673fcd26b88a6d2b4464b20c8f00,0.0024031897000632457,0,validation
d31-east-icu_bed-143,3be00f27abbe64a6bce821607382d6873ad52e18254bce09417daa06185d6e2e,0.12759467722190213,0,validation
d31-east-icu_bed-101,c6ea36973ea432e49a5b42f9a89ca1d3fdf5e69e7b6765dc41a0040df2448249,0.009443470517393034,0,validation
d31-east-icu_bed-236,aaf820aeee06695debcaa1cd73c48a607c8760ffb63a0b2e2b00fb4166e3cd11,0.008325642249902067,0,validation
d31-east-icu_bed-196,adf289da0a721ec8f88b52b45608321ed8eab946ad8d7783436d63bf7b0783b0,0.03738426105025813,0,validation
d31-east-icu_bed-023,afff402c548fc782fffa5b251bf4dfbe5dc494bb23e8ecfc70f485526b9b1cd7,0.00781732253189837,0,validation
d31-east-icu_bed-129,98ecbce0624e739dd7de744368076d6b69ca3ea128db7a1b47dd30aa1c4cdfca,0.00908082500926988,0,validation
d31-east-icu_bed-042,28e62c5b6ebdf9063c6bcf0116802a64e8c7502093433bb9ce3c34b074788bd7,0.0020477991438131097,0,validation
d31-east-icu_bed-075,bf19a5fa7b7b413b04e24e2919a1163c642ae62d47a2c3372422e23a00fb89a0,0.008132102119471142,0,validation
d31-east-icu_bed-005,868a08ad77f6bb22b6438891ff2a5dec7478c3edeae316c9c6e1aa8de7b47a82,0.007693543208830574,0,validation
d31-east-icu_bed-201,a6606571afa29046167ec368eed521604ec228b66ada1f9fa8f41d4ece03162f,0.12391302329370332,0,validation
d31-east-icu_bed-100,4de306aaa12e9177084f3ab8c8386f1a1c956a2334941933749e6136579d0bfe,0.007827179364620017,0,validation
d31-east-icu_bed-225,a85964b2fb01191d552eb0051a38ab33962e66986f58c4bcf40f5160704a95fc,0.0330667225477683,0,validation
d31-east-icu_bed-021,dacda530b0c41fa8d835e9a0b8899a2a691888005a03bb059ae7615460795800,0.13043238237652077,0,validation
d31-east-icu_bed-103,440005c5873dc0b184a437c4cace0bfc254f8b819cf4d78f496f541f87f0e31f,0.11451971219997972,0,validation
d31-east-icu_bed-234,756a00fbaf0eb266518eb50465b24401f8f810c7025579d2b76a4701ba464145,0.0020458833139734975,0,validation
d31-east-icu_bed-036,254d3a64d3bdc47137109312c859b4f959d46191dc5a0462668181e569e7d6fa,0.0005000241870279599,0,validation
d31-east-icu_bed-093,01289b116aa5cf307e1b0cc3fd8fe77cc98b59f1a30001cf9fc927f40b030644,0.043387097701659584,0,validation
d31-east-icu_bed-039,d9bd3e815c38271a5a87d2aca37a745982143d463f4a86b5c4284fb74cbaff53,0.0006821305107207312,0,validation
d31-east-icu_bed-118,0e935c265a39cd60baa8740507f493838a9da457a53bdc0147c1e5ff48fbd3d6,0.011765004564258025,0,validation
d31-east-icu_bed-193,dcfa8a94c550e8b39056d5f575c432e165f1cda2a790233bb3b1b76c421e8b4e,0.0007234166135866341,0,validation
d31-east-icu_bed-148,b5c5ab7818de4babc79fe6c422ff9d2876d747583fa06ae381b0002b7f7bb747,0.003021559689459526,0,validation
d31-east-icu_bed-126,f420acf81072d37e095f0053489d1594d5df5c91bcb5e4f0ece1ce8106e24bea,0.0030584827391432184,0,validation
d31-east-icu_bed-207,c98a0e91cd54027750ecb849e6c510516b9efec7e4b9ceda8ea27431ba9f0015,0.045333726715600056,0,validation
d31-east-emergency_bed-147,1e7104e5cff2c74c20bf1956587bd95316666cb08225f6a373d665d9b9cf7b2b,0.191352623897349,1,validation
d31-east-emergency_bed-121,d815b6fe410444f7645e03cde5c5ffc9ef9b90080727df96c59905a400f0a434,0.8993851405401272,1,validation
d31-east-emergency_bed-230,bd057e75287e35942e22a63579758f6d83b17152e119dc6cb4e2d36af79ed556,0.9711028020845912,1,validation
d31-east-emergency_bed-033,4653b7e884b584ec8eff874a44910074d7210db950aae980b665e91978f3c1a3,0.10149377681866233,0,validation
d31-east-emergency_bed-043,2ab5b251d856e07cfc80579d257d83e2dce4eed8d4ccd579453c68e3e736ef56,0.00647571766386682,0,validation
d31-east-emergency_bed-008,0352763ffadeac51add02d99938f06344c9316f72adcb5317fb84e44b518975c,0.6793523303587881,0,validation
d31-east-emergency_bed-140,761698d4428cc87ce8ef5630a0ecd9c30f1117e08b8b28e115040f4db32849ad,0.6307386955330654,0,validation
d31-east-emergency_bed-119,fbac2b2ce37e7488ee6b1a1d4050160080e85f0e8bb9cdf2648936238f213e84,0.1111008462078252,0,validation
d31-east-emergency_bed-195,2b26a3242a636dd3f4c72ac8b7c634780c02686c37a5dad8298f8c4d10706915,0.029583045937940974,0,validation
d31-east-emergency_bed-064,691ee726cf93ebcd6d9d814e4788aad62f8f91e3637fa4cb461b23b69523b07f,0.10467270054634739,0,validation
d31-east-emergency_bed-145,1531abe8d1c529f1d818f5417c111c50e3e8b692072d41c9b885f64156f0f98b,0.08870064764353391,0,validation
d31-east-emergency_bed-048,806c7b57717786f222371015ae164780fb7ad338453aa1cef5bf5a31ecb904c8,0.28754838690321455,0,validation
d31-east-emergency_bed-052,be1e89817268ca1f0d3f65aca96db7bc3228969402a8d463a987fb32ef21f973,0.06984815260905423,0,validation
d31-east-emergency_bed-017,f86de100c0388bb7fdcb8f83c92d48c761b35d2a998ff1f98ed59d7a4f31e2ee,0.8637737691177627,1,validation
d31-east-emergency_bed-022,7307ab50e1c10dbb5bdcef6418b36f1303b470e6b72de4379bea0ad75543f70c,0.02358502065576231,0,validation
d31-east-emergency_bed-123,b08603d41c58026d4bc9e73846af54e0b7d071aa244b2ebfde16c913d7227863,0.00640581942053517,0,validation
d31-east-emergency_bed-074,bcb98a151bbcfcba58a39e8c67148c82392397b81046caaffe5b783585a1b717,0.00552570475612295,0,validation
d31-east-emergency_bed-016,01a73566a1a49fdd2da453ff4490a5311e6258731522e780143ac496444c483e,0.0063888189597978125,0,validation
d31-east-emergency_bed-070,aeff7c21c06d3d380fed9e19e27008e3f80cb0c9cc6eb63639fc9f2151a2f13c,0.10563280528814459,0,validation
d31-east-emergency_bed-177,50b2940913f76bc79e1fa0949d98370e5786e5f65c5f88e082bec1b69648b3c3,0.0014903279242536377,0,validation
d31-east-emergency_bed-156,f0ff90a525cab17ec5bcc8ee5d95f2dd2e71f56cf06050d497eb120d2b7d7435,0.008938951626104114,0,validation
d31-east-emergency_bed-213,657a2307edff3a3bcc5fbc71f6aaefc7f9bfb4b76f9003bb4f41a83825bf3574,0.0017057679012623952,0,validation
d31-east-emergency_bed-069,0f6324cb01c44bf1b516f0eb58cf9491c9831bd2965848a085d0e3a9e5fe7059,0.001814776955881287,0,validation
d31-east-emergency_bed-206,c047ef6f9d94cf5f8cb4e3d77702c4b5a20381baed1c23e2ffc764cba3b0154c,0.010042517077250568,0,validation
d31-east-emergency_bed-178,9f7bde50e11700491c7bb9c3cc28237a7716f314d1deca9a8c25f50113c44183,0.008301902397254436,0,validation
d31-east-emergency_bed-203,eddcd9282452572f8d16d18d5aecf52c01330008ccdb1f67666dc09262195cb8,0.12843353020922965,0,validation
d31-east-emergency_bed-231,00656d50e72b3c2fe1687dfb08f69065a98131760b288080a2541b05af0b00bc,0.03573162909658255,0,validation
d31-central-icu_bed-029,b7d657fc476d5a571ec4f51f1431899dc263a5a196322dd01752f584b5ef9e7e,0.9882003544504536,1,validation
d31-central-icu_bed-027,229fbb6172f40a07455a13b500dbe21306cf3b5fe949678ace5800d3b7e5b1f2,0.9880890457728855,1,validation
d31-central-icu_bed-031,f29ebc63c5afb1642d5a9f4383fe8354b5294cc936363f83a67420df57de3236,0.8191096856664059,1,validation
d31-central-icu_bed-053,fc7aa37f74827ae10abfc2359a0c614c735777ff9252a3857e9669324f445583,0.821181305362628,1,validation
d31-central-icu_bed-026,cc3a1d1af1d0851709fed0d34f53579a3f389d176d23310a439a4ef35db3f2b5,0.9878575688672445,1,validation
d31-central-icu_bed-000,8dbabd83668c54c79c817c3acc5d778ffb172c22fd6c94f45f4897cc1bd94f77,0.8172328138546082,1,validation
d31-central-icu_bed-065,13c3ee6d4bf188d1fd2ca6a69cc84faa0d7b4f02068e29e2aa1f9983e78305f2,0.948512185688954,1,validation
d31-central-icu_bed-050,ae31caa2ed094fa283b01287c55763025c22fe603c3e55c671d8d22fa6508ad7,0.7815604033770669,1,validation
d31-central-icu_bed-142,49ce97359e91effd5666b528b892a8d47a7262f3d78b7e63521854e1e72b3340,0.4526737629570428,0,validation
d31-central-icu_bed-191,3daa31b164cd5961314201c4e33ebab4b80d912a29c49d7fa1c0089f41a8fd53,0.9373725606078434,1,validation
d31-central-icu_bed-007,e551dd642f9348b481902907b9b0d39eda8db47e8aa85e5f1a7a0c7ebf430c2a,0.7635159396441836,1,validation
d31-central-icu_bed-059,618f2c24fb46d6f49cd090ea1de4d2dc7c3b1831ff660340a78b0013d05ca3c2,0.9827545409644408,1,validation
d31-central-icu_bed-105,991ce77ca6ecd5322099122aca6219e0d164689eaca2083b2fbdfc8b529d2a7d,0.9810867099427424,1,validation
d31-central-icu_bed-006,4ddaa48d7095bdb03357c60d39eec556bc0f8bdca865d52399d4a2031adfbe4d,0.9821089608214414,1,validation
d31-central-icu_bed-146,e50a3b921566d7734fc8a25ede2c6ba83c8c5d7dbf1b6eed01c450f0ee48b91e,0.9373824897055263,1,validation
d31-central-icu_bed-019,e5eac406b50215a7fadf4238877ec7a05e6a01b35bfd784402ba8f38b262b8ee,0.9831167691891565,1,validation
d31-central-icu_bed-238,76feaf24132ddd3655dbb855b3f1c0a57deee063774c670b60677a7970689f04,0.9404398917201175,1,validation
d31-central-icu_bed-180,2cc87f825cf8f1d9d11a2a6e7b3d2feb3b5f005e46d6bee584db2544f4e7cada,0.9837804630387871,1,validation
d31-central-icu_bed-212,2c5eab2d0ad92082d438d4f8acc6d1493c7347d079714b617e02703c8002f381,0.9307003756353917,1,validation
d31-central-icu_bed-066,41066b40c3c0d36c2c8e495933a9f953077f1819c33a1d7b162f0fcb3681e4cb,0.4750846132242016,0,validation
d31-central-icu_bed-085,c48eabe34197ed2324010863c2faf2f785da67c840c61bdee776c4fb29a56685,0.7963866537522849,1,validation
d31-central-icu_bed-014,7da0e3161ff93e2453bdba6a46c2b3e1a28baa7be464c36086fdfbc946093100,0.9394459963372848,1,validation
d31-central-icu_bed-090,b7ca0dcef204085c90ba1b4b27d1515bb6b4abfb4ca1e0d91dd310d25074ce89,0.7108520564766271,1,validation
d31-central-icu_bed-109,8927dc849a81baead1928b3ea6c23a12d8265faf47ad5839e241f54fb3e2106d,0.027222947285782662,0,validation
d31-central-icu_bed-098,b22e4c5754543f8571a5386b77db282db5121918b534c8d338713cbbc5556c91,0.11700863689660716,0,validation
d31-central-icu_bed-176,74acd9442fb427fec6303dcd823e9363d96ffdffccb98b7be12e59509e1a2fab,0.324114093046555,0,validation
d31-central-icu_bed-200,f7c9a16afd1ace29b4b359f1d1405186c52061591e02f93bedd8c792a378aad5,0.004661610698557486,0,validation
d31-central-icu_bed-233,f4de95f074b2d0869ae27346af5154a3a43bc6df798818f740f5561934710043,0.6070830794286515,1,validation
d31-central-icu_bed-173,305c5d5c6483567eab8c53f8daa7d23f3171daec01f5a0e19a9be0cbdb97c0f3,0.2758659771703335,0,validation
d31-central-icu_bed-004,f51753a7b871ce4087708d1cbb3bd665399e3f74702cadf7a600edd5ec968d6f,0.08426896768064261,0,validation
d31-central-icu_bed-188,2e935917c8280d98b7d7e3bb2881dccf81253d2e425f5fbc53c66bdb6dcec9bb,0.07542500530961448,0,validation
d31-central-emergency_bed-157,a9ef0fda3c0c6d53156770e18b4444b545455eb910191c7101781c3a70553970,0.12718412441622068,0,validation
d31-central-emergency_bed-141,3902084a9c26f0936e17f3c9ca826c3321ef6e5f1cbb895f62bb5b59cb759e43,0.411847409762688,0,validation
d31-central-emergency_bed-106,f5878edabc8100181b5bd976988e43ca13244906f9104e481f0236dc26d8f122,0.36083188307973607,1,validation
d31-central-emergency_bed-164,9e729f279892c172981c05e8d1ef0078bdce8a4cc3bbf5caf0c6ce320d3844fc,0.0875922033293338,0,validation
d31-central-emergency_bed-110,3a375f4b0c8bf998b35e17ae3e65346e8f3e0d48d6f7bf77d9175848ce0c367a,0.10276683338655748,1,validation
d31-central-emergency_bed-219,39ead6c100a3c517478e589f9cee746edfa8be7c3ca7419253841e7d63460660,0.02116791222278656,0,validation
d31-central-emergency_bed-228,f9dc4cb71dd88551ec7bcaeb366c7f614ff6855bd4adaaceade6a21fddb2f502,0.5980130799914286,1,validation
d31-central-emergency_bed-153,d3bfa4c118d54dd2426222e8ce508edcce1ee51585103a303387b91409fa33b9,0.005209754276015095,0,validation
d31-central-emergency_bed-163,c61491b6674f6c86e895b7a27db1f019e8141a13b6b3ea1aa04e56cec4837719,0.3260072100914452,1,validation
d31-central-emergency_bed-032,1efb96a70db2e2fdb24b9a7876c8ef0908ea64d1f8c1ecfc722fed85b1f306a4,0.09241777881925259,0,validation
d31-central-emergency_bed-057,d3adead30391aee649e3a622a412a0e6656c8ec9f8cb721c4b8a0c2616a6e84d,0.2903978484872854,0,validation
d31-central-emergency_bed-114,34b353b311a1a6d0516332760d0fbba9e36472017d2ddb87644482c9bd3ff79a,0.8686148935944815,0,validation
d31-central-emergency_bed-155,5b267f1db3cf3a0dc8d3f429f17fc560bd52ff84b7d7d4dd4798a0dbe3f6cc61,0.2772359678371621,0,validation
d31-central-emergency_bed-024,3ed650ddac1218d020f69f37d530f841ff7bb86d8a9254fbb01abc641873f3ff,0.10011870122105634,0,validation
d31-central-emergency_bed-107,0d917aeb12c8840a87255d214418f13beb2288909bfb8ffac2683299e420e04c,0.08780356866019501,0,validation
d31-central-emergency_bed-018,58e9cab96f2f6618f4d761d79e7a17a301fe76a77451077435890d9573a8af52,0.03053500857114708,0,validation
d31-central-emergency_bed-071,08558f04fa078a8691ce0ef411deccf7a804c7ef2be056e9a86768e442793fa1,0.9981886302489956,1,validation
d31-central-emergency_bed-010,fc04c63a68cd2a470d52888237f334991052d763ec28eb2f8a7f088f554fb53e,0.9916999192436718,1,validation
d31-central-emergency_bed-186,271a44c74db53943422559cd8d2fe86de90e0383bbd5d5795ec94c26bd5efde6,0.8965272845176241,1,validation
d31-central-emergency_bed-160,f9ecefef7c8d6e11a260279a84e546b33f08fe99a618a649463844e55f47541f,0.10531685005584876,1,validation
d31-central-emergency_bed-102,f01aa80ea40f1b2494d6234444015cb58de16a89047c850b3b0be84c1f4155ef,0.8912569330449498,1,validation
d31-west-icu_bed-239,de35698db4d0be9ac1d1668d2df9850c66594f437831b5cabb97b3ae6b6a7da6,0.6940641337465691,1,validation
d31-west-icu_bed-094,b971cd0ad0da028dd61b8968a211566d774fa07266741f705a8a10fe12aea80c,0.3543582365869808,0,validation
d31-west-icu_bed-226,c6cbbfea32b59c37989a0e2bf7a77af561e2ef4f9de52c72785b13ba9ba86dff,0.6997503250655797,1,validation
d31-west-icu_bed-079,0ec3952a79ad2cd42ac995c68ec582213e920bc7ec264d8aea5d16257d09e1b1,0.09466666411246151,0,validation
d31-west-icu_bed-198,fbd1fe0071d144ec36842081baeef6538ba2286092f43e67e55e344012dac04e,0.6824319266358253,1,validation
d31-west-icu_bed-204,7637cbc5b8ba965b68cc3bec1229d28c22a2b200813f6fc25039acd2b67d56fa,0.9754997761841288,1,validation
d31-west-icu_bed-013,ffd8a022dbb6bff665762e8f2c177c0d0b5eeaa579ed70f55e264af59bc7230d,0.9026435902848673,1,validation
d31-west-icu_bed-117,0eea14f8c4dc0727cef7cdfd696f498df4b95248001129d073b4fb6d3757420c,0.6814218253174135,0,validation
d31-west-icu_bed-091,7d4bb511c609ec6ee4a67eea0434df5a417845eaf04836f3dbe474226f0dd976,0.08800015043548215,0,validation
d31-west-icu_bed-229,6047b86baf6f733ac044d1cd556b168c97513c0d8da3b2423ff2f2617bf3a837,0.9704431535888838,1,validation
d31-west-icu_bed-152,3511b48654fb8a16ff0fb615edcb256bec72b1bb043016a92c281ca21f02e6b2,0.9654150418357756,1,validation
d31-west-icu_bed-131,0c797e79c008cddb7df54c8fa2e2deb5998f9cab783f72c8f8c45e7d48348c46,0.9693820654758191,1,validation
d31-west-icu_bed-084,36ac624919e5ee9dbebe048ce15d3ddb67a3ac2bc8f48f0c3a00ce4fcf4234c3,0.2977387944967221,0,validation
d31-west-icu_bed-049,512393a4c2721139626c9ce51792398757e3c4e0369382fac71e8801246233f1,0.9596216408929091,1,validation
d31-west-icu_bed-040,6aa332d87489f06cf2306f49823356bbef2e7fb9507a66c635a373cb6be86e8d,0.08180806967983958,0,validation
d31-west-icu_bed-181,d21ebf350816838d9dc75d0113ead521d8ebd657ec9c96047ce1df8d44f51462,0.25590124784675145,0,validation
d31-west-icu_bed-089,061c95b303463ad42407405de39e78c7721a9d97bebcc62ca2c32b2e6253d57c,0.05633619885984612,0,validation
d31-west-icu_bed-162,9f6e38427565fc66b8a2bffdebfb722f438a5697f6adb8702004880cc2e11f30,0.013892129793915107,0,validation
d31-west-icu_bed-215,eb60a68bff3a56a25896b8c764340917bd1b43fe69cbc742385e8672d798b5c5,0.05532839483760496,0,validation
d31-west-icu_bed-030,6b6d505c8e90b0312b03b302bdf563bd996504280d84a0826c6d9aa74027734b,0.06499463949851302,0,validation
d31-west-icu_bed-047,564ac339e65a0fd85117ff33552f0979fa34c843c35a8c280b53c8df528587bd,0.03183554608252707,0,validation
d31-west-icu_bed-166,c18f602e3595e133eaf8a20e9e9adb2bc72822dc32b250f4f30390ca2f0ee98d,0.007934947090885302,0,validation
d31-west-icu_bed-083,09443b0d44513ef3c26077655490007a74ad5a928357b01c1bd6cdf8ebc17c32,0.039579936291562236,0,validation
d31-west-icu_bed-076,2cfd227571cd111a882b400a75034147e43fd01296cb16f68cac3b4e634b3cf6,0.01075871689281348,0,validation
d31-west-icu_bed-205,ca25e2e287a182f2c6f0d4a0075a7f045cd143b96b4508d12e9d23341e65156f,0.04464186840591481,0,validation
d31-west-icu_bed-056,ed0517e8da2d8f4362a38fdc0c24e61ccd2e7b81c4a34088580d036f17a0bf8c,0.010819433231346827,0,validation
d31-west-icu_bed-025,4dde9f662dcab4f8582913b1bd0cf8c8b6d6f61f4c91f8d38c68bf99235c6d1f,0.04489594952703014,0,validation
d31-west-icu_bed-172,1e4d5c977524d2c0847da383d4649a3da7e72570ff7408c04a1fdf44046fd361,0.0007394124690679346,0,validation
d31-west-icu_bed-235,28242c0438a7891785ff238f07df469310e6cf12766215789b33888e046c2120,0.0006823973424307704,0,validation
d31-west-emergency_bed-170,1b39e05ee0e42b6691dbcfe61ee022c6abb813bd7a91a3bc5734919a24f34155,0.8508042315676313,0,validation
d31-west-emergency_bed-061,c4709df2750d40b1917535b6130da7a59bd7d9d3780964ead6534216ca08664a,0.7030444590274095,1,validation
d31-west-emergency_bed-003,e859b82beefd50fff345d7d70e5419706656e3d30d0f1a4a617faca6494b8f81,0.31363948034689293,1,validation
d31-west-emergency_bed-165,bd91ea7f441cc210afb969620a2b09cf5f236e4d861665bd772ca26266ab1a6e,0.9993544075198662,1,validation
d31-west-emergency_bed-211,e11ac72a400d7d1f505c7a0c8ac37d9b616170f471666a47c08f0e1d1a13917c,0.022115486165255355,0,validation
d31-west-emergency_bed-080,fb75dd73e89d2970cd3eae933ade54c7cffc6600c80842b6211120df69e37cef,0.1343004409640471,0,validation
d31-west-emergency_bed-063,7cc8f7cbd5352e57e4dc9e45f59b97b988f00a41c4ecbcea46f45a23d7c19948,0.7054625523601101,0,validation
d31-west-emergency_bed-009,07578000f78f0d57b3692adcb2753c0dc1977f9a5b9d5bc8e6c888ee1e5e64b6,0.12656534311866802,0,validation
d31-west-emergency_bed-179,131291c375a959891f84946bc3d945da8b2801d5116d2a556ecf32b8abe3298d,0.0021802486749322174,0,validation
d31-west-emergency_bed-073,776c7386639c493d7aa9f2878c2caf91e8456b4c445130310c701c4757f86473,0.10721825351848832,0,validation
d31-west-emergency_bed-104,059845470bb0ad51863d3c7e34d1ea6d87f667811ec2d0624770cfdb6523e74a,0.6556464493228202,0,validation
d31-west-emergency_bed-190,030489899e741a931dd72720c59eea1efd3d9c23c03696adeaaee4be0112e8ba,0.8070380258455773,1,validation
d31-west-emergency_bed-115,c5f62e54f831d80eb3cba2cf294b9b16507a412867484b53369ded04236b85b4,0.9527831877395071,1,validation
d31-west-emergency_bed-137,e93bc5d5328f5f885d149d44e86c8a89c43e223d2c1b0f828c4911ed6f719ded,0.5277445297488101,1,validation
d31-west-emergency_bed-092,0eefddb2ade3e03894b46cf8853be3b9e6834dcb2692817d5e40da24f858e465,0.9495151845419869,1,validation
d31-west-emergency_bed-128,22477472faeeb896213bf08e4c4f68585a363433a9e20867350c76cbb379936c,0.9951922349870231,1,validation
d31-west-emergency_bed-111,379fa45186eaf038794d46b78a1a5ecc6905ac78edc4f0f8628a3c54118cb5b8,0.9990375737440942,1,validation
d31-west-emergency_bed-182,8b0d4a8dc7e9c1639c5fa19dd8ea168a8e79c2f7115831c2e3892ddcbb64da68,0.5926533745411042,0,validation
d31-west-emergency_bed-168,ae54adc3f1e57506e3e30a9fbcb0cfe7e5e55a801d7acb29c52cee185095ab00,0.8683171836525908,1,validation
d31-west-emergency_bed-055,b057ab5815185b6800c3ee23cb46a374fddf5332733df562eea277f4a0643363,0.13437467807679856,0,validation
d31-west-emergency_bed-082,416e6514ce1d97e07628fcf6cd13760e78fc022b50e7d9da039444e4348b5128,0.03603090874434502,0,validation
d31-west-emergency_bed-132,811ea3fe4ecf0efc4aa9fd4e61c88254c4ad32c9b4e1392b65c07b50c6addd2a,0.05990600566725701,1,validation
d31-west-emergency_bed-087,dc2b2a9707019ad39b4002d39e98d3ec18ba90467508fdc153a30a1946be8c7c,0.3698038197171414,1,validation
d31-west-emergency_bed-067,5fde817d2a88c407ea73486d7d58a769e3dbcff5f30ac699ef43eeb2ecff9d25,0.7097980763141474,1,validation
d31-west-emergency_bed-159,e8f949ed7d49d180973c750f0f3276f3d8621df5ab27c8f85a8ace332b0c3551,0.13372303869149038,0,validation
d31-west-emergency_bed-116,5517abb8e32e0fa927259944fe6274f5fa26c6947ad67a4d472b46bea80d6556,0.6475235219747373,0,validation
d31-west-emergency_bed-197,8c4db81b546f461c39c0027608766b3a25d2353ea0ce86f41aa80f6a8b703f16,0.8974914453189978,1,validation
d31-west-emergency_bed-224,9251085b37b18c2cc39d6f4e45fc82be10f0b186e8ef8a6db66bf1d80b9b90f4,0.8783652200840077,1,validation
d32-north-icu_bed-070,4efb5cec221e9fc491ac54e8106650528645f13dbb966d5f5c11980ab91d7130,0.8784679218941985,1,validation
d32-north-icu_bed-183,43f896755cd0c1c7bccdd82d39655b7c943ef87d0c2c6ccc0730c246bfa132e8,0.08931386690894781,0,validation
d32-north-icu_bed-090,b23a87fe3306c2423aac9fdbb36eeb595ab5cdabbdd65f987cc96dd69b2cd633,0.0820607703969808,0,validation
d32-north-icu_bed-064,71b3c1a3bb6fbf14ec24fb29b29f6ea4dbbd991a558facb23d89de4082d2a650,0.9640465304077647,1,validation
d32-north-icu_bed-111,84b12b9246a85ee00fa91826b7ebc02474b2ab0f7ecef2512bd059e6dd356c32,0.5961457008318338,1,validation
d32-north-icu_bed-119,89ec34c76ef5285ce4b3ba7807648504ade35f0e59ed29940b7ede0ede9d0b9b,0.8601256003155503,1,validation
d32-north-icu_bed-236,6918f9d531971708b781928fdeb1056b7bf8bbd846b39d9ffc9dd73b209931b2,0.8489866498707239,1,validation
d32-north-icu_bed-019,6d234ff2a4c9c33f114caeda3f10dc62ade6fb5ccba8ae3baee8ba0c9035f10b,0.9556168625512724,1,validation
d32-north-icu_bed-098,cf108c2bf474a4fbfc526b4a66fc0db1782ccb3617433a28c43409100f89fbc6,0.075560221970479,0,validation
d32-north-icu_bed-116,517827649d53ff3325727b0515ac6a23d8be96dbec354af8330d391a1e174c5f,0.8493575166094584,1,validation
d32-north-icu_bed-084,828a29a59d350e10edccba11e86a14c0314a4063b329d39299a76a29d13e465e,0.2614729960187189,0,validation
d32-north-icu_bed-105,7bf577a7a2d7d053ad6b23039ee981df1470f3cfa6390c78bbf23de114a47da3,0.2762004303459698,0,validation
d32-north-icu_bed-059,ab1f0ec32fb3405c5b9e674904fe797cb4d3a71ed0c4b07f8dd9f06a382897e5,0.2554228899423237,0,validation
d32-north-icu_bed-176,d8ccd9c66d48546dd5848f8a089fc32d17ad8e0c0596e2d0636a71e61c43aaa2,0.9628299104382914,1,validation
d32-north-icu_bed-110,0ef65e387f5d27dd6b428bb50c81816fae01a8dab1736be7887fbb0f5c6e08e3,0.6576517974613038,0,validation
d32-north-icu_bed-226,b491100ecf20fb7ded6d9504dbf070aab73f2e7a04b98593ec7e775cb4cbca4a,0.2774174157435276,0,validation
d32-north-icu_bed-046,4792402000781e79f9d6cda4159a034f125a30dea383629281444057126c5392,0.6044508749522025,1,validation
d32-north-icu_bed-049,41027bbd8f66fcfe1441c48b2e970865c074b58ceebde5a1c05b0978fdd1b521,0.5610726721245896,0,validation
d32-north-icu_bed-080,b3c6f47262fbcc7870e39fda41c88bdc6272d0498b1c606a96cf3830501a79b1,0.9440732777551041,1,validation
d32-north-icu_bed-185,63870625626fd9ca686e23812a65a07fe62745a4564883c8c444fabc9b4607e1,0.053403904173038044,0,validation
d32-north-icu_bed-085,4205a4f7e2842f8e05dadfe1274b190dd8011ed913925bcb7805ba3ee2776e98,0.8062262699034405,1,validation
d32-north-icu_bed-076,dda0bf5e72b731dcf8b44bb1ed1802d95c58a815b895d5d9d741ac207ff634d9,0.053894796200565045,0,validation
d32-north-icu_bed-032,da469da75d778e739a24cee03694c0347170f43e8a31f76589922490fdf6cf8a,0.9443917037320717,1,validation
d32-north-icu_bed-150,98f64314ea637ffe31917489c636a4c8eda4b4840dad4c222ce71ab57e438b11,0.9526967953029805,1,validation
d32-north-icu_bed-052,b41dc7e862b123c04fa142cbb87dbb1252653779364b1620754b318c4f4f9bd6,0.21732556070659387,0,validation
d32-north-icu_bed-071,af89f6d6f8e9c795d0903b81e884e9bf8629d060ca20114591e77bb6c3c8553e,0.9596120780751421,1,validation
d32-north-icu_bed-140,15190d8bcba5b0b37380abfa7b06b6ab3dbf0b50acf583b664d4ef6180876b3e,0.9892355933020712,1,validation
d32-north-icu_bed-035,fdcbca3f597c9c72d412d72976c477a86be69a25a7ce3d7cfb0010ab325e272e,0.9902296357195213,1,validation
d32-north-icu_bed-214,70d56fc2a334362dce928062bc6d810d3fc398e061cbf3ac4c7c60645c46c6f9,0.5374700626841377,1,validation
d32-north-icu_bed-169,f57c6722bb949c1df747aeaba16e12eabe2c444794c381cc6d6d308f244e82ca,0.9505759802856144,1,validation
d32-north-icu_bed-147,d2bc936df12cc3d61e21c42529ed548d5ba3481b0fdaba361f279dc7b04efedf,0.9547649363903611,1,validation
d32-north-icu_bed-181,51473e82cca32276e7d77e25f0287e253d002f9e4a90ecc1ba5064961a65f913,0.5388354841696162,1,validation
d32-north-icu_bed-144,1c400e4f6dedc3e5d37bbff9382510bcfe0fe768c5d63023e214bedc55fa2028,0.9897345945198764,1,validation
d32-north-icu_bed-179,afbbb2ffe2786b1fa49a16863d589f57ef305c3d2a9b13f4980a254d17abc8db,0.9537971372933307,1,validation
d32-north-icu_bed-065,c4a33dcbc01ac77f5a65e5783337360f633caf73d1864623026dc05c56809876,0.8420174423610953,1,validation
d32-north-icu_bed-100,529cec1d5d645a1004db88deabd57b59c1b30ef4fedb04cb1a935c4c160fd440,0.9903711633206905,1,validation
d32-north-icu_bed-177,0973b839b060ece2e4b51cf26450648f53da20c2c83b99465591c58327700c0e,0.5711678073097387,1,validation
d32-north-icu_bed-013,164652be4283b020d087a775eacda966f96dd3f3956d03d77fcdc3964889ea72,0.2352935824413564,0,validation
d32-north-icu_bed-118,0ffcd9f49fbf905ae31b8560c85efaa2fe4dc5171f0121dd361af1d11c41557f,0.25841408186261466,0,validation
d32-north-icu_bed-027,9b013d54c391d97a1eab2c989dea4738b28df77d5a4443c216dee13385f21901,0.24364120932484717,0,validation
d32-north-icu_bed-050,9c299d48084610a596646e95c46cf495f33a0789e2fd9aa383f9ebb1df9ebdf7,0.8519921322651719,1,validation
d32-north-icu_bed-005,2de6634e7bc3d4a4dfda6234506cdef9440fc826b2ada1dcc1fdf0ae9d8ff596,0.2816664443038735,0,validation
d32-north-icu_bed-094,d71a64916bb0b1672bb6c3d06bd9aef467ce805655a98acfb079c2adcda90ab5,0.9694373161981887,1,validation
d32-north-icu_bed-093,fdc31d5274d6aedb81051537f5c583957c4f31484a49c95f7cc547b660abcbd0,0.6798882262038429,1,validation
d32-north-emergency_bed-014,5b0d2c2db299f419f7dc06b0af55eed6dd5f5808c177a6fa6581afb89601cf4b,0.9566128347576865,1,validation
d32-north-emergency_bed-012,ab56654269c89fb04fdf13162390e3864bae58faaaff36f356dc434bd1deec53,0.8529519435213644,1,validation
d32-north-emergency_bed-190,2ade8b615f86d6482ce9c9ac6ab6c338d11604f3fbefd1ee056bc6b6cdac0360,0.8772846864088372,1,validation
d32-north-emergency_bed-022,a3ce1d83581b6d6e69b6b9b0bf557b791f4ee389b659f0264daab9e6d71be7b3,0.28067620319914416,0,validation
d32-north-emergency_bed-238,6859ab009bb629db75713aa4aa1175e2a5e5ff2510302d0dc39051991778c14b,0.0748214055140135,0,validation
d32-north-emergency_bed-107,6404dea71ed44b9bec574c4183e8d3f20b52f511ca3ac7bff9f8dca879285ba9,0.8453705155976239,1,validation
d32-north-emergency_bed-023,72e8577506397e8d88b853d75bf206b5f6508bdc5d96dfec27a4bb3f6a01755e,0.10486696417186135,0,validation
d32-north-emergency_bed-216,8e020c1df94bbb602dabd2c24a66b97f724c9af7788bf67333c8bbc4b928df0e,0.8209691705120146,1,validation
d32-north-emergency_bed-157,78ecb8dfaebeab9a8ab6b8df9d61a4e3dc18dc0402651ff09d65040c98b6ab67,0.06496365527296107,0,validation
d32-north-emergency_bed-206,0816c807070455c38385c6bf05b3ec6b6a712e942fc8d364e2e46ae87075ae2e,0.9439825363772214,0,validation
d32-north-emergency_bed-168,66fffc93e756cf84ff64cc3ed5e6c6228905f95fde45bd6e943b5b531cb0fc86,0.23409347498877464,0,validation
d32-north-emergency_bed-045,b62ee7772227492dd9b4f47c54b57933a9aadfb9cba0f0f3b73fa808dd5bb621,0.02286496747648764,0,validation
d32-north-emergency_bed-138,3d0576a1b770e14ee77738dc90abdc3bdb5e3aecc36ec8f9cd45acef70679e51,0.8827459740771338,1,validation
d32-north-emergency_bed-058,70917c0c345cb58b7ea4bbf1058560b99d37e4caf06e6dc4dbb28ae2d632d296,0.07559105870008272,0,validation
d32-north-emergency_bed-074,4a26bff611604ebdc3c43a75755874da4cbede9048c3de9dae9772690a72ddfe,0.07408617086081475,0,validation
d32-north-emergency_bed-175,55181d7ad52b413531c03369aa3b630f08cb7d66d37df4cf0184f6c6fd716a23,0.10267411982513157,0,validation
d32-north-emergency_bed-122,45dc7f97ba5eea95bf6ebfdc5487e6e52217fd0e5d88f12e9fc714fd4253b817,0.011923342605453807,0,validation
d32-north-emergency_bed-061,9ed143b5d363b173c4feee369653a92a1c7237fc0c1a1c72bf44e61206e12b40,0.010350125635312126,0,validation
d32-north-emergency_bed-202,a85405bb89cba19b5cf161b305adf3dcdc42cdca5216a807a17e38546e88938f,0.0025325623204613974,0,validation
d32-north-emergency_bed-010,c9aa1f0554242d9bda865bdf929dda252f07fcb50feeef551223468e505d1763,0.14986116825617474,1,validation
d32-north-emergency_bed-020,2af904c704fd936088729e0356e6b259aa1f267fe4def2f75e62d204a781c388,0.3084614478997287,0,validation
d32-north-emergency_bed-099,168ad4b5f024637b1946218aa3ee8537c5d720433d2338781070836f0df5cfa1,0.003179682975826589,0,validation
d32-north-emergency_bed-158,723ff5e49a4e9d61839b323fcea5e4080ce8452fa6fb575a256e653edc7dc5e0,0.00981366651260082,0,validation
d32-north-emergency_bed-097,afae23f6bb31cac462430317cd065585dadd8d4ec5cd3a3128aeb3bffa0b067b,0.1290413222233141,0,validation
d32-east-icu_bed-123,c65c9435052fd1b0a71b30f076f00f856cb24380f78cca9d9c285f46116c3b6b,0.0008048315500896115,0,validation
d32-east-icu_bed-128,46fcc71bdb17b46e077b7feacf2aa9b0a636d7a6a69bc5d61cc6e90067553709,0.012170994267477192,0,validation
d32-east-icu_bed-210,0a9176ec5fb08847cb78fc069c5799c3df68916977787c594cfd3a32e9a685cd,0.002775654039287161,0,validation
d32-east-icu_bed-021,f23f89dbb0258a47d148581a925f835faa9f449771e14a53136f86cbfd88d4eb,0.046413880910848256,0,validation
d32-east-icu_bed-170,26d2ba3146268e1d166eaf44b1a2cf808c5a1b5d4b1021719ddfa2542f3a7b00,0.1530350843371627,0,validation
d32-east-icu_bed-209,a8d4c25706403703904ba4fc73cb059f037ad1aaf1f466d8dec4326835ffe936,0.010146194218062322,0,validation
d32-east-icu_bed-194,176da4b41180d72b0dcf399f9b42d01e86607507ee956235edf93a1e26448a0d,0.045870865707804534,0,validation
d32-east-icu_bed-182,f7d4065cd71a2aabb73298de9c57e034c0bc3524a6f9e458237db421de8f05e4,0.0006794486947457658,0,validation
d32-east-icu_bed-192,b6e5af85bb37cfe8fa7931524386747103fbd9220ce52755d36cb296702cd69e,0.009902501398710297,0,validation
d32-east-icu_bed-228,9e2fe317a7bc040624492b976b9b1ad222c0c042286cbe6be8da2bee1394141c,0.03732365948480129,0,validation
d32-east-icu_bed-108,24e35cba31d27089896a9efc011a769ba6b50b42e0f3d0ce0f897355039086cf,0.13480706909575324,0,validation
d32-east-icu_bed-109,44d9142a0ced8acc110ccdad6d490175e62050d2b8de7dfd3a515cdbd9a18d98,0.0076158930287547515,0,validation
d32-east-icu_bed-223,1c0f1cbc17883d45799fc1b837d64809c832b9ffeee09a62dc0816c0f236a125,0.03051458245314469,0,validation
d32-east-icu_bed-016,00d31027ae6cf88aac655371929e6f26784445818554aa04738c76da1e45c073,0.0004520273151073933,0,validation
d32-east-icu_bed-037,aa708716dc12c2d47dcb0c414f732c615f78a44aeb3604f81f68a7d378ef207c,0.008938709011280363,0,validation
d32-east-icu_bed-063,c5dae1feb86fdd5e0ef5b4742ed4ab80ad8f8b7dc016b0c3fa6f673649ccb2e6,0.1225665108687662,0,validation
d32-east-icu_bed-199,9f6bcf69dd2821096670559a8a40206f6ab6aeed52c1e88c71c1aac848bf6e07,0.12802437018285273,0,validation
d32-east-icu_bed-143,f116f82fbabb8e5a886d827e7ddb59868ff44b2509ac320e56e0b1bb61a00a67,0.12979433007764207,0,validation
d32-east-icu_bed-139,36901f3e0f764a7520931662102fd7edce66239b45f26b1c5c6e56bde60236b1,0.007940009303907515,0,validation
d32-east-icu_bed-112,5e13ad64a9dc00fb23add31fdf2de8669cc2bbc0af161783b48987eef87b652e,0.000587338675871515,0,validation
d32-east-icu_bed-193,810b26bad19a45626b7dd099887a3a4d99988749861c87d33bdb550d74a91359,0.031973954741917936,0,validation
d32-east-icu_bed-043,d8c44895ad926c8d6ceb192a97d4861d9c518d4f246e62fd926e4697b5db63a7,0.03275192831043478,0,validation
d32-east-icu_bed-213,a370b089dc344a529c9ad854d466bbc5a13f1919fc1a7cc108ee7343de9be463,0.0020728280031219013,0,validation
d32-east-icu_bed-096,43653f2d5dbd66ee9b74bcaf31c5f3c15cf6d4e6fd294d789a5e2514f6555075,0.008687039971820852,0,validation
d32-east-icu_bed-201,9a1f6c0254bc90f7edc2c062c29ae721fc94a40034bfa5b2c3772ea38fc62c9d,0.0007227746494928969,0,validation
d32-east-icu_bed-159,92c93b62bebb7b7f0242d2a8e2acfb3f592ec763e8c06b5166cf889ae7de6e07,0.05155328536666099,0,validation
d32-east-icu_bed-151,a866f6e3ae45de2e2197126b4c4a10411c37c1dcc2411001dc7c95725b0bee4d,0.000702608900521364,0,validation
d32-east-icu_bed-047,799c7b92349ef2788c8c56dd6b9a6c14ac72d0895dec64269bb2606eddf863fc,0.053453872258161415,0,validation
d32-east-icu_bed-215,2ba3f9b7e42f2f0da1764dd2d244db7676c4e90df496dc6548a233cbfaf3805d,0.0030073218234039916,0,validation
d32-east-emergency_bed-106,e892be05c3a9b8c5b456b0065d7b51e8abb0d1b891ea6af3135574e1f26226ef,0.3727377976727864,0,validation
d32-east-emergency_bed-056,e3cf19a04c7aa83a50d0499e78d2f242e2f2edb7723ad067c9cb8368b50a398c,0.7407199933542884,1,validation
d32-east-emergency_bed-134,fe878a2217e35b219c63f868917b71d8a8e4155c86aedf5d5c6025a833cb2a76,0.007896930159605992,0,validation
d32-east-emergency_bed-104,2f132a49055376561c7fdb03fb094d8f473f5a00ec8c4d9a9ae94a02e9fd1027,0.010607233740296339,0,validation
d32-east-emergency_bed-095,38bd8419a5b46542dd00100b78f97a2bc86c8022d1e2b473c4adee51a871c86f,0.15224165262437725,0,validation
d32-east-emergency_bed-025,2c823b82bb42f0f3ef27601c2d64d791eec7b92251f5c1f1f92d78b0dda080d2,0.037877891149841574,0,validation
d32-east-emergency_bed-132,154bccf370494ba95b7e34dd31dfcb5543fd0db0631596773eaca1aae0b42d4d,0.14559520374766868,1,validation
d32-east-emergency_bed-184,c101247a4868fa45ba4e6afef67fe11ad5e69f9ea14eedb90c94e8c61339b983,0.8955359700482722,1,validation
d32-east-emergency_bed-166,812744d4bcad0fc3be698c4f09260da26f679abb98d0492bbdfe56f004f37492,0.8611127266374247,1,validation
d32-east-emergency_bed-156,913bd492d587fa2f724ea501ad209647248a20e97b8d48a197fbb31ca05580f6,0.3192382039346772,1,validation
d32-east-emergency_bed-040,2e7b4d093ee245add54f5ce98545a518ec2f79b6bb2918e4bc5a769a29010974,0.32755942319875325,0,validation
d32-east-emergency_bed-205,402c8fdfd05b94317346d1a093cd03a812870c5a9b8884966d044e0c7bdfd518,0.6440121905131606,1,validation
d32-east-emergency_bed-089,b2ec37ae798215fce56598c1aef1b318ad91625af73670a0d59d0fbdd97998d4,0.31155590359937374,0,validation
d32-east-emergency_bed-115,4f0bd1c3a09504863822bc339b14da5d1cb9fca6de9fedcd9c7f0c35d8dc446f,0.10483074876675001,0,validation
d32-east-emergency_bed-180,2e9004a626ad3bcb7d9e5e39e6ccdf52959c84987d7bdf9483746656b123435a,0.006372129681126523,0,validation
d32-east-emergency_bed-117,dc43e6277622d00437fbc7337bcc2a5e9eccc0899f6e5b5bb54361cf48637fb1,0.0064940193554711345,0,validation
d32-east-emergency_bed-004,cf143d743ae12d55528d4d6d13a6f838e031482dc11c40d43b0ac0134e2ca5bf,0.005527758047665204,0,validation
d32-east-emergency_bed-006,ac278619dd17da710173bccfbacb52f403d510fa1fdc155cdf82e4f76135c7b6,0.6523761167987832,0,validation
d32-east-emergency_bed-135,6f3b0661883e8e5cc3525a8819026fe711fe59adf18003a86dd99b9286597845,0.11609252567139991,0,validation
d32-east-emergency_bed-171,aedb2ebff93a7a2eab6e3801630462ee7fd8d22f2d4c64c71497a74b7c85a065,0.0018941706788403127,0,validation
d32-east-emergency_bed-219,a577be26ed7c321801f86a896378de211ea4ef9d323342d67dcf301152e49466,0.0018928172187013322,0,validation
d32-east-emergency_bed-231,580b380d9226b506fd38e850e57369d63a314fb06978de632c4e1096dbd078cc,0.4173418610864366,1,validation
d32-east-emergency_bed-165,729cd656b79ac31e86e19182127775b8bf45d1e77f8d8c00143fa55f8eba3d01,0.022972519937655974,0,validation
d32-east-emergency_bed-079,72bcfe9a84a25df296e5101f2e703152ab14e444cfa822d9baf5db603c0cb682,0.0022441765888731673,0,validation
d32-east-emergency_bed-029,66a4c2c0b42bf56b6bd56a47811126c4f1d889e985c295631988c899c83af83f,0.002758419406452051,0,validation
d32-east-emergency_bed-042,42dcc47f84be8825cf29a18f203af1160c131c0d55a29211a2e6a11cab5a8e4d,0.03081037464275406,0,validation
d32-east-emergency_bed-008,ce03505a3133d33acf926b4618b5b36008a3333bf2d639eef2767ee3c383bbc0,0.17535847927899118,1,validation
d32-east-emergency_bed-067,ba075b383c8ccbd30adbb0a9d240583f86a8d62d89945a860c966d69b92ca836,0.12984862816543766,1,validation
d32-east-emergency_bed-207,4191d1e8b2b8be24e6226630e9ebb5ce6d7173bb14004b97aeb76d38771932a0,0.7626602148878419,1,validation
d32-east-emergency_bed-129,6e0e2138eb6a40ae3ced8a8c5569d4bf1f7284c9d3efff83012f41bab2b96d4b,0.13271147358837518,0,validation
d32-central-icu_bed-173,004cca5e5c44fc602867880f5b1f979df5b8c72f818bff7ec2ca0e400ae6c551,0.020655642860969683,0,validation
d32-central-icu_bed-200,b58749416d910c61557797a454c9637266d37806efffcbbeb9895423ecb98653,0.004573310272135455,0,validation
d32-central-icu_bed-069,7eaea1c3ba5683f7abf6ee010166e227082a6bdc2c22ca7ce52329192f7aed51,0.08228599869452353,0,validation
d32-central-icu_bed-048,adfce8f2eb05ff8a002e4674bcf8f1d027e5a11ffb0e872a2252450012aa0a99,0.005435379929157958,0,validation
d32-central-icu_bed-239,34a201ee889be610b0ada4b8788e036ca26ecd9de32a126398b5b2a34f86fa0f,0.07333163862035201,0,validation
d32-central-icu_bed-017,698438561d720cdcb3d7536b91b53dd89e56ba1e54da8f1f1d58890741853c79,0.01791874709236262,0,validation
d32-central-icu_bed-234,aba91378241c2c56b7232a0e9a81a410a4a156a085fcb1bbf41381b716bc1295,0.005034323831513757,0,validation
d32-central-icu_bed-002,ac0e940c238c096a9ec9980824db742ae6a1fb1e2aec3522009ae3a5e5788c10,0.06930390395723234,0,validation
d32-central-icu_bed-009,bd42285a5aa7b1104547d9759a74c56b8c40fdab0417c3805890d2be2d262973,0.015077475616215223,0,validation
d32-central-icu_bed-233,5cd9cf821fa99f7f301941c0a060008a795a77aec2d6fcbcc81ad089eb3d093f,0.009118759743272125,0,validation
d32-central-icu_bed-124,c865c27fd02bb9400ffa2293e81edc7e3995acdf5f2265e65c4599e26216c2ae,0.0005352051653998293,0,validation
d32-central-icu_bed-088,5a0cffbd5360bea5da82f7c271a58f24ee56e509755a7ed34d63964a1d0f41be,0.03530177467567063,0,validation
d32-central-icu_bed-222,e53a9335dcfe13cf9d52d8f5d9e6a0404eb18bde5fd70b95e317e7fed8a3e685,0.0018665888314486011,0,validation
d32-central-icu_bed-232,544e62b110e9f8894e4d0a69aa6116af8e462bc4258dca46f41d335b0e0b4b9d,0.12352180153593025,0,validation
d32-central-icu_bed-125,054e872e86b316464731e69758052c75edc838dc83f0eff82f17be127c89a293,0.127032067548591,0,validation
d32-central-icu_bed-103,664fba5d7c487307f8a2761445e3c1d253de0789d4ce3b0c799b06a4899f35a0,0.030498300069736976,0,validation
d32-central-icu_bed-161,da0de3e46e8ddb07ee543465e34b0554fbbc98883153fb32ce7dd5936514bd97,0.029966400091882513,0,validation
d32-central-icu_bed-126,a25e3caf1f10aa8d9ca9de602d74272b602d1485931365ee50dcd55e7deae095,0.008443462549678201,0,validation
d32-central-icu_bed-015,0ba46b1e80536aa6b3f67d9099cdc5eb2a0224de22a9700de26f6cf3f1bad7d3,0.0017225898634651835,0,validation
d32-central-icu_bed-101,ce319c5099fae635637f99ec9b3aa8a630dc8928e6fe842f32af37a6800c3c4b,0.12241314104411789,0,validation
d32-central-icu_bed-221,66f98c4490ef7f5ddcd0aab5b550d83d9335320010cdb7105d68c28210353ac9,0.008357505525397118,0,validation
d32-central-icu_bed-030,351e14a74476237febd4bf087f6f9efefa18420c34c2c4b3c438c6e967284992,0.0004818290528863687,0,validation
d32-central-icu_bed-164,667b07d63c750a5839aedc296e59dd136f72950b0c5267de4a6161d2ea31f0e0,0.1393806629715176,0,validation
d32-central-icu_bed-136,3b3bf95525c6cc4e8dd9dee94246d8bd7830f205d4d0d083cac1d333df8f7592,0.04030181330661729,0,validation
d32-central-icu_bed-031,d7e529c91173bdda4d3cc0bee493473813a89752d97f633649c372ac0a8ed394,0.0005619707903249163,0,validation
d32-central-icu_bed-055,104e4a898f45989aef50535ddcc11c63291daf730427944769fa984621e66631,0.0028171207892178788,0,validation
d32-central-icu_bed-007,0bb621d7a82ae07ea14195ff1df0158f0698591338e20fbba9a86d26c506322d,0.0006107763695954169,0,validation
d32-central-icu_bed-060,e4be9591178218a54e6be1771acffebc915f388ece800ed5849677e02a01a3ca,0.0028986598228810307,0,validation
d32-central-emergency_bed-148,b90f0dda5d11e22abfd9018588350c074946b73c0b5449ab5ab0f5a16c63c357,0.9935659483319604,1,validation
d32-central-emergency_bed-073,eca070fd970ff7cf8f51dc4a9e88cb1e116d37c51b21bf033ab9a96e965f51ae,0.9982761979290544,1,validation
d32-central-emergency_bed-187,78d16d9b3f0769f5e18dab338bff10fbdf9cec41fb750994b2434d4435ee178f,0.9934934667266695,1,validation
d32-central-emergency_bed-036,093567265f74f30d7e9b5658d2a96b7345fb84144974b7279fdb8c5fe0e46269,0.8915191015458603,0,validation
d32-central-emergency_bed-062,ea37bc3606e5bc59837f7fd2a5f4b1fd624f185de73ea7a783633ef8c7c88b5a,0.992658354822305,0,validation
d32-central-emergency_bed-082,1a5181c0201640ce48e7e94e0705130c28aaded8a82235e53ad6880ce7a23b5c,0.008290343490946655,0,validation
d32-central-emergency_bed-130,d747b0d56cc5cf52221c360e9ac693ad8951e07065f63461e196bda2036d2123,0.331951177664304,1,validation
d32-central-emergency_bed-003,1d2d3f7ac516018755ab09d4e2527937fc15e8cef3234173ee4a547dddb743d5,0.11158721261428105,0,validation
d32-central-emergency_bed-195,0598faa99df1e75bdc89d711443c0697ecd673127eae56bfc7b4063dca5a8575,0.03261552854664736,0,validation
d32-central-emergency_bed-198,4aedf8cdf5fab812721986e04e57fdc89e876194d3e62c3eb7a8b7cdd9c810d3,0.00640779026525661,0,validation
d32-central-emergency_bed-086,47d217d90e2823bbb46fe99b7a27d16d567ae17077c538eacda52765a03b4739,0.3149303053560063,0,validation
d32-central-emergency_bed-217,1270052cde03478365b278abccb07c4d11f791c658dec29c10ff213b682f8fb5,0.007369405979811387,0,validation
d32-central-emergency_bed-172,e380b0035b3967a7beece147786f877e50ebf97f4a99003972a3cdcdb22f1ddf,0.11219043537041597,0,validation
d32-central-emergency_bed-127,470cbd34d6b654e6dcf242ede00d3c5e4a69d850eeb45ccea410d3137b47d773,0.022683889745557108,0,validation
d32-central-emergency_bed-041,420db5d1b02811db144ed52b1a2074a5f7a52aa9dbeb4d4d7c80d7af4670a291,0.007378695317105938,0,validation
d32-central-emergency_bed-066,4365fe38b150c11753a6cb136660b8d15254d23691821568773fce65883530be,0.3425306829530459,1,validation
d32-central-emergency_bed-225,3b42d0234146f37bb65bc9eb8bcb34767b328da4924c2e1ee14d8fd01a09bcb6,0.005472812481110322,0,validation
d32-central-emergency_bed-160,b593793de9892889cacb9108edfbebc4b273ff5062ee5eff175b82cf4ba1e5c8,0.10036634339641919,0,validation
d32-central-emergency_bed-034,8eba96a645b4cab950b3378be61ba945ef35cff7ea47a668647a213293736d3d,0.0885403186777985,0,validation
d32-central-emergency_bed-212,b887dad4f63b797a639257ba94744d90b33601b463d67f587637a8774bbdd7ef,0.8778990362947583,1,validation
d32-central-emergency_bed-149,ab8226a89d3c95464bc15fb7ac78e293e12ed30257a79bdf3d138620fc01fcd5,0.3905472021915274,0,validation
d32-central-emergency_bed-092,453e1b00f5a8f6c1571b54d67584bfa48ca4b70039127b1da29f259d33c4837d,0.11899293599195614,0,validation
d32-central-emergency_bed-078,2b7800d51bd7c3f6e3cede46c64bff07d1b49ee44cced0df0ed0c7410d296613,0.009489640461066453,0,validation
d32-west-icu_bed-189,a66002814b133e5fca4aba5a5d60547c5bc57fc1be6a1307afd5570110d10f1a,0.002864519410189258,0,validation
d32-west-icu_bed-091,fa3a593cd29ff020c2ff8588d8152022d9c792fd3b59365934b628bdcd7cbe32,0.002908443835521756,0,validation
d32-west-icu_bed-026,2f9f9b9c3fac65c4ca3adc33c294552a1633e78fea088453258e0bffecf73a0c,0.010023295647776261,0,validation
d32-west-icu_bed-196,76eb825623e5c7c52734457582a28539ae335161db4e85de4d6aa867649616f1,0.04859934138454139,0,validation
d32-west-icu_bed-162,4abd3e72ff5c8d32165eba7e55a634165570726051a6924760db49d774004609,0.15219062390646412,0,validation
d32-west-icu_bed-000,9403bc6017adf316e3dcdfceb6fdf1a88ff6957e890387bf6fa503e99a6d992c,0.0005303325954870583,0,validation
d32-west-icu_bed-011,9806a0e86f7b51f2401770d00c0ff7e485c55f8dee9957d68676ba5b8de02e12,0.009949669909602542,0,validation
d32-west-icu_bed-218,9a1e86e177760e27f4095447a9db813b77935287206a80b0549d3565ff03b105,0.0005681740622877054,0,validation
d32-west-icu_bed-208,24c9e9a19e3790856f8f74ee28c30b08fae0bf7844bafa1673278dec6ba508e0,0.03316593686150165,0,validation
d32-west-icu_bed-178,72e3e4754b462b248cf296375bf4ba1d859c6d198f0c0ee926f163b7ac8682b3,0.0020827011812049705,0,validation
d32-west-icu_bed-155,cc18d6832c84ea54a9b1180a4586f2c6a7d1fccbc25730ddca40b61b315a2f50,0.007883580010343666,0,validation
d32-west-icu_bed-188,3d37f9a33e97ea80bab9fa69f64e70b80940164d16a0aa8a5ec2cabdd91bb819,0.0004799667374976233,0,validation
d32-west-icu_bed-153,d4420d785c9005cfe56ad9e6e8822a67b3a8edc3feff5bdbc67185634f264c7e,0.0017494783997397336,0,validation
d32-west-icu_bed-001,19c3159c58861ba8d1f95038e698d491cfec932a2b13c354e8562526efc96303,0.00045964500968417984,0,validation
d32-west-icu_bed-227,6f70d819295245a1d036a1a971f6c02167b19defeaa750e012ad2355cdaea413,0.0019529387534620688,0,validation
d32-west-icu_bed-142,631fab552342c85657115608dcd02f086c326b56f42861106a2baca429b0893a,0.0004822313796580122,0,validation
d32-west-icu_bed-163,c2e34891de7889067719977d8451376de1ac0ef222d51ae701fe480d27a46f2e,0.11691447249679573,0,validation
d32-west-icu_bed-038,559e15af719fb9aab9b140b421c268c2864a5aa69a9e88c939d6dfad221a851b,0.0004346192087012793,0,validation
d32-west-icu_bed-211,4e62165bb5156ab423696bc513aa1f627465cb3b0c03559c5120aae747174b00,0.035673235442618544,0,validation
d32-west-icu_bed-081,ca55b8b9ed2d6d8c668dfeb86608af39c053c8d5f70d0f422f6df669ad48f14a,0.034711162950665425,0,validation
d32-west-icu_bed-044,4073eb8ad1c02cc22d21ba927b737fe14b3c9a6875810096b3d5de1fc0312d45,0.13601564611205139,0,validation
d32-west-icu_bed-197,f42cd5712f2550fbfdf87e351cb080969ff1833cb99c892280e97b67e5a5ba28,0.0020280936605106058,0,validation
d32-west-icu_bed-235,9e008cc0ac82b43f6643acb3db99cb81ca3c9e73f822f41793b62461d90d8ff2,0.008305785407656693,0,validation
d32-west-icu_bed-039,2eacb555fbe8192ac90bb8d81245696afa892495fdf327ded71e640906419b57,0.0021147052775571037,0,validation
d32-west-icu_bed-028,eb611c08d3fb393f4f2cf9ff47263967c1aece6b4ad611e38a7a086588a340fe,0.03927861851556151,0,validation
d32-west-icu_bed-102,ddfbd5e256ca31e14b16e459db3bbfc670ff0e4f0e5e7de08bd56d77f3900728,0.15286397382520414,0,validation
d32-west-icu_bed-087,df392860e91f8276e44906ff69d2d060d451736b3ccb39dbc7db9759d4258569,0.04484083826047115,0,validation
d32-west-icu_bed-224,dea6b067a5717c8c40be5ca06f82c600fb924fb3194e69f6931b2501f2919a47,0.0005960334258415153,0,validation
d32-west-icu_bed-220,6daaaf663b9cd01811774a8c1fcee568c968c48ade8e17dabfe8221e17304b16,0.04413936107709889,0,validation
d32-west-icu_bed-137,32d12e2f85b69e0b7fdc298987a410fe10fb329fe067299562ae97515d896e85,0.0025588041070952897,0,validation
d32-west-icu_bed-113,aa9ef443c7e074ae953002bd4fd7f63e8361588772aea3a0152701954e37735c,0.17714434505150412,0,validation
d32-west-icu_bed-077,c93ce42521585527728f91f53ab7a9ca1732b6eea69eda2db5bbff9262ce370a,0.011903533570568985,0,validation
d32-west-icu_bed-053,f025b1915fd84030a986d91d4c400c621638e36dd1184173d308d4d3a7c52bc3,0.16440799968993958,0,validation
d32-west-icu_bed-167,18a6445ac8c0c3f13b9b53e8b6644c44a529c67240dcb67dc6150ede1f078d97,0.05422633172794402,0,validation
d32-west-emergency_bed-121,ed6f2fd7017845a64e1d1c454409624374e079230c798771426842b0b247346a,0.8316896602260722,1,validation
d32-west-emergency_bed-075,cd6040f7f36a253ce7d8c7cab3ec0bfe1cb2d416e20079e411948fb52b1c7031,0.9863905820211712,1,validation
d32-west-emergency_bed-120,62b337f5184e9e7eb60a95d5b9b0db81b33a7b7abbfbb373e2fbd86f58834174,0.9969039311377513,1,validation
d32-west-emergency_bed-033,88c82fec82650b869e00d7b21607bf9ed0a1a79475b43a9d1e37c958e1e573f9,0.9432623500909207,1,validation
d32-west-emergency_bed-229,7a2286b94bcee0c609a2f7b76defd44f1d7cb2f0a6b92bc28747244c07e8f948,0.9997313352656408,1,validation
d32-west-emergency_bed-237,73b48b20cb077ab487f49e951cd016655588d83a9e0abb07f954bf651f6fbfca,0.9988411056145594,1,validation
d32-west-emergency_bed-141,baf85512e290a2ed5f4f81b57bea847313f069f064634142cafd6a1557dcf590,0.9999825047682924,1,validation
d32-west-emergency_bed-146,a5093dec207d55d4def378bfb1481f48cd07e166fa704cf036507d90ee167121,0.9997056928400412,1,validation
d32-west-emergency_bed-203,823e4a10084bc5f5b238dd690bd6ddd1e14484e51ced425afc22ee475234e19d,0.999928179888435,1,validation
d32-west-emergency_bed-204,20774a2c980664e2b0c6c16aca91293e9d2aca57bcde01d790c9d7456a867223,0.9999121537204547,1,validation
d32-west-emergency_bed-114,524c3766b3bb27b2466d3a9f9bf5e2a87a3b1e4ec4146489cae33c3b634bd57d,0.9999942440475943,1,validation
d32-west-emergency_bed-133,0515b3617d8195c276414620dbd912c2fc2e817054d7913af6823ea64b8a766b,0.9946137776073223,1,validation
d32-west-emergency_bed-051,4349f6b00adc0cb6d3e2221a99613788494bebaeae011c1266cb71d0704e23dd,0.9957012862526993,1,validation
d32-west-emergency_bed-152,06073195ec6131d2886a0761e1da26da81ad5bcb14e941746e523903e5a09d42,0.936240958922241,1,validation
d32-west-emergency_bed-054,0082b5a30d6640a07b30208f0f631982246e89ec1b7d3a1d6e9d01bb7c682d9e,0.21414705008723986,1,validation
d32-west-emergency_bed-131,199665e1e75fb7935e30adb0025d39fe6a86c3ef87eb189b893be372220ccb4b,0.8149388430091957,1,validation
d32-west-emergency_bed-186,e3e1f3ee5ae5ef256e3c6b7580ba712cf1ba54912b32ca210a05074add1b5715,0.9989242014571613,1,validation
d32-west-emergency_bed-191,92fd396aa56f39f95fd44f856cf6329c84533fe9d0814cec6c59f014d0d30575,0.022729676601215856,0,validation
d32-west-emergency_bed-145,e0e8f2b8296fbc46ade4adea9ba63edd40f6b9c75f5318d7d8b74ab0dce208e1,0.09172571367665,0,validation
d32-west-emergency_bed-068,8046ba9caee7917250a674c9d41400fed02571ff0cb758a564b82a3a6a27e49d,0.1570734660386886,0,validation
d32-west-emergency_bed-024,3aef5228ef945739bc71bf9c966de3f2860d2b29e993cda7a1e69ad92fcd8c73,0.002037479221219001,0,validation
d32-west-emergency_bed-083,5b113d031c256a1d040a4e2b2a80f4b3f03d31a1001a7c76846af3d48fe6da2c,0.17521491044341853,0,validation
d32-west-emergency_bed-018,0273f6729cbcd5496dbe6676af7ee8b76aa2b2309b6e82732df836119de9dfc2,0.3146315554313145,0,validation
d32-west-emergency_bed-057,484dea299f993eb9f58ba8f57c3312d6cef62b1600a731cc4e4a90a02a91fa76,0.026044418875218495,0,validation
d32-west-emergency_bed-072,bd47709bfa594c2f05394676df2391f01d87c7bdc12bbffd0dd115fa71768064,0.12842776875315168,0,validation
d32-west-emergency_bed-230,679ea9d60bab3ab0ccc15db372e7c2d5d5fa68c908d2634c355ac5aa8083cb30,0.7333494603093114,1,validation
d32-west-emergency_bed-174,8c824ccc04308c3d8b9e84291bff439e5ab6d9a9f877d96ae0173cf83d1ada28,0.4479604915105981,1,validation
d32-west-emergency_bed-154,12eb4d5f41852760e7247bdb633bdb71fb905e6eeba351e9883a7829246785b9,0.6726097764832653,1,validation
d33-north-icu_bed-088,722441bcbd1eb5b3118b178d3a835cddc6dac8c837464b5ecc2dc4e7d51257aa,0.9700476780100702,1,validation
d33-north-icu_bed-149,618e875cb3f093c1e0427b32e480241767524e1cd5aaf939090bc7e2ae6619b8,0.31988232755089674,0,validation
d33-north-icu_bed-143,023abc609dfa91497fc50ad5f3ee0b65f33be2910ad8cfe9cb35a6099193b64c,0.9713102262182158,1,validation
d33-north-icu_bed-011,9263d6ae867f5e59c658545707ba5a0d02662c6e622d785da3377e0fc28f3336,0.5831194723912262,1,validation
d33-north-icu_bed-023,53f617cd8274d6d332c5e07b7498914d89ca141c33c48add9e44db6d28015269,0.8207740159219589,1,validation
d33-north-icu_bed-066,f3a4d1a9c56a268a16c1f82a2a1e91f8c826a4f2fd912982e01a91e5b5713ba3,0.1603900232536787,0,validation
d33-north-icu_bed-095,65029b3d4ff69cb1a1476f0d8cfa3b1b4d24363882fc7fa418dca56f875b7d03,0.16426116164504279,0,validation
d33-north-icu_bed-129,f7f8eb0a18952b187f80eccfc7a02e273a21cb9364b9a4a580799ec37702b932,0.47201005311742517,1,validation
d33-north-icu_bed-020,c298aaa3f0af5643cfce5fba33d10d6cd74bbbefab791776fdef815308cfa640,0.04147926935954883,0,validation
d33-north-icu_bed-030,ab10f1c42aa0756d0c79676768da05e24a77a68d5e815db25463948148cc7990,0.4566665978149534,1,validation
d33-north-icu_bed-186,0e7a033e6529f4d654008150e3dcafdd39aeade53ae5f8ba1ae90a3976c13d0c,0.04115412695671592,0,validation
d33-north-icu_bed-110,03744eec5d20bfb1434a8e4e5d0ec33b4bca4ce1107218ada61c9fae333c6de8,0.044789130716573304,0,validation
d33-north-icu_bed-138,7032d28c442ad382cf476df3d409d517a15d2ccff3178c738e34b04c5bb5148b,0.13892604741916756,0,validation
d33-north-icu_bed-137,e14fe17a05793f7c2463fcc4be71adea425e846794c61b863f2f22a56f7d5c63,0.002527439338856566,0,validation
d33-north-icu_bed-194,aa5e21c7830bdad40302f33b3d8456462f469d96f2cb214363c79a8e4fc57c68,0.010001745550784544,0,validation
d33-north-icu_bed-058,c5316ba9d47ed0f04ec7c90c5e109f9b2eca83a2a09d039bbebb0e1e00ef361d,0.41564014596966165,1,validation
d33-north-icu_bed-047,0d399b54674af5223f3e51ab31e41f40ff7d4546ad9d62857c2c1fb6e4e3af47,0.008913696805480412,0,validation
d33-north-icu_bed-164,31d132f9c99e2bbf32a764cd2352738d76efe722faeca051e31c0f3d8db2cb64,0.0022316330579278923,0,validation
d33-north-icu_bed-084,6e24d0e1d0d8a9cda46746acfb9c50b74fc55132cd0165b806508103114d3626,0.14464313181738553,0,validation
d33-north-icu_bed-147,411595794ddb12198436e6c3c52dbc3db1fe5372b9e358f0599d1b31cf4d37be,0.04549704024856647,0,validation
d33-north-icu_bed-024,4b58654d238506f39e4f5d3a79a047edcfe2b6a427a12423572a9f1438e18451,0.002844920059691556,0,validation
d33-north-icu_bed-036,1c4328619ae4d1b5532830c27372a8fe90e0142774b1dd63b4ee00a68a64fc3b,0.012914442403340191,0,validation
d33-north-icu_bed-033,21239ce8f28bb4681e6169a18d6b65a5687b060f49a8cd4515d3dbca3245d545,0.4984345433870688,1,validation
d33-north-icu_bed-239,8eb25863167bd6e05b2002d58ba6942f07c1b97782a1dd60f0042b87efd01069,0.2239216570947247,0,validation
d33-north-icu_bed-235,36c43b15ffee5db37fae700514b52209b09885b0bda37b6e9f9c0aed5ae2f0c7,0.8347784377462383,1,validation
d33-north-icu_bed-212,c30a3e0e953e32f8bb2965e934a4e424c13686cddebf5f977fc323227e225c75,0.015703612062006007,0,validation
d33-north-icu_bed-174,3abcfb4a95f14326d76bc7044c6a4e5cf43675c69cb183415370edb0ded1cda4,0.5774648545357894,1,validation
d33-north-icu_bed-004,b03ebcb3ba97ba90004dd48cbda95a114e746258937c35963210bc290bb92ad0,0.8436930139693544,1,validation
d33-north-emergency_bed-205,ecf3d43ee2f8c9629f989338a7377170c43bf77f8b8b7539e40587a687033a2d,0.9978725238284146,1,validation
d33-north-emergency_bed-134,66d475dcde8325316fa6977317f41681ba5e59414edc2cc248bf1b19d284922d,0.8120693418154961,1,validation
d33-north-emergency_bed-160,d0ec71fa0c885ff75a0614ee004adca13da49a0be08b080612b0e2452a8cd0e3,0.9990908553526758,1,validation
d33-north-emergency_bed-140,fa9a9c9208163864dc3a0a8d0b70204fcdfa3b59fd2ec2621656aab804622628,0.5756358988608564,0,validation
d33-north-emergency_bed-109,2838d57f42e06ea9d3619b757f5dba723df94bdc2f847c995ded47fdf0151250,0.3703165743545918,0,validation
d33-north-emergency_bed-120,9df6152d8e2e07981b31ee14c7af25ff9d1b13f8215e2f5fb17f40e6d5ddba28,0.03643066819279657,0,validation
d33-north-emergency_bed-094,b845150333b14f8f861147736b4142b57c179f0541686d52f88c5f47e7b52165,0.8973075775382157,0,validation
d33-north-emergency_bed-042,2df042786eb696e2e18674ec8ebc2d2e52c584c217e5af1e190e22f371a3a206,0.050152671769987466,0,validation
d33-north-emergency_bed-067,f59747b301b837696c9782668822041809fa4b37727a28e12784544a5a739200,0.009653234433746768,0,validation
d33-north-emergency_bed-169,e7adc40d3191e114d36802e281d635901d036aa4457684785fc54ec46e8a4ca0,0.005428612152665059,0,validation
d33-north-emergency_bed-190,cf5d92092cf41847c1c6aa078c50e7ce32face74b4479ef9300f34d7435c4144,0.00898177691779086,0,validation
d33-north-emergency_bed-193,9b73d120f82335d9fda06d82262dd8f7c5db254ca69c9bbc15f55c1c71652905,0.10058235285854494,0,validation
d33-north-emergency_bed-170,9b2024c54f9a0efd1533d1bd6a17bd5c6ead9f7146b07caf120c7c011f1d165c,0.2748937793500252,0,validation
d33-north-emergency_bed-208,28d956e47c1a1c9c756d30d9c4b155a44baec9bdacf8889ef5e1b4ace1f12df8,0.006545349085922992,0,validation
d33-north-emergency_bed-228,f34870c2990be66b1e9a12df6e48279400e13ecc50d231348106be08e8746383,0.029455565897275906,0,validation
d33-north-emergency_bed-012,aa8f3391e606031b52796363a131d4be0459af72c01b241be23ab98b35948e7d,0.31453555911675024,0,validation
d33-north-emergency_bed-038,9f3c40d731af627509dfbc04339390392a2956f79d3a13c8ed381fc25a34272e,0.00906071698979651,0,validation
d33-north-emergency_bed-079,ace8081ab70bcff1f28a98c35e2173736337f28f6e085bfdf0dab9cdd67d75b0,0.10279590262790841,0,validation
d33-north-emergency_bed-184,cdcf992eddcc06d2416c4e5c2f38b9e58a766e4a58562246b75911425e620b21,0.0018548750743255119,0,validation
d33-north-emergency_bed-179,91df9b0d53a6d0dcd0d51f07910bb905df371db6dd654fc32cb5739e778c70cf,0.6450766872922726,1,validation
d33-north-emergency_bed-122,0095b89541b6e97d258b6c5d30f786f6741d64027f210f7633df77bafb29c5a6,0.1317098256254531,0,validation
d33-north-emergency_bed-052,de7445c25e63fd3e67c8aab24eaeee857c18ecd716747632107af6b42c631ea4,0.904754801450305,1,validation
d33-north-emergency_bed-007,808e582f4410ab3c5f78764fdbe033068b3995c92c58b520092bf5866e39c988,0.7268332482125971,1,validation
d33-north-emergency_bed-225,27f482d53d1c7ad847a455f2e7c5d68ef10ce55be3465d14738573ac24f52009,0.3690277852491459,1,validation
d33-north-emergency_bed-075,747a9dcaf9e22bebe13751df01fb216e76cf08f186d727292668d38dc9cceba3,0.16239423688969148,0,validation
d33-east-icu_bed-010,84de34c9edec3896e6ba83349e99eb12cc9037f1358692947282e8e79c50dfe7,0.010953205893914129,0,validation
d33-east-icu_bed-210,d7e41f42492e7a030d1a0599d4f0c76ff05184dab8109baa9c96810b86e4adb6,0.010097302956881308,0,validation
d33-east-icu_bed-117,b15348feb570f1a2d3ffc5ab35a10e975bb3bd801a4c90ebffa70d58ca77f780,0.15470133400118602,0,validation
d33-east-icu_bed-014,cc76e9a256cf95d59e90f35260e002696e28c77c89e7c1678da1c5336b800e0f,0.0025318320155486643,0,validation
d33-east-icu_bed-096,ade5b83a69ca0168f1822bd192aafb9e2dd9be2f66a38ec5758c2b73a7ff7a0e,0.15173029107013797,0,validation
d33-east-icu_bed-028,238e00e6756d58fea3672d25f89cd7446b1aad6f224e437928b8daea8fd4edb9,0.0005597409446867628,0,validation
d33-east-icu_bed-183,c3ce45aa0ecb3cc1d7f8133672b671c7c8ab48e035809f4b2b2d8b5c5ba88130,0.13939592799275932,0,validation
d33-east-icu_bed-077,705b8cdf71d1a4ea750f0f107e947768667f5ae23bb4600241478ddea5b753dd,0.0005208611858067336,0,validation
d33-east-icu_bed-013,01134d45605e2e3043287d97ea6e87d8e4dea87060e2ac7e3376e7d715650e67,0.124099683241682,0,validation
d33-east-icu_bed-046,a799230de62a2593ba51b3b2006c80e97e8fe00ed4f2e111631d7280cb4befe3,0.0004675909446245023,0,validation
d33-east-icu_bed-124,f98e14dbcba12eba16e882de9d294fc3b17b6ae1a7daa50cf32dc1df6cad6fd9,0.008534291910104009,0,validation
d33-east-icu_bed-103,25a35dfb73c3ffbe45f1c7dd963e6afa843cbb275d84aeb5e20b66c6279f4bde,0.029918382212558284,0,validation
d33-east-icu_bed-227,157a974850215a67f8875babbf2e13c66fffa0ac9bd9a6b36e2e0c3ce8e89b80,0.0019116720356772466,0,validation
d33-east-icu_bed-048,3fa5264d3d896e1da435cfae0d7866a31b6b9a2794efae074c0cc848c41dd6d7,0.12335044402167644,0,validation
d33-east-icu_bed-204,cf770e17ba483f9c656f3993b12a81726f715af6e4a1b57f035dfd5dc4dcd165,0.0019373393323134393,0,validation
d33-east-icu_bed-213,8b3be524c2a00c4386063d4a5559c3ba5bedecdbaa03c7c4cca33a1f47d78a68,0.0018376245355506216,0,validation
d33-east-icu_bed-162,8759a09bb136df680e17a07abd734c17bae9c7c2ff4294f7f2cfcc3fe2c1793d,0.0073078028381608415,0,validation
d33-east-icu_bed-195,6c24f0286ce4e3ec8230175e7c30680d43df25d73b600f3e39e857f4a331dfe1,0.03222872619543685,0,validation
d33-east-icu_bed-215,826fd0e30d94b3a246fd04e3a49edc91f1b0612558452646331aa5bb3c4111fe,0.00048461724833670744,0,validation
d33-east-icu_bed-072,18867849516aa17770da7fcbf147e80f08f20a616ac1ebf9b56bea06f28e7d1c,0.0005522066308074857,0,validation
d33-east-icu_bed-114,16d99699b204886195241f5b6c777edf239b57341d4e5f8d3067fbaf39ae2d75,0.010094998018725663,0,validation
d33-east-icu_bed-165,6f80989fbf657565d4a2cdddb440e42559f30f49c0377aa78afe8d3c71fbd744,0.03831162714141946,0,validation
d33-east-icu_bed-142,dc39d16900fe4c84894e55c6d907d54f9c2f528798d924093a0f005881a2e3cf,0.1678606212430262,0,validation
d33-east-icu_bed-153,24d26c0b34c33d1a9d3162a3f8ca5f0503cf5a21f930bd4dda3f56ac66a575a2,0.04706192469698926,0,validation
d33-east-icu_bed-176,78f2df165aee86b7524faa7aba22486c265d9a28fc4939839ad1c0b790015af4,0.04635573718164841,0,validation
d33-east-icu_bed-045,b9af6f83e76b2e3b412870f443f97bded7c5f6b47b7a79b5716e81bd1c66272b,0.5705020806162395,1,validation
d33-east-emergency_bed-139,df20e66e1e9d026cb66782fd2c384074928d40e6e898946ebd7560ba4008d455,0.9912707432243967,1,validation
d33-east-emergency_bed-078,a0041b2cbbf445298a4d5d08406913cd275b38e4d5dfeca03ec4d4646883050a,0.10405718851986141,0,validation
d33-east-emergency_bed-223,f336b05099caa0d5c1d2a8c6c7e6fe37755b7fc5a32f083b6edc5e8c9e7e7928,0.6478117618529141,1,validation
d33-east-emergency_bed-054,36bc8f5a0ae7952284e9a5851195c1c9c65b64004147529114b9630d7ee8674b,0.9901703334320594,1,validation
d33-east-emergency_bed-104,1720377cffa036ff7da0e73c6530d7f8de8be81e0c9523ec425317c1da4fb411,0.9979481794079267,1,validation
d33-east-emergency_bed-145,6656708ef21300709abf95aa9f0b70ebdd8988d4c9fdad1c14fd3e6cd17fa2cf,0.6435824548070153,1,validation
d33-east-emergency_bed-009,57d04eec206e2e1e55690785d073d59e2a76de983ef255732e18e25355dd4b7f,0.8677324281226931,1,validation
d33-east-emergency_bed-032,99b54f897da365b2a0c908627433d6f2b2e53da0873f00e3122e32f07354e971,0.6148647206059898,1,validation
d33-east-emergency_bed-152,0f99f913b2d876d9731af8af89e655aa0e411950a26993f76b3554cf0d3b2ae5,0.002050648531013849,0,validation
d33-east-emergency_bed-111,ce916c1e0e579585cd62ce7882bf7a6e27d7ed55da638660c4827ee07b717e51,0.0068107653708822545,0,validation
d33-east-emergency_bed-097,1a1ce23c4a6d766428985eacc643178a4ccfdd4c4b8a0f50ef1d686d769e5766,0.3799117633455517,0,validation
d33-east-emergency_bed-203,3a4856d160c28d3d5ea20213f9e320f3b7d053c12c6e10b01e4f565bdbb65c37,0.021356314818012985,0,validation
d33-east-emergency_bed-005,4d0e5792fe86af17ce5d946e29422c37e317f0cfba2a0c8758adc11b1c29a20d,0.09650292628985963,0,validation
d33-east-emergency_bed-083,aada856ed2ad0bb332f76e0b3209a5ff017f153190d50ba321f9d287564534da,0.005825228542752918,0,validation
d33-east-emergency_bed-202,0ee044d84eeaccfc917faf3ff3c5515cebfc362bca1fdd21b7d00565c7030957,0.029442386711235388,0,validation
d33-east-emergency_bed-196,95965d6b8926466fb0caa0352e8d47c5103335729b49ac08bda73a4a51363e86,0.006126451499503363,0,validation
d33-east-emergency_bed-008,da1d3bc051a12b5192da0a4b5d8db973c248c5d71101edc54c1c51342c3a98da,0.2817853987660579,1,validation
d33-east-emergency_bed-123,5882708753f391be66240dc05341b8d7abb7d8c28550963681af5fc7c2465e91,0.6763698123055255,1,validation
d33-east-emergency_bed-105,4e6fe373883493c56e0db56609e4ff20c2e528ca9bac16a018d8fc876f636772,0.28539424540168346,0,validation
d33-east-emergency_bed-126,d45d30b8af89ce7ddcce1135eec93194bc4c59731d740af6bd2d93b90297b851,0.001461053218788294,0,validation
d33-east-emergency_bed-101,81134ff3c1f244ffecf65207dea14f32e1f42f849677d1497460a7ed0bc1e1a0,0.030561505006401764,0,validation
d33-east-emergency_bed-199,60be702de32d45da3d8b78b579f7ef160b3d512156c3b72a6e5480f5b401d09a,0.6349623799724268,0,validation
d33-east-emergency_bed-099,ab8d82e7e34477d2efd4c8c806ad7db2a0abf88b086b7815da11bcdfe5beea9b,0.6410298606914341,0,validation
d33-east-emergency_bed-232,39f81dea029e275d69d7fe1009b8f7cae7e0969bfea82b3a2dccd6f86a121cb2,0.0018475233725647766,0,validation
d33-east-emergency_bed-087,54c40ef136911570b43284400bd9726ac6c21080db248bf8296c6282d3b5e37b,0.6219313424364269,1,validation
d33-east-emergency_bed-192,159814f9b088ce25add2812355703189306585f074800d2f5f482b676f46d2b8,0.02258532845900831,0,validation
d33-east-emergency_bed-057,812ec4d1a6bfe910f383ed89b27d5599357e048ef9d5ac9e3fdb9c58ac79effd,0.970858808563116,0,validation
d33-east-emergency_bed-091,f7c758ed7c9a2c1e3b7f7ad2faa4df8dc0acf377936a7ace9dd08a5f114a0a95,0.0018149927525996572,0,validation
d33-east-emergency_bed-167,c7e2d505c0ab4f88b9e1a0e4e32fbf65e6b1af443d9c9a7d806d1bf5b6b79dbc,0.359981423173339,1,validation
d33-central-icu_bed-135,3e31d3a1e0e6a6bca04148034a4e83fc8823554931acf6cf89d3b64bda0fe1a3,0.022094894297453267,0,validation
d33-central-icu_bed-071,462c736567ffa9b9a8fef72ee89854baadc6a6ff5b905d3c14819b7c44006f38,0.0879537127273989,0,validation
d33-central-icu_bed-161,569e0e976b2ab39d3b09bb8801a4500625805ae22d93690655779866c8886e86,0.4111131198608506,0,validation
d33-central-icu_bed-236,deeda84cac9f339281e1bfe2b79633a0cd648398442c81410eae14131265a3fc,0.9263624624449003,1,validation
d33-central-icu_bed-200,b4c3725329b699f8cec8faffd588332e3bb72290be475256156578dcd29d7ff0,0.9243025818969834,1,validation
d33-central-icu_bed-132,1e992ebd95c50e505d2e010a90f07a56e430ab36b3b7375313c4cfec45290761,0.3713886029240398,0,validation
d33-central-icu_bed-090,2c7d0e49f4601e5a97da43277f2d3f023f816027955106dd2e19b2418862323b,0.03246096452592661,0,validation
d33-central-icu_bed-234,5aad1067298415b23d815c9eb238577685cb485f1c487ac48df4c69400cba8b0,0.34077705606341785,0,validation
d33-central-icu_bed-119,990be2c5a4c5c4cfb7b5f4aad5bbf8a17fe5cdf3986a65fbce900be611a83918,0.12012722583245893,0,validation
d33-central-icu_bed-177,7266ab414f372af0e4973a9487543f8facac8ce11242ae9afd6e0a0bc0227384,0.900008321536383,1,validation
d33-central-icu_bed-154,e50acc2a3e655d28494091c8c0229c58bf4bd7591d524214d58dfd933c5f7e0c,0.002144343313550255,0,validation
d33-central-icu_bed-197,e6bad2413603e1abf1f6093e8830fd814b5a461d20e5f2c85f6d215b8ec721f0,0.002007630638594735,0,validation
d33-central-icu_bed-191,0e0bcf246eb4ad31a7a20de558a78744723509a9050fd6a2d93c2ac475722ff8,0.0020943137157837556,0,validation
d33-central-icu_bed-100,a971b54928d68a9550c5c47a07199fa7c3b3f5aa7e3cd60e2e119523343a4ec0,0.0019360957692862073,0,validation
d33-central-icu_bed-118,29983295caaa4bc98818fbffb7e323251a1f05e481c3721641bb906c310535c4,0.02969481237646166,0,validation
d33-central-icu_bed-189,6cc254941380be8a7369cfa575991a48b6281ec7bedced0dec66ede946ef3f99,0.036663071173451994,0,validation
d33-central-icu_bed-173,7349cba55aa8f26bf7d6a86a14ac7689197b58d40808d468cea4bb17ab299384,0.13427633541620504,0,validation
d33-central-icu_bed-092,b88635b4df069c3554d6b6b0063ce1c8b80698677819ff55efdbf2ad94e1502a,0.0005242868786853597,0,validation
d33-central-icu_bed-116,84b132dc0af2736718e28a66a9244ea5b3921e7f4eac649a254780ebba950533,0.1293396282129808,0,validation
d33-central-icu_bed-019,2a4f36e9938476bb095b3803e1d823c1de5298deb93d0647936b55d5f1e2955f,0.03076349393295569,0,validation
d33-central-icu_bed-107,61c0911736801695900610ccc3a2d0094f12fda88888ce93d82de832a91f8f32,0.00049227144666744,0,validation
d33-central-icu_bed-025,c3ba291a54d28bb1d9a9b632eacb83c5f94dbdb4f1355c435e781fa4fbb7d9e7,0.002261862697952242,0,validation
d33-central-icu_bed-041,43494d3c000224770267b9cbc68ed2ecfc36cb41291e6c14864dd5e65df24ed5,0.03528673728631915,0,validation
d33-central-icu_bed-031,5b9ea2b45f0bdcee59ee7b11157123191331cb5a4ea3be63e0177fa36c1923d0,0.00217597423525616,0,validation
d33-central-icu_bed-073,d38775e9f772757a3a42f25893ebfb88bfe63606139c920a4ef0d4b68baab425,0.03817867740617984,0,validation
d33-central-icu_bed-181,21b4225b6e2fb1581a997425290c6dfced012e9ffe74ee121d14a438ba5be5b8,0.0005457505511558281,0,validation
d33-central-icu_bed-065,a35eb0b7d05d426906e5fd07242fab7b97b3c1571e8f221b9be1b701fb4712bd,0.0024144670616996792,0,validation
d33-central-icu_bed-021,285145ca6871a51b248aaa3e27ed177523d8023b470df3504d4c06908b982060,0.002525017312840643,0,validation
d33-central-icu_bed-133,b5d86c08889a51f2c5b577a2c606fba607568f471f1bce88cd4be333a9c346b7,0.039720337419450344,0,validation
d33-central-icu_bed-121,9cb9dc46ce9f74b10f4678bf45575db68c0ff79d91e7727425c5f1c2ca850d94,0.000623173766408775,0,validation
d33-central-icu_bed-051,abacd8781626cd29475ad73a274944f1d5bcecea0fd39cfde0ee63dd441ccfd8,0.0006047286547059308,0,validation
d33-central-icu_bed-217,9e6718f393c3e1361418ac49fe2fbfa61e6ce60d35feee14870f68a2beed4d0d,0.1669708136589872,0,validation
d33-central-icu_bed-130,9c5ec27796edf88fc92eab60b7b984cf07bf5ec6d020e7992c4fec76192fa935,0.00303313480032242,0,validation
d33-central-icu_bed-056,01c4bd2588e45741e7bbd797549cb9934bfe451eeb1fefa9c822da1cf7fc99a1,0.0028021433161299417,0,validation
d33-central-emergency_bed-039,0db1da4469e68d9fdb58becb08d39e9f10a17a3ee323be2be0697266dbc45580,0.912290440573499,1,validation
d33-central-emergency_bed-238,bec76c9cb44d0cb59850a3efd3760458eede55f61c42db77a397da51529a8a84,0.9935690892040333,1,validation
d33-central-emergency_bed-150,ae0bc88c4aa20137a6b599be29938279a41ddb211b3e5a62425cd8776fa939eb,0.9735077697346562,1,validation
d33-central-emergency_bed-044,78a20e436a9f4b6bd3d997254aafe330ba19f4ef180d6960709d96bcb58210b1,0.9720614944820194,1,validation
d33-central-emergency_bed-000,2ad49b416b577fdcf64bec394a136410c26484b03a3316a7a792c7b6645470f0,0.8818921179195824,1,validation
d33-central-emergency_bed-053,7d58d3cc2243367c1345a89625e184fea716ee6f203622c2de495b2f45eff8fe,0.9928304374047072,1,validation
d33-central-emergency_bed-159,4fcd5f6876193c98d112b0180a1770805b98fd98ddf59b22e2f70f5a63ffccf8,0.8875987233859466,1,validation
d33-central-emergency_bed-131,afc32db134962095ac0d84e570db347cf22ca897a936e10a17e2e1385c04bb66,0.8844610746852747,1,validation
d33-central-emergency_bed-222,f0e87555d90a7ce218d746bf9b6e2181b844b580182d8278d564d95405c11b1d,0.024289929556496337,0,validation
d33-central-emergency_bed-061,639b1899f53c958b283e80766bda51f346dd8c913d254fda22ec435d584c2e6f,0.0061404708983045266,0,validation
d33-central-emergency_bed-113,577db359bbaa7ccf11a5b14bd730fb47e813997793375d9f1b3f8d40c8880ad1,0.6190536135599269,0,validation
d33-central-emergency_bed-224,cb0ccf4cc566d66a49ac44fb306b056c6b381b2d84c6ef53caed65c9c1c49c23,0.28680484035635445,0,validation
d33-central-emergency_bed-043,2d6ec9facc8785c103adff7132d7c619fa8644f37605787c4f321a748c221b46,0.08582884180761675,0,validation
d33-central-emergency_bed-080,c3520754cd79b5ae9f304a05f517c1f1000a34ee4abc3d49e65096c9e9101e5e,0.02886698155413008,0,validation
d33-central-emergency_bed-050,0518490b7087a337156dc8f537f37783e297a97dc2e6b2be0c590d6f54a376e9,0.2758802190827945,0,validation
d33-central-emergency_bed-040,dba6c1b188223005b96b60e5241142a1c9747fa0d5f3e8d6656032300ca0fa7c,0.02277035989460633,0,validation
d33-central-emergency_bed-106,3e6e3c2f6a3ef2fb9068908cc62815de7b2c54abab16c203518b189669d939e1,0.08122491133088851,0,validation
d33-central-emergency_bed-034,fc4934a7870489d1db89bb5d389e46471df038445901da9786e621517b3cd39e,0.1086642799137759,0,validation
d33-central-emergency_bed-026,261dd31cfbcd16e63ee60820b56540d9ee7594622051611b186df258e1fe0ac4,0.0014116386970438172,0,validation
d33-central-emergency_bed-219,e7bb7f827b85e6f86da184aa3a34d328eedd4c03bf6e4ba88817401e3a6f0ef2,0.09889456722581416,1,validation
d33-central-emergency_bed-148,517a1c3b0f1699e3144a540e944a11a42f251537e0093c96d762bf7a289ce0d0,0.29630180877739065,0,validation
d33-central-emergency_bed-180,4f0eb0b71334eb98b60f2b031038d3d999424eaac9546d1f0a32fb1c35e41321,0.6563410410525095,0,validation
d33-central-emergency_bed-086,069f6d68c9a005e033df0c40c41cf9c9119e252bd651a894a06928e2cf356158,0.8903631433683901,1,validation
d33-central-emergency_bed-182,ad7505d0562ee40157a5d11c4eb364e41fe6f101c6d5c99c3640e22cd840edbe,0.030203841124350143,0,validation
d33-central-emergency_bed-201,4d494457a6de3f4b116e947cf6a23c920cb51659a20e543af76cf418c52a26ca,0.006956200808396096,0,validation
d33-central-emergency_bed-226,f34939b38f38e82d634938fa74739e0d034da735e2891019e5339935ab985b83,0.1062189531791948,0,validation
d33-central-emergency_bed-035,b6d49670780bd728346e047755cc7671c31580c3dddac93b066e591dbf1111fe,0.03789534069821689,0,validation
d33-central-emergency_bed-068,3db11addd3ff26d8d327b181dd7474c531d107911388011d0df2930e2941b6b8,0.3661200191600484,1,validation
d33-central-emergency_bed-006,a49c4d0cacadf50cf7ec7ec9be271209d74bff345c5cc76e05d6c8760b51908b,0.0404225642594956,0,validation
d33-central-emergency_bed-157,fd154f3ba9ad6cd2f5970fde5ceddfd3b436a99f31c71121f04c9e30fa00e150,0.37469278557055724,0,validation
d33-central-emergency_bed-055,80c4c7d571672790eae615741a0081a9174b2876d208521307d5139a7587e502,0.1392405154595639,1,validation
d33-central-emergency_bed-064,6eb83d53f3be48fa07b46d9b781a5c60c94f5d872794a6a28b52422c4d6efd10,0.12673647186900658,0,validation
d33-central-emergency_bed-128,c92077638677e45949935d1b9ac25334e872392e4d7e552855efbc185dfa6a0f,0.6982676617692635,1,validation
d33-west-icu_bed-003,8b19d0217613d59a9d03fa1ac264855fd3e76cff01adb3d7b891d87ac79e6045,0.0007757461405254756,0,validation
d33-west-icu_bed-146,08ab88801a6178cb12ba4e567d781e75addafaa20ef0128f20ea19e7488589dd,0.18121594572869987,0,validation
d33-west-icu_bed-016,7bd44f0b6665f51f1a34efc716610aa4f1ff16943e88b8f0bd4f680f1811abd9,0.046929394058319085,0,validation
d33-west-icu_bed-070,e28f385e9d85d8af5fa58ca3dd7d1c6043ec0f537a4f1b70c84a9fe5247edfe9,0.0006626677921491154,0,validation
d33-west-icu_bed-062,92008aba92b861a0b7528bfac36aa2e715c25da4f4f29176b8b9e25eecef4cbf,0.010998783570694472,0,validation
d33-west-icu_bed-102,18df363adedbb9517e98ba1fc3d67e7632769047cfed4030794fb789949a8bce,0.010915235551589943,0,validation
d33-west-icu_bed-115,076028ed0442704f83d63cb76d66d742f19c787e760b855b0479fdf9490472cb,0.011131685928269472,0,validation
d33-west-icu_bed-231,c65ba74dcb75fb9bead22935c2530bfc80dc0c6b7c546651972b1d4be88b0380,0.0023036297790257694,0,validation
d33-west-icu_bed-144,72ade58fdec8201fe9066ea694837021a5e47276d41a1d45283044ab7ab8930c,0.03570236393698551,0,validation
d33-west-icu_bed-069,48b96d7fa0468869ce5fbc67ae577d9a1bc5418f3be9216a18339444e5446be0,0.0020337891242673007,0,validation
d33-west-icu_bed-178,f003b83e4d67672a2537e552d4fb7601ef8b93b6ce3cd8e0c500c61a7d46f054,0.03497163507972967,0,validation
d33-west-icu_bed-141,fc7e0c918dd44f95f92330309d1c5a66e5835090a09c304ae91022962ce3bb1f,0.13584623647587574,0,validation
d33-west-icu_bed-155,cf66a8bfbdf0ed644bf18b1eb9711f163ccb8530d8d861d3b0dc8e1b9dd175da,0.12870913405501405,0,validation
d33-west-icu_bed-127,ab49e3786f666d307ecefe688f8f333780867cfcbaf5140ff485c2f32e5c2466,0.002000244810665177,0,validation
d33-west-icu_bed-037,97fe3046415476141b42ba2df2e7a91d73d89c6c0d5d9165b97312fccb36d34a,0.11941762166248153,1,validation
d33-west-icu_bed-175,f4c1f601bb2b301d118034866f969518ed7b5b617bc1fbca4414d639c152b85e,0.04716141152212067,0,validation
d33-west-icu_bed-216,b28593609968bcdaad8d35b1f848f53a666ca945d19bc5be340c4d1bdf054db1,0.0112867639226855,0,validation
d33-west-icu_bed-060,cbd79868788791bdf031bc2a791041bd6cb7b085a0926fecb2c52017a092ec6b,0.0019478810421343425,0,validation
d33-west-icu_bed-168,8f6a4dc44237ab1813d0ba0fb15da7f8083e9965e8e30a8918beb07698d2bd25,0.008093456906656091,0,validation
d33-west-icu_bed-089,061d7cdea2dbf301fde7d2b76e9febcf5bba661ed2425d160c938f922b8e210b,0.03274009823370509,0,validation
d33-west-icu_bed-027,50aef14ebdc81b2cd722a5a20748b6e17aa3d4a0af2e89394e4b369070eba7d6,0.009688835787537778,0,validation
d33-west-icu_bed-218,f01e8cf5972987ed9e50a5ef4547dddd4a5c62516abd0006d16a1d46d7ab1188,0.009758449207728264,0,validation
d33-west-icu_bed-108,57f09263a16c3bfd0d9ce04e9c0c0a840b658697b465cc56457309cc861700c6,0.14625953338150713,0,validation
d33-west-icu_bed-063,def38153c9f1c9fd5967608d2862bc293373aa4ded49a1aa6b23ac526447dd4e,0.0006241728102220973,0,validation
d33-west-icu_bed-163,b822f17d6d5103f4ed822119475523904ecb280fa36bf72adc72fcedfbea273e,0.13773626164724476,0,validation
d33-west-icu_bed-001,d350990c5d3e4a0b26bafa2eec7ea5a1ce690de3694b194b3860cd4bf70be14e,0.0025945387967451403,0,validation
d33-west-icu_bed-214,9d64b372faa3a2f639d3213175af133df6c140410ec2398c479008ce0438d17c,0.008995673666375293,0,validation
d33-west-icu_bed-233,c2dbb2473fdcaa8dbe10f7f038ab49ebd39162506676e29bb0b67bae2825d30f,0.0025214534031597455,0,validation
d33-west-icu_bed-018,e70236ec9fc414e07ea21c3cff4e9bb14ae5c1b33eca1d7243c78c0df058376a,0.009364725030514628,0,validation
d33-west-icu_bed-221,69c01a67ea8e968da51c94a4448a8a37d7d916253f56f06bb6ca6797e75d4ea7,0.002971880051995024,0,validation
d33-west-icu_bed-081,5ee69230c23161a55ac667129b617d9dbd3eb51bb5ab78a6eade78df3544b499,0.15641202999247195,0,validation
d33-west-icu_bed-125,1fac90d602594ef97a2ebd4ef4be09cfa8e48490afe9aa1016ce7c632df03902,0.0007457570542458814,0,validation
d33-west-icu_bed-171,b97a05493283d21689ce0704bd8087106961e2e639d2bb76a4d0340e74706416,0.0027522666354892027,0,validation
d33-west-icu_bed-188,c427a8f638af73a9529fe352c5bbfd894df692622c6e8e7813b64107c3a59884,0.18991682596190296,0,validation
d33-west-icu_bed-082,948c48aa36644012c5ad5cad71b269e3eb4d381a9e5b40adb25fa4daad23fbc2,0.0030570111855429474,0,validation
d33-west-icu_bed-158,a1ebf9afb22d10ae78378dc964a88aff5e6e1de48f5fe68bd18c21153b41f412,0.002742157281636369,0,validation
d33-west-icu_bed-098,95f3e77fa77488e8132c4297f1e73a5b88e417d031d079bcc9f6e4c92b74202f,0.000638724826977263,0,validation
d33-west-emergency_bed-049,972b5aa14a56eec63de6c8ad280ec53e6cc5e2fa36a83065e48987866d41c293,0.0019791306013946606,0,validation
d33-west-emergency_bed-112,604841315e0af7fc2deb4eba625458f0fba34e49b4f9a7fbc9c52b33636aa2c3,0.002917405688366241,0,validation
d33-west-emergency_bed-136,3420c7a146a0322716988091377c2e296c539056b6972bdc179296b7c0e07811,0.025831147369839557,0,validation
d33-west-emergency_bed-187,3185738da9adf0f3e6824b94cec6b0ca1df897b03c02dc700ac492450eee1d30,0.028371115006362607,0,validation
d33-west-emergency_bed-206,f2ec530adfc346e6fbb00feac58718590580e56e3e01216b5041203dc6eb558c,0.35632113481697747,0,validation
d33-west-emergency_bed-017,7be3b3383e89762902a317f3d4b226e006a6aa0cb6cb953acf4678ce90373476,0.0068202064872633205,0,validation
d33-west-emergency_bed-211,fa2949a93be731d3d3a5c2fe0b36c515537efae0a8e0bc522fef8d1d229bf7b0,0.3106551934553058,1,validation
d33-west-emergency_bed-209,9cd2101198bac9175f0e00a0ebfb89ac80d98bdc53e52bd229d8b946649564b2,0.8270725448594001,1,validation
d33-west-emergency_bed-029,7a152b93a2340e80efc08b8ebcd2908b906986b408241e7e10ab1feefba1972e,0.9494571953801199,1,validation
d33-west-emergency_bed-156,ecd4da2b9a52d068bb71cae1e4d71a760c37893bd88a75e465caef105aa59bb4,0.21485983225449962,0,validation
d33-west-emergency_bed-076,f7180905a65f9f654ba6a85fbad3fe87003f5546feccce04ac552ca13086c8f8,0.947309174904089,1,validation
d33-west-emergency_bed-002,12200703fe7e15c8972bb7016007cc2a6711e726f246218ee93c8657d6f0aa0f,0.5550529766083081,0,validation
d33-west-emergency_bed-237,7c31c89c520335a7e188117885f398fa3d1f5c4b896c885362129cbe53ee1cbe,0.9511214739118038,0,validation
d33-west-emergency_bed-220,063ccd858b310a1dea7b7846cbc42f203fc20aee2bac23f67e0719b7e03b7f94,0.023685149780001108,0,validation
d33-west-emergency_bed-185,2cb622d1b8939dc439a3a11ee50d718acbcfbf6b7207b26712c59df2ed3c796f,0.02639448317015213,0,validation
d33-west-emergency_bed-022,586ce74bac393744eb3bdcb13271bf6e8e13e2224206730d571c11e6bd8c7c6f,0.0013310937431741305,0,validation
d33-west-emergency_bed-198,a090a505ffb136de7af1028bbaea8e5f3c5c08afee8e582df5358b5f75c96700,0.3156450224856719,0,validation
d33-west-emergency_bed-207,8b093f617d9f9a79266d1d8d8acb112d114891aa844661d2c384ce4e7ca9cac6,0.008373623923540257,0,validation
d33-west-emergency_bed-166,f17f13926f3995019380e8d3962166a327d70c94271cf9b9e5084ad1caa55ac5,0.11093118416389335,0,validation
d33-west-emergency_bed-059,b339af19de0d39b47a2d78a86046d9547ed3155f05875e4541af11a45782c579,0.12192350838308726,0,validation
d33-west-emergency_bed-015,f70e76b35b55a4ae0598b489a5483f3e6baa3b52b1d27d1f83a21c8cc219d157,0.31196311233080865,0,validation
d33-west-emergency_bed-085,42e9be776ab96f790a8f13b1d34fad1a55d8504e7776853b288effc800241400,0.9922631032988211,1,validation
d33-west-emergency_bed-230,93f0cd233c827ed39768795ead363f874709b7ce33917365f95138ff549525ea,0.9625524601201207,1,validation
d33-west-emergency_bed-151,d3c8a38fca6d0b0dfe0ad03cff3ae8c3637afddd7c0804d8daa87367c5bbedc6,0.9049738960209398,1,validation
d33-west-emergency_bed-229,35f54ec1606c02c08a596dd07d379ed4fc3642472c496ae747cb5e65bea26a00,0.9879417523469406,1,validation
d33-west-emergency_bed-093,9a72a6933ab0b65fb7b774729fd020efc353bc3dcc2b731e0e4717adfb2a8846,0.9668036745089768,1,validation
d33-west-emergency_bed-172,69370e40743d1cec01173a6c468bf5536c07151c6557c779ad0ab1d57f362781,0.9913326677911913,1,validation
d33-west-emergency_bed-074,2a2c813edd77cbd55477c182a417bd400ee8dd276b472b25033dd916a7203995,0.9999828621023206,1,validation
d34-north-icu_bed-068,be57471bbbc600752d5e3ed40391e2aaa0b021f2070a225650909f43b36181fd,0.06336006401819895,0,validation
d34-north-icu_bed-139,9d1c32e48849e11e9e2ccd111460b116ef6eb34f968ccad455aa8573ec78b1a5,0.014958261676773277,0,validation
d34-north-icu_bed-013,c5d3fe300d750e067349ea6f085e4912d8c7a60599e337ed3ff068472067efd3,0.003648645882952073,0,validation
d34-north-icu_bed-162,55534d5649b51bfb446ad6b4905525eaaca6c68a06face19fb4341ab631ff7f1,0.21236113720379246,0,validation
d34-north-icu_bed-050,2673259035e4ca9882601e03942dc499572adbad9fb1090e5c62516d71ed63fa,0.18844183429954203,0,validation
d34-north-icu_bed-122,2109204fa0e81747b9c11e1bcfcfc56f71fbeb9a4f5085afd8711efe39aed14d,0.06152062793861116,0,validation
d34-north-icu_bed-215,5112221b979c48c12497845e55cb6599dab38f0bb338e6c354a81c7845a48907,0.0027542774485410995,0,validation
d34-north-icu_bed-192,415d098611272b92cb1fe2b5866cc762f9aa6ed3f269670c0b60bc514e1389ff,0.46572926423485767,1,validation
d34-north-icu_bed-188,5ecbacd0d58f7530dfe6829f383c5d4698305c31a1f2346c34b648d1885a76c1,0.19318036587355228,0,validation
d34-north-icu_bed-130,eacd30eea585f914717923b937d8072ac7cae555e589ec12f909e6365869a725,0.002726559079389988,0,validation
d34-north-icu_bed-071,dd0c97e4edb2d9720b068c175b28342a49a669564f3990cc565ff06dbc09f54e,0.0029686425319539558,0,validation
d34-north-icu_bed-184,70c6f31fcef75f6686d70c4d585b5c448bb4eba3ef86a9af21d0ddbc16eefe34,0.012354554795624808,0,validation
d34-north-icu_bed-142,baea15d29760702f789a2c2d424a0de03bb107cb1f738e471a886428be0c4f1c,0.45336476671106196,1,validation
d34-north-icu_bed-237,bbb8f6c33a4ac7bd502f4dc4b9d7b933b3f9f6a69990e2ee617c35b091f6e8db,0.036866771406967515,0,validation
d34-north-icu_bed-164,946c515fdf17ca6d1140e561f062f7038d7f7ebefebf4664361fa012c4683e09,0.0374017253405989,0,validation
d34-north-icu_bed-091,a3526485b0c43d8897cad4f30a0a108bce25c1f47c2225c60caaf4801e0c202c,0.12446065909782039,0,validation
d34-north-icu_bed-048,31c94a7602d46fedf29a434799a1d6384ddf728584296a5dc243ad8eed3f0775,0.008560825937029242,0,validation
d34-north-icu_bed-001,e9d1e60d648764f4ea05a7404382a24a72484edd4ec719045421af5c040433d0,0.0005001377029630029,0,validation
d34-north-icu_bed-169,a20cab71e89edbb244496d2364a22e5c4c7a9bfcb1eb7348fa7e67ce7530f1ed,0.04326431120204519,0,validation
d34-north-icu_bed-200,2776ef4d7b8db45a3a1192bd99a3ce07fa12f7bcda0e55bf995aa551dcaa7931,0.4647442122572361,0,validation
d34-north-icu_bed-199,56b0d4aff576466e00df18d4064d3968a754e23f4a1bb95bd0dd62622e8cbc38,0.012546340723366772,0,validation
d34-north-icu_bed-189,0254a67c4f7f451d918495a6558104b4b6b73fd4dae84cced51d68b092570aae,0.0026727343743581165,0,validation
d34-north-icu_bed-160,4a3f15f6bea5f3e8d43a0d41511facd64c0294471e96f88d73e3b5b543bee409,0.0124393322825571,0,validation
d34-north-icu_bed-144,64f7b1564da2c2af1397a1c64de29c63e64378e2a6498e9cd38f6517c0ce0970,0.15607624662051744,0,validation
d34-north-icu_bed-143,92accca14ff1747483a9ef273a7eddc186f46bc557ea69d29571628e1e442710,0.0026757970889074115,0,validation
d34-north-icu_bed-005,cf4ba5c48a5c2bd6d3e59e1fab050e56d9ff687f30b0420c51a40686cb34a5c7,0.000787615239638362,0,validation
d34-north-icu_bed-182,94876af677355e4bb55627b12140f43006a9ab196c95a02f51d06d194653fbdd,0.0007221461381439084,0,validation
d34-north-icu_bed-080,5369ec3ada64117edf53c5ee9c939cfccbc6f17fba8e7e6c0008318d69a82a7f,0.1890417421075196,0,validation
d34-north-icu_bed-239,2c910ffa8a483e7bcc1168addbbc77bb045af0755b07c60b4e0a6cfdbcbb5d55,0.18206041632421854,0,validation
d34-north-emergency_bed-066,21078f726ee8029cc834434dfd9a0e565b31d5eac5333989b4d3d3b5fae01dde,0.9750591130426564,1,validation
d34-north-emergency_bed-226,073f6b8a69d33623503c579665cabd14d475ce3008fa726ec93dca51635d2df0,0.04698105103860189,0,validation
d34-north-emergency_bed-138,d758ffe32ac68f56d028891e2d7434571142f294ddc12f31bbf88cb7285b486a,0.8977730672180878,1,validation
d34-north-emergency_bed-208,a76c1afbedb40516a6f712586e955a9f6d089d2d7b763c0b6c9b5f8e0c5745aa,0.08557260767066867,1,validation
d34-north-emergency_bed-150,b001b330e8b7abd16dde4914d5f9dbbe1a5f866cfcd2f37a3cae77a9d9a29020,0.6009146569392427,1,validation
d34-north-emergency_bed-147,f6c34be20f1f1d1c5f13fe4d67217495fdf8da74771b86f7f9108a9db9496c02,0.9889353768024313,1,validation
d34-north-emergency_bed-195,ba586fc0234ea455062da1e9cb295da48f8fde0448d11f5157b4856560b32a16,0.8631790214222255,1,validation
d34-north-emergency_bed-196,f42785aa12bffde0c119686ec07bb472f730bf1a1c2244845a7c212df980207e,0.9308769756576226,1,validation
d34-north-emergency_bed-024,e9a82c9abe54612afca5af0c59b35675766826c92c94f16fe3ac3fc8824bbd40,0.999724707424827,1,validation
d34-north-emergency_bed-044,16b74fd9481f358738ff8aa563f39012964feed7d4d817e7f4dfae1646b35ccc,0.943335905402787,1,validation
d34-north-emergency_bed-061,78af88baaf6a9a01fd1cc0cf4bb2cb6770ae8f17cd051cb17cd22e649bcdbcce,0.9996264927710348,1,validation
d34-north-emergency_bed-023,82fa44e1a02aebee12987523b5c3d45238006ff0d6cc0447857ce55f9b7e4e8a,0.9995887851747683,1,validation
d34-north-emergency_bed-020,211a8a641680f0443dbe36646190ac43444f3b0a6d14c34d01adae214b03b924,0.9998900960037883,1,validation
d34-north-emergency_bed-104,9d7f319828cd9eb6e5d76da65c8e15a63a1cd22dfba27661c75ef2c9feb73f7a,0.9995883310278976,1,validation
d34-north-emergency_bed-225,16113942c32b07cc4804511c99436ebfbb61b4b2d533e0ab5d114183e0cb328c,0.9943516514090154,1,validation
d34-north-emergency_bed-154,193b8dcb1d0e9b8a0605fbc746f78c1903e62615abe411614dccb1e2855d0c9b,0.8499909944231038,1,validation
d34-north-emergency_bed-067,a26820b29985d84db7e1ad7a97e47ef9d7b38ee874d2e45a23f4609526e24ef7,0.007626178225955519,0,validation
d34-north-emergency_bed-070,36cf2eb1e0a7935a47d4821f7469632f6179eaf47c033c0ed983047a16b2a679,0.02399417239842475,0,validation
d34-north-emergency_bed-158,1cf71d851fab28466187a8d22663f4925f49046eb17d9120284cec82862ac2cd,0.08132936314064505,0,validation
d34-north-emergency_bed-136,9f435ed2f1505704d8ca3c1e74e3835e04626bcc5a8675f9fee7838931d809d0,0.6393082464867185,0,validation
d34-north-emergency_bed-022,ce9be15f7364e6a2093cd51cf2e074b497bd097a3f24f9101601c97b096dd3ea,0.8508605066147433,1,validation
d34-north-emergency_bed-055,96a649ffd76eb69b8de58be4d264318d377cbf08a6efaed735a15885bdddae03,0.6292437999755193,0,validation
d34-north-emergency_bed-003,6ed60f8c0807ef6a8337aadfa26e8a214ef11ddef9d7f34269890bf075d231dc,0.007847695563539904,0,validation
d34-north-emergency_bed-085,ff8d1cfa2273c22b502d237be9541cbdfeb17fdd47407192037ec1788e034dee,0.0023140484608953353,0,validation
d34-north-emergency_bed-230,987c43d31ef5849457849731705f4fe9f7e48bf6666e808dc5170e96c404446f,0.013241131528401293,0,validation
d34-north-emergency_bed-216,233603ca5fb204f08fdc51295f710521bb9d8d096644c5180cfe879d9a7a9d40,0.34927284339057024,0,validation
d34-north-emergency_bed-090,faf2afd0d82489282635a0a220ad175a72732cf8a14863fb29c8ca1473da436a,0.02927635787144066,0,validation
d34-north-emergency_bed-221,d9fe6bbb52d1b1c75b165b6ea7bb8af266b4169d99f4b0c64226d33ed03c4a00,0.6901505795852925,1,validation
d34-north-emergency_bed-171,2a5707dfc538272c9d510668a5c8c6fde8fd8ea003417c4663082202f3501e13,0.7328025544101435,1,validation
d34-north-emergency_bed-128,3763e94931bbf1a608e634a05a32ff65ee7ca5e51203e30567290ea3fff388c4,0.8508117082029771,1,validation
d34-north-emergency_bed-202,6a6353cb6af52dbf857a89fd0c82f8b4355625eb6f5608bfe610e53923251b02,0.8502576654995903,0,validation
d34-north-emergency_bed-181,1a9f166ed133f15ee25196f3a02ef0cc99771f2880ed2d6d8db42c9785ed70ba,0.08461926957424593,1,validation
d34-north-emergency_bed-156,bc8accd11e037383c70bdea6bebf8f7806613af8e944519ceeaf6739ef693b40,0.8705069771850815,1,validation
d34-north-emergency_bed-092,f42f0503f680309ce16c9183d0b6abb3988a0f9be8a07fe45f24096d72d77de8,0.8887940642628658,1,validation
d34-north-emergency_bed-177,b6ff90ff26e82ecd4fbf8e2c07d6cf5cbff3ca39df58e8d849439bfa22e7cb0d,0.9306477868643293,1,validation
d34-north-emergency_bed-012,9ffea6ddfee9e50d32ed0b7591f3a17c3656b6ef1b0357dedc4e4fc00db71d82,0.999984271358338,1,validation
d34-north-emergency_bed-153,a320dbe4904125e2eac7f47960c64c982ddc1909b0b104e964f870502ca20baa,0.9951669290793672,1,validation
d34-east-icu_bed-194,ecc2f356271c45dc049a358cab644a161a855a732b377d63fd6a341db5944b46,0.004474748822497766,0,validation
d34-east-icu_bed-017,0010399a07e83ccc120bf21129ae882a1c707145292e3ce9fabf55e8c288500c,0.0687602039576919,0,validation
d34-east-icu_bed-084,03434920eacb82ee70e96f4d42e34e5c3c747055fb56a49f55b4974eb9fe4b55,0.06536446430707726,0,validation
d34-east-icu_bed-127,0fd9c1bb2f77546bf9c12c249a3c4a05bbbd0b0fd557a68240d3faed4a02a77c,0.24583711187128907,0,validation
d34-east-icu_bed-155,4aafb1d41164a3878592c7d579f0401517a4c5059f2fe177b34415da4101af10,0.019657699686908583,0,validation
d34-east-icu_bed-035,34d4242998c2c0bee43d622210dfadd5c8186878f736181be0e9274113df0dce,0.010046773044307797,0,validation
d34-east-icu_bed-025,ab1a085b698d9aebc1fe762819b805abd729f5e683d3073888daf3c78ec29e98,0.011714752370606572,0,validation
d34-east-icu_bed-235,efd88e709e9567fff8155acc0a65a8ec81ef37ee9f642cf7efbc40a9d7defc70,0.002563660837188622,0,validation
d34-east-icu_bed-151,29571f2090e22f3a6d6d575450ecf2f2e9e984d5ecb030b3a98c957d76dc7249,0.009415831604791806,0,validation
d34-east-icu_bed-082,f3dabacf2bf3bd47a8b521e5fd55e8f288b029ac149be6216e97e656d6f99757,0.2071391652945354,0,validation
d34-east-icu_bed-219,4fdfcf94354cc4deb82035e26621f08238787fea5263585b8e931dc57c43067a,0.0027135471758415984,0,validation
d34-east-icu_bed-008,fd99ada42a8d1365411dde3b0fcdc3a9f0c96d8fd019d8343ff6855a4c504277,0.1652909030787202,0,validation
d34-east-icu_bed-161,05339b26225c26d22b023c7f33cdf65f9f46ddb0ab7736c3e514ac622d749ac7,0.0032121499270924784,0,validation
d34-east-icu_bed-030,f8c633935f384f45386e46f0d3d81ee4819a0a9225a2f0382c0d350b04621a3d,0.5397648790184423,1,validation
d34-east-icu_bed-096,55956be3987eab2b19e111f375646f601bfbe7d87f3ec5e3d79d6415f0a5cb7a,0.0565021519839998,0,validation
d34-east-icu_bed-060,fc4b3fe3e86f304791e04ece40413f23694894da6788f7756e73816a8536ae4b,0.043824077668450374,0,validation
d34-east-icu_bed-027,787abfbdeb6a963a5e1a2b952b5415ef0bc9ec73047e179b0b9a25bedcfb6fc7,0.47584795427595306,1,validation
d34-east-icu_bed-026,3594e5fa02e8e9e56154b5c9d285fade729c96c36cd99b3f08a2612e3b183e3f,0.5104752831352288,1,validation
d34-east-icu_bed-152,3a44e500cac626c48f5b3fd2016932b6fafc476f54e34c668d3e266b00f30f14,0.0034417579049635092,0,validation
d34-east-icu_bed-029,240fa4af28a9d2069782fca2614a8c993d78ecfd8c132bd8c1bf01f78b9b4ef8,0.012723325684468342,0,validation
d34-east-icu_bed-238,07f7166a06cf3fcef74fee6e0aaeb2b1b48cde6c57b49e248882c6bb3f0a565f,0.17179271379180855,0,validation
d34-east-icu_bed-176,86a908415dd67ca750292a5ed1575ec5fda6ade09c7e15834e342c324458df88,0.15360999794273927,0,validation
d34-east-icu_bed-041,fc878d37c73248b9e934df96885d05fb844e36999f07c4a4b58bd647af9b40ec,0.15959205480634597,0,validation
d34-east-icu_bed-217,34526c650bfb69a74879dd8aec0a5f239d78152d98c544312a63f5faa56e688c,0.14510512480414006,0,validation
d34-east-icu_bed-006,d86395eb69de46bb5f326ea04be2b03dc936da8dd1a6b87102fb39da05947aa0,0.0005107593816577033,0,validation
d34-east-icu_bed-163,a7ee690313891d88d39b90eea785f5fbedbc435c4af016056e3c55faa4e69be6,0.0006159162820608623,0,validation
d34-east-icu_bed-124,eca6f26965d37388d1a786e57953679b0051a28719a0e97dedb8e72b4b72edfa,0.0007080984059408105,0,validation
d34-east-icu_bed-146,7ec13362d95a2ff84d0fb35e5ff07217d5456c15357bf1b98f8abbece616c83e,0.012478500943387072,0,validation
d34-east-emergency_bed-220,fd1c686b79658148f0a8cf3810a57ca9013662819def30e348bef7bb2b73244a,0.8755147380865449,1,validation
d34-east-emergency_bed-207,1e1b3fb18021213416f74bcb0eb91e4483b4a9d842074f239a7db9719a98294c,0.9679429884681012,1,validation
d34-east-emergency_bed-007,9c980d392f3906f52e6b5770ef9a36024c9545b06f1c95acd48a6e40ec16be51,0.999532240286665,1,validation
d34-east-emergency_bed-093,b997c9e6e757a986b7d8053076c4f127669e8bdcd88c85269650badc4bfc30b7,0.9980020689882869,1,validation
d34-east-emergency_bed-159,204fc1762c339f5c664f0bc9f4f1b3f82fe657dbc3026df5bab09b58b430a77b,0.9922590964402009,1,validation
d34-east-emergency_bed-042,03bc5791cc5e39d49354f6b8831ad5e02b501a9324f6ef3cd74678364fbd4206,0.8956782254801269,1,validation
d34-east-emergency_bed-120,4e28d8a990db4971e724e95640b60f5689168a0be8edba256b4218f4e064793c,0.33157138026493904,0,validation
d34-east-emergency_bed-032,2f33c405785c62661514b839da0108ed7959e45d6e12005b1410e6ca6094279f,0.1065041138208534,0,validation
d34-east-emergency_bed-193,8d7810996db5bddc7a75aae59584ab69fc50fb3dfc8a91f802825b36cae38ea6,0.3577925597471224,0,validation
d34-east-emergency_bed-097,70a7742e35f0819299245b1e3d3c5d21f012d23855bfa02a2116de4b1c87706c,0.08953877875469768,0,validation
d34-east-emergency_bed-057,0986aada05bb12d424130630d1b8569b81867545855aa143df2dff38e6708955,0.08874061626203655,0,validation
d34-east-emergency_bed-118,d2985e0d5ec4caca33f4cb4c98fa444a6c4fa7270d5c68def500411a2c5ccd1c,0.04175576379191085,0,validation
d34-east-emergency_bed-004,82e395a03a33625b83d38c2ebeaf4ad8c218dc42bf189fbf43d8be97218eee49,0.6982112612548127,1,validation
d34-east-emergency_bed-107,79e5ed7980acf1801e5aaf995fbe85e7152222d62dcaa19a6323d8c042aa12be,0.006172993302478982,0,validation
d34-east-emergency_bed-117,db2cabaf8d1013101af28a35ebeb1b3529bf54c79e87999301a833ae3c2968b7,0.2688633633564074,0,validation
d34-east-emergency_bed-227,747d364a594e8e770155b7792293d0cdb73bac9a56a8a5321d6d50ab66f419b6,0.8814250198646504,0,validation
d34-east-emergency_bed-132,e522e673d1a1225d0f86c2f9fcb2aa221670480a3b74d26b195ac8d9866deaca,0.8951704981057897,1,validation
d34-east-emergency_bed-015,aea139d1dff2cfe4fd14166f1c5f5cdd27aa78acdcb9729fae71f8f8fb4dd688,0.024378463749042414,0,validation
d34-east-emergency_bed-064,1eff255f39574516d842f3a4b7a193f982d75baaf48b6374e7a6e26d1ba98604,0.09916361608514927,0,validation
d34-east-emergency_bed-148,43d6aa9da85b9a71fc3855cb3500e29594043804643374fa891aec8a1c6ed999,0.023816522574156344,0,validation
d34-east-emergency_bed-076,4f2cdf9b467c146c238f653b4e4592e5e60f57214fb87a7a78e9832ca433036c,0.0971213153096102,0,validation
d34-east-emergency_bed-000,13b217213ad66e8d594de9555fc6e82e934d013ef6c93af1ae0c216b807e4b64,0.08065424534337977,0,validation
d34-east-emergency_bed-077,d510769d2b36a44a9d4722c93356bbe7bdf0f7f7370cb27a5b964fcd900b4375,0.001837079632923629,0,validation
d34-east-emergency_bed-036,5827918b7b739e73dccbe1c0ef1095dd738c1868df2ce8c888eaa5202a1f1947,0.025505215378025706,0,validation
d34-east-emergency_bed-210,7f14450e27abd480d552669c51b2a267fd2c9fe2bc32ce0ea68a98bd4791445b,0.3575738655543635,0,validation
d34-east-emergency_bed-038,79a80207d72b4387772019796a1a4056aa1112fcad59a4291dc1174705c86473,0.633509057225413,1,validation
d34-east-emergency_bed-114,3bca40def18f824e233f03fb79f2b2e7212ee0997f46eff2d4441230a882b584,0.1129948412584453,0,validation
d34-east-emergency_bed-170,2faa106e5680717d58eb6c7969ffd39b5392ce03e870eb2904b81b256c2c074d,0.02972190386661633,0,validation
d34-east-emergency_bed-037,10fb7a55098274f3b0fd408d4f7a90a666d34591f24d073b0ca38c04786720ba,0.0089892165039889,0,validation
d34-east-emergency_bed-201,1e867135b6733585581d9fd73c41a8a523c89cd767fccc4627d905867383f6ad,0.7363224146592973,1,validation
d34-east-emergency_bed-074,8c24d47a4120a8636412a4c1ab4d9608b6d7ed202e4ab375072c7fa3ad9f64e7,0.3519310864792336,0,validation
d34-east-emergency_bed-106,c12ee93cf298456034fbdec2b2bb7446731616dfb03af1e0375a18d76ce320a8,0.3882536147444922,1,validation
d34-east-emergency_bed-059,3ffc64d853808743c4280daf7d7246e0fdd3801dd05a50384a975b4a85b02bc7,0.9929515993524655,1,validation
d34-central-icu_bed-086,9bf189cca1597ac56369f74d57d3de962f86e01b35b666d326e72409cf451598,0.05594237553908966,0,validation
d34-central-icu_bed-129,956be1ed92ec89289fc5a072544fcb87f255fa730b0f277b2dd7150d4e13aa64,0.0133349812432151,0,validation
d34-central-icu_bed-031,e0a51d7c6bcef263c131f594e4a87cfc68636c3c8509a16c1beb41e432364042,0.04769845934969538,0,validation
d34-central-icu_bed-166,af00ef5c049b553692e5ac09b2fa4ce4a72786c3ffbf948d78e6a7d3d5a54bdc,0.18234287293396328,0,validation
d34-central-icu_bed-111,7304c980b9cd76dbb1dd410abc746be95b994a212796c0cd2695d2f95a277d14,0.040072964539386614,0,validation
d34-central-icu_bed-108,24dd29d567f6243ca460943f21b5527aed2c4a4c9ef3c5d5f58a17ea7fff4783,0.002242182223173959,0,validation
d34-central-icu_bed-051,343d61fd196df34aa3a38c39f8c5f67e3f2652327a8d7618bffc68f4fe5fcafc,0.16012360289053232,0,validation
d34-central-icu_bed-021,376c7261afaa0dbaf3bc06fa0cb0abc1808e9953aa84788747ebc8a2b28c0fd4,0.1718197144416404,0,validation
d34-central-icu_bed-197,0c82ea86b32f333098cf622e6d1b7a5c9b58189d076bf8f7a0ed06f54a930bf3,0.0023778509552136685,0,validation
d34-central-icu_bed-180,3949f9a0f8575c77de496a2214741ae3e43a59eb41175753903969e16748c3a2,0.010114943045872763,0,validation
d34-central-icu_bed-173,ac8f2745d8ac891e7f512af8de6c5773bbad914dd034d2433fdd9df8e59b15f0,0.0005841049998388545,0,validation
d34-central-icu_bed-045,da5c066e5e39df951f015081a8f76b8770491cd7e3efeb11fb3b1058f02ae05f,0.037914992036141446,0,validation
d34-central-icu_bed-186,34414094adb1472887d37582139c3b533fb7f7277b6d9ab30fd9922cae9697e8,0.03531995889602735,0,validation
d34-central-icu_bed-229,1d27f61a0603e7021f013236da4bf64726c1aa669b0c792fa61f5b3723566842,0.0020709059590989973,0,validation
d34-central-icu_bed-063,ec7333f6c7f22afdb580701d2d413a8c960ccbdb1566ad399ee3faf7dcc87763,0.008339275059988669,0,validation
d34-central-icu_bed-222,cd198c2f63f8700ea55723fe42ce7f6ddea5bcb5c9e93e6e7641f58a2a6e04cd,0.008117735371913605,0,validation
d34-central-icu_bed-174,86f32c5890a9fd9ef5178f74f00deb3b2f1d0f4e6dd55b20c62509779ca3c495,0.03663086678216466,0,validation
d34-central-icu_bed-049,a4ca5d3c7b246158213f4b6289715eb13740f78a258c0cb5095922dbf5424808,0.13875662909494235,0,validation
d34-central-icu_bed-168,69e1fbf5c6e20200b11c49278d30a28aa2eb7a623560c3d8043d074ed76de5ea,0.0004876039203884829,0,validation
d34-central-icu_bed-078,bbe1b22b58c74ecc69d201ceb6054aeeb09ff073b566126fe535ca66fb69b92a,0.15172898425987552,0,validation
d34-central-icu_bed-178,07ac018a06c9bf6b080175bc76d7493465dad1536046b48a887d7ee1ec1b80cc,0.15571356308688075,0,validation
d34-central-icu_bed-047,e869749e2b0f1ce7c44567161192faecc7de3b8ab5155ca8aac1e0aa6c82e82d,0.15713454296538062,0,validation
d34-central-icu_bed-069,1655018775eda9a774206931d4f6a071baea6f967c81933a2a6144deaf8b0dac,0.037513309941363635,0,validation
d34-central-icu_bed-034,2565c7b821855e164bbb22df5ac2f09a8166e7fcd0803bb6c501821a5ad711e8,0.003094360369429789,0,validation
d34-central-icu_bed-100,2690b45f654784a2c5193b3414c039e68b4f3851310e4b467c3b8742a35d2a40,0.011350436134861305,0,validation
d34-central-icu_bed-095,24fa15d99e8333c16e1724b012a4122178337bf46223934e057498392c91418b,0.002805806634788287,0,validation
d34-central-icu_bed-087,34ed886a17c9aa3ee09d0ce4b73824b00cbca4fe2709d0133bb01c83ed86f565,0.02501328864090522,0,validation
d34-central-icu_bed-073,833794e06059191c87363b650456043ca91101ec30b347e8549cd803f9030924,0.005851281338727202,0,validation
d34-central-emergency_bed-198,082ca7537ecb74aa47ad460cda516fa2ee81c159ad035760c4c4dece2d676723,0.9760389916962006,1,validation
d34-central-emergency_bed-040,0d2a7748bb8b114e079f819a611d772d97c1f318e77465bd8369e3ad175eb364,0.976654196818035,1,validation
d34-central-emergency_bed-043,508163975e35b6bce38a083a769564af590eb877547fcc15c82e18eeb4c9343a,0.6871227942940581,0,validation
d34-central-emergency_bed-190,bc844c6255833581d105de601cd1bcc9fac2eea22ede0eddfc3b727b7626e849,0.36755690607675073,1,validation
d34-central-emergency_bed-140,00c2887397a5d26877fd54db2917fa250970d6908864afead202160be61590e1,0.6720562188457716,1,validation
d34-central-emergency_bed-172,06f8d3e9426e12a283df7e731f1f3be56b6615a08001e35c3bf97519d4e503a6,0.9756201167237372,1,validation
d34-central-emergency_bed-187,2b3982d47e727f7618125756ca9e3e75ca0801f77525f82300cd89bbddc93032,0.02684147967027869,0,validation
d34-central-emergency_bed-203,a54c78316604aba2d8ac61e9769aa3087bc40fed23904605a687a4df646ec4b9,0.6658202146869365,0,validation
d34-central-emergency_bed-088,6a73f424efb5016d143af32e2e4cf17eb26e1b7943b21650fcfbbe510a3c2db9,0.00674497942702254,0,validation
d34-central-emergency_bed-065,c6e9c99d58ea3408258ff45c0ca1b43a37e76469282fc835ed49c5c1e2b86a56,0.006430120092431651,0,validation
d34-central-emergency_bed-019,a89ec9033331fb9e3de2f446e2e0acecf19e1e56a1ebfb12d820945e200408b8,0.02674463722017735,0,validation
d34-central-emergency_bed-212,86a18a96d8077215c935afa0bc3666f1130100c56f4d0f4f01d6befe5fc555d4,0.09770650010357212,1,validation
d34-central-emergency_bed-232,0bfc86a603710c059a9f2472b0fef660b7472252b52226328f43a12f44eed0e9,0.0060008625446079916,0,validation
d34-central-emergency_bed-105,48072707dc638a019e8e917a8f680ca96919564a0fd1c52faad5f86d8b586e03,0.02369071916715395,0,validation
d34-central-emergency_bed-121,ad9c9eab68dafd7050d25b0975ead64edd6d588314b2ca312a97c28f370bd5d5,0.006694341490732245,0,validation
d34-central-emergency_bed-028,8d432047e2f374f3bfc91375f09c392272fbff8595c8344ae4fc9866cd6b0397,0.005617047364420623,0,validation
d34-central-emergency_bed-052,4abadc63c85170a845e6dd16cad46b17daa29ef75f8b7c77e54b1047d2bbd86f,0.09558103785904151,0,validation
d34-central-emergency_bed-046,73088849be6bdd4b535a86ebbb385ea30380fb7f1e3b832adde734937d0cdf47,0.09720600941951671,0,validation
d34-central-emergency_bed-056,5b2de9809dcd8cd02fff957c3cdf9d7cab2cc1033b6a787f47eb651f462e3d1a,0.0323241316034415,0,validation
d34-central-emergency_bed-236,f630bee739f3dc0db21d7833df536f913418a0ef2a03b4dd8d13da9f34adf4e0,0.3481181547199416,0,validation
d34-central-emergency_bed-098,cde1f1596ba5ddcbd0ef437417e812992252b5266cb42e68c6681b5024619ce7,0.0064119915756750264,0,validation
d34-central-emergency_bed-183,3ef8ff857330ce282576444d3de5d7ec3f346dfda70413b14827a47b49ebf21b,0.0020679357710897362,0,validation
d34-central-emergency_bed-109,f25b392fd368132bc73d011bcd1d078d1389dd9596cf65546db10ddaffdb2ce7,0.11398198017562972,0,validation
d34-central-emergency_bed-081,97d708976b9e3a3a6ae2e029ea7578a40a43a4ac5c927bdd63af791afca16e7a,0.007107103858663886,0,validation
d34-central-emergency_bed-211,c4a35b2109f717f4c664af123b99c2978a14d7181e8da8cad49ad1622c7412a2,0.02640652062081492,0,validation
d34-central-emergency_bed-233,57060ea402bf2cdf60dd5991300db0679018605ee10e72131d412806ff8399cb,0.7334642084759944,0,validation
d34-central-emergency_bed-141,9d8ba8e680d69967e589b6a3487df6244b7c5acf3e80ccb8fa2d081679dcd883,0.3974828587844457,0,validation
d34-central-emergency_bed-083,168ea694be7eca8a5f0fd5e32760c814e4848687f800410c9a1db2f6259bef01,0.7187378253800143,1,validation
d34-central-emergency_bed-054,dfcbeb6d613f0f04fbb822d2a0a21442363be9e15dd5cdfb429c66e920bd73f4,0.14034907396032953,0,validation
d34-central-emergency_bed-116,b87a1585dc0c1198f68eb57e19865960ace54bf04c490a875d31cec2abdfa22a,0.3712594743717365,1,validation
d34-central-emergency_bed-014,50c17ff936f911568063ad4978d4f0a8b016354b601133f07f04c3818b42d9f9,0.03562318007888871,0,validation
d34-central-emergency_bed-099,1eb725162ef600bab485d6578f49aad3ab0e165515701b333155cafbceec5db7,0.9181029829535519,1,validation
d34-west-icu_bed-231,db932b378d6554db13cfaa5991af4b975a627f7803b84a41ab5d597ef5f33d68,0.011922452869059897,0,validation
d34-west-icu_bed-125,dee3d2b3161fe351bcaf826b2ce4b877daf1c1464ef8b13b67cae0e05201b74f,0.0006639384564408969,0,validation
d34-west-icu_bed-149,b9244c253b22e062c54165b90e1bfa16f1cd5a04b08cec617f8203ffd64c5001,0.000692460998296366,0,validation
d34-west-icu_bed-223,051669513710e94d5e775fce37b6a9b60277a1bc2f622d12f8e61624e18e2c74,0.1525191058637863,0,validation
d34-west-icu_bed-137,98f9fe63f74222903f968bb024c0847ac2f33d4c4b5d8a2df3d2601c41a9a5d5,0.03857279348507201,0,validation
d34-west-icu_bed-011,a87c31e265407666f3a1779127e05cb56e16efd26678a049ddf426d73e194c3f,0.008589611048011129,0,validation
d34-west-icu_bed-206,a38f84839bc717487b05537511b9db82a282d719dc4f24ae0a47b1e2f96349ab,0.010963220522296603,0,validation
d34-west-icu_bed-079,4d2b147c1cd0a5748a3ec108a47f89732f11828f7901144f95c9e031ac7c6f30,0.043084593778261446,0,validation
d34-west-icu_bed-033,4071559ae1bd40fc905713175e413695842f503562d37b948c023d561fc4fff2,0.0026869549232003687,0,validation
d34-west-icu_bed-058,0df671f4a18cb0d3cf04888cbbb9d56475c60292e72aff1a39dbbeadef74f2c0,0.15113773038497513,0,validation
d34-west-icu_bed-072,6ec276298caaa02c6c8f9d2b75f401b34d7dfc196ce21ab5d98c7bb3d8fc3a14,0.17879082882316535,0,validation
d34-west-icu_bed-009,e50eb93092d609413c66e4c017be07a1ae67776c28af65fcacedae766355a1f3,0.010727891693931626,0,validation
d34-west-icu_bed-112,0dbbce1ffec8b7480fa5c3347d3005d05d82eeeffeaac23c64c361f0e8953328,0.04269178782751448,0,validation
d34-west-icu_bed-062,08008d7cdccd4005cf5dc30ec129c85cccbd2502e7ba44f7b4a7b48188fcb233,0.011253377242027891,0,validation
d34-west-icu_bed-185,683e91b25a2e251ab80ef0ee4683fdcd92ac66d226b78a7ac32ab72f50943dae,0.15081349014326703,0,validation
d34-west-icu_bed-094,8a7f13eb46e6e818a901e860328a9616b14c004df712367ae7a737accc21ef2d,0.4519722642308202,1,validation
d34-west-icu_bed-002,c718d2ccccd961613a391d438ee0a865d516d505991eb97e5b7bf01e21ea6b4e,0.0107801792800165,0,validation
d34-west-icu_bed-157,d8e0f2ceb15bf168b8ce2bc9252a5286bcd831ef57c5dc6caddb160ebec184f8,0.010932276370980225,0,validation
d34-west-icu_bed-134,d40065845523e271b688092021856278d648f9fe09a242c5e19fcaa51b9cfd08,0.01276985462985889,0,validation
d34-west-icu_bed-131,57f2c212e900c88f417a973a5f11a10a40555d7fd19dfea01cc4060c68ef26c4,0.04306228798983964,0,validation
d34-west-icu_bed-113,63ac98da3d0300180573df744f412f580c8914b5962037278e5cadc0e327e2a5,0.2237135014084481,0,validation
d34-west-icu_bed-126,fd8a45d7aee34194fdd540612650cc61cb007c1ed9165bc591d4ff4af45f2fe7,0.01736549218038251,0,validation
d34-west-icu_bed-103,7cc9d39821d7860c8f703544d4bf8597ca3fd228ba12ddd58c76d3780216979e,0.5952695378907907,1,validation
d34-west-icu_bed-175,42a5067d111ff51be76c4b715b62c0d32c142b688b06f17f86a047630c066951,0.2406973072171123,0,validation
d34-west-icu_bed-205,8f21dbe309b85cd7197d21e9db0fbf01e3bc75e9d6679a7cfe8a56e622876177,0.9738113321057499,1,validation
d34-west-icu_bed-204,84bcd6177d148cd3eead8ef5e986ce271fc7a30cb841e6e96123d0fbd8208864,0.6636628863372729,1,validation
d34-west-icu_bed-234,0f79c871ad17aa1e738deea2393adefc76fc38161df47359ef78922d21c8a30d,0.9718135456832268,1,validation
d34-west-icu_bed-102,bbb8d826cbede08ad93e9a7f6868d5bb388805e7077be4947ad32a599f278f8c,0.716452290489824,1,validation
d34-west-emergency_bed-209,b4f267edf3675cf96520ae907083ff630dfc5a1260fb6d1fe4ce695044776371,0.9999851002018043,1,validation
d34-west-emergency_bed-119,66c621e7d934a49b02d01f46d7d48c25fbb929c05dc3b94aee170ddb7dd526c2,0.9865981267348856,1,validation
d34-west-emergency_bed-115,5145df76b5b363306422614f364e33c411869ff614b898234d320defaa119ef7,0.8420892302444184,1,validation
d34-west-emergency_bed-214,7a20d795092f96054cc30deb64d0fc76e8fecf22e5c9bf50d43ddbfd398e7cb2,0.9966670977269053,1,validation
d34-west-emergency_bed-053,cf8bfebb6fe5c1495fbfa9d49de59b9d8fce558426f2fdf8dc08829bd7d59d60,0.9474907570176252,1,validation
d34-west-emergency_bed-179,763b2df72e853668aaae4f1a57c439b9dbe972c4e24c7eb61f0ae146351a3b20,0.9973258883985826,1,validation
d34-west-emergency_bed-135,92bebe6c63466976c9224a13c2920c5bf221d24ac8fb86e932eaf066aa8ddf9c,0.9569162522484447,1,validation
d34-west-emergency_bed-110,cacec13242209ba7d0a923c14cdd9fd7d1fac4d9c09353578cc5bfdbdcade025,0.5583041452957279,1,validation
d34-west-emergency_bed-075,2935eef47ac0777964a09f4a31bd095b7913933072ac056239a659b86033f8e6,0.9608744647994505,1,validation
d34-west-emergency_bed-016,758c22897f802a5ffffbef0c3a55c59de95d493a41b5ebeecf5c02c13c4c917e,0.09036787170288262,0,validation
d34-west-emergency_bed-213,44653accc02a29707c22fb72b67b16bd18ba45cafb51a36ccd70785a6797b214,0.6111127604588561,1,validation
d34-west-emergency_bed-218,def554a53ab879c7723035785407eb137e9a036d308d91cdf25a588082735640,0.9892360837258148,1,validation
d34-west-emergency_bed-191,c7b85a7d8dd4315d65bdc4d9217eddad03329f90613f00606e90aa9a5a9a0b90,0.5624406322957631,0,validation
d34-west-emergency_bed-039,7bb5f9bbfc9839489f5b435f5a48d7b0dd1f20422c25ea05c03cacfd21dee3f3,0.024999916422902353,0,validation
d34-west-emergency_bed-228,b6492de1112fa0fa2d47aef3941cb33f5afb47a486b3e069d6d22fd025e7bd21,0.025066964382597152,0,validation
d34-west-emergency_bed-010,dca403b392e3be257914c7464e82ad9cea1d4752accbcb96b3513c65dc1b7ff5,0.6144794137783738,1,validation
d34-west-emergency_bed-167,c8ddfe72c76957b833932d47e5d2894a1c1ce8d06d719bad0bc76ba9ebd5a8f5,0.3200298566012462,0,validation
d34-west-emergency_bed-145,0d890b7d03858931700e1d707c5b8b537093c01bd3101bb3157cbf526f1d9e39,0.007180971887306278,0,validation
d34-west-emergency_bed-224,579ace278342f28b092e5a5f4fc9f6cb64572eb6b30196c509ab46b86602c43e,0.0360878261930349,0,validation
d34-west-emergency_bed-133,43650d617d88a26425c3768909939002ec41bc497691bc4f13dafbfa7fec9fec,0.1756899599156307,1,validation
d34-west-emergency_bed-101,bf6df615e100f78009b0589ff7447f755036cfe6cfd3915d0bde8c312a0bf59c,0.6991545259746337,1,validation
d34-west-emergency_bed-165,4d28733cf3b8ecf9665e13f3646475804aca8ce7318a6024aa4e3b4d7c8bd008,0.6064129092557243,0,validation
d34-west-emergency_bed-018,aec07989c540ec0268a9c87e39d2da03befade17bd273f4f8731cac5420865d6,0.3092121910164768,0,validation
d34-west-emergency_bed-089,5a85463008d4a71c9e6434458e0f00a7a3ebd6784663bfbff8011e0f360118f0,0.4746681431321392,0,validation
d34-west-emergency_bed-123,f95a4a210b8c542ca409ea0b3f6eabb2cdcc27013da80417232ec96a7fd9c38d,0.035781682788366895,0,validation
d35-north-icu_bed-180,336edec375b41fe0b07832e0b8d19489941db2426b847c892af2544c5ec80196,0.0008447962056985482,0,validation
d35-north-icu_bed-234,5c6efbc8fef5abe51cf1e3b13d2dcf588d227d8e5dea401cbec56ddfb00f5f94,0.1754887944380868,0,validation
d35-north-icu_bed-157,256b158b7d1ff18289e0c06a88a88f580a80940d6b8288a68c0fff2a0fa29b24,0.0007756129289055772,0,validation
d35-north-icu_bed-171,7cac26919c41d553f07c993beb9af6927a3b6b5a4c83b84c05c56dd477231591,0.0023375689809718653,0,validation
d35-north-icu_bed-056,abbded38f7888051b95ee142bcef7aff8e57eef70f0e9ef5935bef903c3958ec,0.0006820727853752163,0,validation
d35-north-icu_bed-025,31796f83db494d86df34b559551a66b78dce34b3a60538cc49a26d3c336d7be2,0.010662987073965133,0,validation
d35-north-icu_bed-109,0867af046ed1a04e721043963cbfe3aa4f88704e9ca763157fbdd3d8b94950a9,0.1333507270491753,0,validation
d35-north-icu_bed-121,005c12d8afdeede4a896da6cc8ace55e1801fa39dd43d135338c3ba52c7cd472,0.009285788528258298,0,validation
d35-north-icu_bed-160,f6311b1ef93e7af57c785133d1e3ce806c78ca97caa1113bdd979d9b39bc0e28,0.0006488722975645647,0,validation
d35-north-icu_bed-119,5c109fa2bed39dcbb3d5320d32a2ec6b8925c55c749df95bb182ef7d6f738bc6,0.01049324378867388,0,validation
d35-north-icu_bed-152,ee84ad4dd5ea86c981f65be491fb49022fc7e32af30ddde4c575c222efaaa9d9,0.0022540013666113414,0,validation
d35-north-icu_bed-216,ae9dd89cc93a547ff78b0a9f7e0b3b9c041ac77eba507b60bacfbd04d9c91bb6,0.03585322773764927,0,validation
d35-north-icu_bed-239,590dd80cd332ac713debe52dc4f75a3a4adc3e596b5faa3ae7cefb10f5c99ae2,0.13247926293323856,0,validation
d35-north-icu_bed-072,21c39b75551595725439053658643d4d363357768cb41eadcab0bc7f45b6bffc,0.009587695936789289,0,validation
d35-north-icu_bed-170,dea837915cf28c9fdb93b2d3cccdca12ffa4668364495e0f4683aec867e46fe7,0.0004736812436988743,0,validation
d35-north-icu_bed-107,aefb50a3dbf5177ee20806b7a8d1711469cdf83ee9d2c103c3ff921a8de02d44,0.008053368016023946,0,validation
d35-north-icu_bed-029,ad85075ea42fa06539787eb595416f9be6508f2884f439503a0c17996f6e25cd,0.002198948606399178,0,validation
d35-north-icu_bed-197,25c4d99ca71e0107bc0055da1d1621e7a8b8206042757cae76e6a9b87d760591,0.008914324469176883,0,validation
d35-north-icu_bed-079,82fc6351922220c39b9ead0aa0e4c9f429f631d121dd5080e8b5696205fc62cc,0.0022328196140708875,0,validation
d35-north-icu_bed-146,f527e644d2677d7651350d9a5ba78c0f0f8d644b06d659ced5bc9c0368ca5465,0.03733156856742667,0,validation
d35-north-icu_bed-129,6fd76b8acfd595eaeeaf513953a76534092c67bc8d10f2940587ac971223d384,0.11483606644511518,0,validation
d35-north-icu_bed-070,aea500aa4d3cbfb4b38157d637b0eef007fd92567ecea8b07434fae325137ab7,0.13138528714246345,0,validation
d35-north-icu_bed-092,6e7d3c7d5698a72c90523791bccbf8a70355eb0a2f120499f164abd743a2c779,0.002060050271471273,0,validation
d35-north-icu_bed-067,f6808580e5b58b2bba1a7eced82b2aa338ff75e31819f035ab69755c81c6ae5a,0.002374895549558915,0,validation
d35-north-icu_bed-076,e2b117f956c0165620f434afe818a0295d4ec112add5637feb657ee275b7cb09,0.1307345703016592,0,validation
d35-north-icu_bed-093,d565cb51d086a7c25c4d0b6ea3692e06debf54f16ee681e9dbe8755f0385a8d2,0.0006082630932981114,0,validation
d35-north-icu_bed-212,dbac11685bfe9065df8c66922198195ba680e281de05f921bddec35078e64576,0.0006060231446290216,0,validation
d35-north-icu_bed-223,1748b8731f945f58438720aef6eb40564427f8675120c654fd7e7f844db0908d,0.17293530267176407,0,validation
d35-north-icu_bed-051,278bdab7a6ccf2da13b9125cff2b67ff51ba3a718fa02062cd6c57bc7c683333,0.17738065745525725,0,validation
d35-north-icu_bed-059,00e188549c54ad9fc434e2d7b113b4e803ffebae129c9eeb9d7a0249358f73e3,0.003034798134430852,0,validation
d35-north-icu_bed-057,1a6927ad6e2714e3816d72805d91272d3894c031dedd32143f08b6be2e842dd8,0.0007984026231329925,0,validation
d35-north-icu_bed-224,6f050dd682f177e3955b63c1bd890e30d7a8a3fb2404c8ebc4437a3224e0b412,0.003005706934520463,0,validation
d35-north-icu_bed-219,ce0da9c1875506b2fdc78f1e1848d505713161c35ad2f1d5287fab60bf76aa92,0.0006865838256918932,0,validation
d35-north-icu_bed-003,5e0e7f94e3e0ec5cffafe2ca1ce930609488fa6430efc83f4a425c62899ed9ad,0.000652222256004895,0,validation
d35-north-icu_bed-006,1e1b3ce7a8d1fa7ce1aa9f099dd71c9968f31544f73a63af3ef4b6c0da7613db,0.1800471628332661,0,validation
d35-north-icu_bed-016,ccc2d0bf0d71c3573990db529d60b7df924a7139eda39672f9d80a49538d780b,0.002766217440625179,0,validation
d35-north-icu_bed-020,6d0b66870dcef59c498477fecb2aa4dcafda9fdb020c01d718774affa32c5d2d,0.1804693961198271,0,validation
d35-north-icu_bed-055,a1b3ac930bc78026ed9eda456ec431459ecd6a24798c7fd9758bc72cbbea18e8,0.0034951946060409163,0,validation
d35-north-icu_bed-089,66ed57b2c72e8edcf3b1256e02d2fdd5e3e491d3a144089e9fa777b887a0c1fa,0.2012498087034097,0,validation
d35-north-emergency_bed-101,0c4c71d63d5942341066816ebd9d5c197c52ab736157f69c36f545b9eaae6492,0.9991799245275345,1,validation
d35-north-emergency_bed-090,7963eba17f1c2a46a7307ca0ac188141600abdb22cb69a67c52b60b188efca74,0.9962141941239436,1,validation
d35-north-emergency_bed-225,98a147ecd484bfd12694206962e46a03f4f4e0979d18f2dd07045a8c5629d7e8,0.9990379959892092,1,validation
d35-north-emergency_bed-017,aae42b8b0b6a5532b40c83f1ffedad5299291ef26a90eb3ba3a9b21de8302a6f,0.9432227092276806,1,validation
d35-north-emergency_bed-211,b176e6855fc91b2fe6f5c2201bb5c94df64981be9a029899b9b4e954f5062ee5,0.9822164716250643,1,validation
d35-north-emergency_bed-189,36aeae42162bec8d6759510b6caf6e4f3f8a25732b744cf16c633ec823618106,0.9879216653616599,1,validation
d35-north-emergency_bed-033,085a7b1e81c8ab98544eb0e17af2d5a94e835b3e2deb5c91c3711ffb1db03041,0.9808156631560723,1,validation
d35-north-emergency_bed-050,63664eef50279919fbfe6c1c5b831771d53033d36c1970ad330ebb64e0bfff3c,0.9972602295618602,1,validation
d35-north-emergency_bed-061,414443bcc23f3fea4c4bb1a382f734789f69b9499ce6fafbdc7c9d456fd23f8b,0.9501043489120836,1,validation
d35-north-emergency_bed-227,07590de43740e1f33b529df712f4b03e0b12b12ffd3225a4e759b031ada1eff0,0.8551564769901724,1,validation
d35-north-emergency_bed-018,a3238fce42a60584d8a7e59a26c0f922ca65af2f55b2135025bf13e79031ac67,0.2576388441951989,1,validation
d35-north-emergency_bed-214,ef87537f84a83eb9862483a4cc3157b69329bff2ed0810502d2a9c8e340f4b07,0.44226915808601286,0,validation
d35-north-emergency_bed-073,82fceb6e11d0c55554dc579d15761f5dc1c5c649b867082b36c3f87c92a3e3a2,0.8009273402915468,1,validation
d35-north-emergency_bed-220,db1867dcb8964cf7914e33ef9ccbb8aadc166b206c8a85bbbe522f11aebb0683,0.9932358771188958,1,validation
d35-north-emergency_bed-091,b94f8e284082fb364a6526078d4bbdf4f6cfd27e0ea649c4856b92eae3b53ad6,0.995428286335659,1,validation
d35-north-emergency_bed-011,edbc8326e44c789ce74acd6496eeb8052e9da1191c309b87dd3908ee5fc07235,0.9387175087445765,1,validation
d35-north-emergency_bed-163,ad8e8ca8ea0ee564cc878ef0e85fc26c8378048740454c0a54338a797f8bf864,0.41999419086195877,0,validation
d35-north-emergency_bed-054,5bf3ea499ad8cbecb7e1b7dbee86f30e8db57bf8f80a74d423c231188eaf0211,0.6416117992354002,1,validation
d35-north-emergency_bed-172,279cb4d081713eb7b96d989491b90c36fa809279aca0145b6e8e8f9082abc923,0.09227543846380805,1,validation
d35-north-emergency_bed-181,2e12cc67c9f152a7e8b16ca80b25c5af2b1bf7314fe4498915929f98a5ec67d8,0.026682644176815144,0,validation
d35-north-emergency_bed-136,389326e41ebb40c26b4b692f34395be53b207755274f65a3813c48764af2bb45,0.2971643084693279,0,validation
d35-north-emergency_bed-139,dd034f125c5e427533dec5f8d5b9c4202a8ae2d18b59ee25aba92a743133ed80,0.5649251434042505,0,validation
d35-north-emergency_bed-134,84acedd91bd973acf23f146119832adc973c2efb0c2dd2e077b3b3375e063e7d,0.03091529164583282,0,validation
d35-north-emergency_bed-207,fcadd1bf8a51e0ef0bced8251ddc1d1e4eb87e10cefcd52dc8859d6fc53101db,0.012061082298461204,0,validation
d35-north-emergency_bed-036,02272948732566771b94a2347ea4b0bb28a18d003a3016b77403801bd808f010,0.409402393494413,1,validation
d35-north-emergency_bed-177,cfd3953be5b6c9683b7e5e575a395fee612a49eed6bff50713a430657c53fd40,0.4502247442757177,1,validation
d35-north-emergency_bed-000,8b45f37724942957df13a5882483a50067e9b072ddc8b8353d13f0a1df114ca7,0.6063977049336176,1,validation
d35-east-icu_bed-148,2b7ed81ac099eb4f936ef55b74624566e7f72e7266899d25b63eba83d7ad47c5,0.0006832405802924792,0,validation
d35-east-icu_bed-228,7d0a2d4c69f0be1acc12f41916a68c27c3b2e832aeea0e1b7865fb128d3b4335,0.05201696770994146,0,validation
d35-east-icu_bed-068,030c6224f52662957ec36ed174b2ff590ec2e32d2edaece8bc3555c7a9fc4309,0.16721319263700563,0,validation
d35-east-icu_bed-009,3917eb38fda8a8ac6070cfe99d4f6aa10252d615a4f928f5e80c83818279159c,0.16414176504587408,0,validation
d35-east-icu_bed-123,b06d41044a8f90d7587071db1bcf224203a1ad3bd3c49e0c81c383ff48b42adb,0.0029494583652297348,0,validation
d35-east-icu_bed-108,fc466f12dda948b85180e31ce20abd949b8b4ed0379ff3da1f055fe459fbc6f7,0.000576214043440419,0,validation
d35-east-icu_bed-206,1df96df200ece5ab653207bfc0c2a7110e38e850dd270d2e195841d0b6288364,0.002546590603807689,0,validation
d35-east-icu_bed-195,c94ce451f0153e37c463189c0c5691bf17322cbb7496525d6bab4a9792ca408d,0.17588335601971,0,validation
d35-east-icu_bed-218,1ef119409ab23c2bb8b46c9b190e5422cbc61a5cdee9ad9c72a6aee872a0a60f,0.011092223171645092,0,validation
d35-east-icu_bed-066,3b51ddb4f52282f1b06bffc5212753e7a2d7511aae16b59124a6da3cec2a82c8,0.041182164275287626,0,validation
d35-east-icu_bed-229,92ab36963d8fdf5b444b5bf6528489110cc5220ddc1cf582338190acd355deb9,0.0027113927461571625,0,validation
d35-east-icu_bed-135,751f5a6ae51fbdaf817ce1b14e29a35f6af9ebc12890c82e1b2b6d1ef538694b,0.14841923266146792,0,validation
d35-east-icu_bed-143,17f6b4f7f421afa48c5965ed40e1fd68ca1b318314b4252c8c652062fd9d0d8a,0.038342599257403055,0,validation
d35-east-icu_bed-200,ee11a4320e4f907e70c43f4bb5f62c25df3866878afbb2349c786eb2d9bf9d06,0.1488270951137167,0,validation
d35-east-icu_bed-008,a1881515b0fb5b93a16c2b74cf607a4b13fec3f9056b596cf3bf796e4115e372,0.03389989907306661,0,validation
d35-east-icu_bed-083,7d53e9583c4cf122bf43a3f40145c619384114e9d70d861faf93bff9bccc0fd9,0.00940135151858281,0,validation
d35-east-icu_bed-125,5f6b40afc1a7de7930f676930e7201e13f6c8e31ed5d9ae081c1de26eb65c8e7,0.03392220399052076,0,validation
d35-east-icu_bed-141,a580a73d3d018bf184c002331ba8c91825ead14640efb15fa369645c52566048,0.0004835210885663525,0,validation
d35-east-icu_bed-031,d9a2a50efe1fb212824a7a7aac250b3971872961c6f6fbd76bbb3cc6dc65027b,0.0018210122314340075,0,validation
d35-east-icu_bed-042,3d20e170266dcab769fc6412cfa1c6b32f5585dc8d3fb4bd23b0e92f5165f98a,0.03663407259439698,0,validation
d35-east-icu_bed-069,2e5fc095336ec5b9fb6c968fad4146bba632a2401be2c0c5e6f1c00e188d21b1,0.03643885057236092,0,validation
d35-east-icu_bed-126,9a20708cf926640d2dfbee5b8eb79bee9f6642a0d07b60e4f55943e8ff82d714,0.002193938958753528,0,validation
d35-east-icu_bed-167,f80408321d3721f8a820851a638bc0d2e3d417eb2cd3c449b3c36ef9ed394ee9,0.1591199458373533,0,validation
d35-east-icu_bed-015,00e251d678b04d13721553f966d7ea4940c2b046268add5c2760151a366426a4,0.007986378521323716,0,validation
d35-east-icu_bed-156,945d9d75c0cf7bd0d4b653fdf62adfa3e912bf806cce38d1edc32dc86b5db706,0.13966991953354632,0,validation
d35-east-icu_bed-233,8358c0ce5557753fa17f69ac30e92f565222ae59100f687d9a5755bd78d4cc00,0.034950938938434116,0,validation
d35-east-icu_bed-001,e6e6a0539b7435d1d239c830fc5b63034f13afe113bd0a0b72740c2bdb2cd8ee,0.05260021456023185,0,validation
d35-east-icu_bed-104,ba9499ce6e81aef03ada85d1b958369de4ddf0351aebf3acca8f24a5346aa184,0.5546329675496566,1,validation
d35-east-icu_bed-063,0719a0160b310d24bcca5f66b3c8a24c7db3ae679a45438378eda8969ca90839,0.0683530211385698,0,validation
d35-east-icu_bed-032,6549d32346b617fc396846c2f97191fb2b81a2f0f2eb55f20ba4ccca08b7f878,0.0039007037062181683,0,validation
d35-east-icu_bed-178,8acae7fea2b67f3323ee19cd0bd10a38511b7d990f5b3459f961c58272c9a79a,0.5563277482364445,1,validation
d35-east-icu_bed-030,97cbd2beffdbac994db385c08b7f14ba3a16a63fb47d1c96db11e56f42992d38,0.574415025668564,1,validation
d35-east-emergency_bed-122,e00b18f527880d0269522a447c777a6cd4c1873240ceef4c3b784d35bf3b4b08,0.9639236603000373,1,validation
d35-east-emergency_bed-204,6567fac4e8d9c9ecc2f924b21eb05ce7ed43a8d51edb251ca48e7d4de49e7842,0.9636704953720979,1,validation
d35-east-emergency_bed-232,430040716385a4d4ce4344a3d9b6b51508465f7967b28ee3f2dd7952107e45b5,0.9692363225504779,1,validation
d35-east-emergency_bed-019,34cc9eed0bd05edffd3713df2df00fe42c98cf72f0098fa7a12895280d88d0ec,0.033137563700643115,0,validation
d35-east-emergency_bed-179,1db3e73463458700a8d98cf0069db4a408a990254b9de0a478e21b2ae0245f36,0.7326710821543883,1,validation
d35-east-emergency_bed-106,199f64750089b60907a6610affe12deb77642fee484d54ef3a1f7b5d6112c972,0.8991354959910488,1,validation
d35-east-emergency_bed-038,c711461abafe9e7c77dcdac51f2576d08aefb2877f64134e4005244bf999f7bf,0.02913386801100107,0,validation
d35-east-emergency_bed-164,5a08b1522651d63d08b3f5d8b3f9d80c90877c0ee48b21bc518941b5d284ad17,0.7249322734182745,1,validation
d35-east-emergency_bed-023,b89a1ce7b4450c22876547c905b9057f6e29da29dbcd76470ed8300794c829d9,0.04241349881658396,0,validation
d35-east-emergency_bed-183,778f12bbca0466c99ab4ff83151b6060d47a617e66457ba03e7bfc88cd8210d3,0.03569790466022188,0,validation
d35-east-emergency_bed-208,9d882c512330017cfed7d88893e427d7fba610a274ee10d58ff531683d85bfc7,0.28122782280740377,0,validation
d35-east-emergency_bed-162,d3fb77a7ceea6b790c16fb8bcdf13b21d600d716bc96c7c471ba473e80d1f5b1,0.007644800718802014,0,validation
d35-east-emergency_bed-094,6dd866b55b9287dcf3ba1dbbe79a7a02268f086b70f85c53cb58d245a5e2f0bc,0.0017351481654011805,0,validation
d35-east-emergency_bed-128,b6a6d56321d80f6178e88f82f0f8443d127543d52f5e8a67a5db911610e19a32,0.09496709599950345,0,validation
d35-east-emergency_bed-130,efe0f9438fad5133bdcf1e0c9d8b8717320ea19b69a678ce8d0f19af74c8558f,0.00816269027019999,0,validation
d35-east-emergency_bed-118,298663a2fa11a173063dbaea0fa2e8abfab4d49d7ce98ad76483d31b950eb756,0.027793162733908538,0,validation
d35-east-emergency_bed-095,581c9c644379b430a0fb5307ff03b82e73da7754030418e5807e6c5a53d4a3f1,0.002181915795106987,0,validation
d35-east-emergency_bed-215,93102cbdc7d4dcc548e6d4e4e606f9b56e9ad58c29ad69b42f1c71c7be6b4118,0.008920634170958387,0,validation
d35-east-emergency_bed-198,41693ea3fc711d23d7922b0e7ae9d2d80fdb40e4d1e63a652df94df6f090a0b1,0.4046371099190653,0,validation
d35-east-emergency_bed-237,754595458e3ec6ec76e0ec0bf7a7470ee13230779742439ee23028944378a2f8,0.12555072834539913,0,validation
d35-east-emergency_bed-085,6839744aa24596d4d11723d9b98d4eba676443b0383fb2114cccadc99e072a9c,0.023894954611290358,0,validation
d35-east-emergency_bed-149,a8b32ca62303fc5efe75dcff65f27ab5ca7c0d978f3f6988ece83f6ea2c612b5,0.7585844377294041,0,validation
d35-east-emergency_bed-013,b6559aaacb0871e39818dd8033a1cf0d047455bb64ed3f310151a994d2bd9fbd,0.4230479839791325,0,validation
d35-central-icu_bed-159,36925262420dddd096471cfbb75efd98fee38e8b4ce782d2a2611ef1c506c05c,0.27876908178471704,0,validation
d35-central-icu_bed-115,36910c94d1d14c4a9d2681ce2320c8700782932b97148f759375e815bd375dc9,0.020658783049462583,0,validation
d35-central-icu_bed-190,e340bf2b7c526a1804f03425bd8ebdbd5d162b1aa9065817c61510eefcda4508,0.24509168474179238,0,validation
d35-central-icu_bed-213,f5518e4ce839ad9fa7bde6549cb907dc9cda5e09f4c8db3cc8a7a7f55ff76bba,0.23735309015763184,0,validation
d35-central-icu_bed-044,2d8786f307df0763fc33486706b27dfeaf0cd50c52211fc44d1499c351fee956,0.22017818419511798,0,validation
d35-central-icu_bed-081,4dea3df886e63aa542be31504eaf69439b6a2c0d74d461aa92315f0221e86dfb,0.040789013021524725,0,validation
d35-central-icu_bed-175,61d020f72d4270ec34d78ed53f6e7001102e02f5e51d04db642fe45d79ba6b8f,0.03165426104541948,0,validation
d35-central-icu_bed-169,59ffe0f1d7451777fc50d8980d02c0fdb39d291310d720cc6954b6f1ec2444f1,0.0021055583142750457,0,validation
d35-central-icu_bed-113,b46488fdb442844e506727073524b3fa0cdda1de781a4738d2865aa773058258,0.05781123276539465,0,validation
d35-central-icu_bed-194,c6d2bed357022e038efefc74241cc789bbf78dc248ba629b94e6e130c8f72ff6,0.0031790687529474814,0,validation
d35-central-icu_bed-074,ee9347b64a6a958ffe4beee33c5508eff7a3c6b3e28a787b7cfadfd29d142ddc,0.11513094233236247,0,validation
d35-central-icu_bed-041,f610537207fb29abf0c013b130e4fb5eaff561ff28a933f0315c3006b17faa38,0.0018549994052842356,0,validation
d35-central-icu_bed-084,3341a0b583caf44eb16fe851591de7470fbf5edd6f87f70b8857a640e070b52a,0.00042290281490288753,0,validation
d35-central-icu_bed-217,6b6b42af8aeb85c221c38f44ae0a94797ae674ba7217fcd14eba18ede59e2302,0.0004640957307515014,0,validation
d35-central-icu_bed-186,37bc28dfbf89bcfe03edd005426c20a723f0544c25ecf41ce537cbbd5de5d661,0.0004597248736094489,0,validation
d35-central-icu_bed-065,d6830999247c60e521400be10f343854b0a9f5b6a437119216d0ed3a667abeb7,0.1190737800645355,0,validation
d35-central-icu_bed-010,a668480f0d462cdf355de315601d14f0ddc43fb45a22c989a193f2563ed2f680,0.14786488943114892,0,validation
d35-central-icu_bed-185,9a17d701cb9322b563619af8dd9c64b5220f21521e7c05d3240b5055de7d7656,0.0005386844787644135,0,validation
d35-central-icu_bed-238,132556afb79790146c94af17fafa6796fc144c65cc30a4126c077656bb7c2b53,0.01614677299049617,0,validation
d35-central-icu_bed-043,fc5ffe100313cbe1e63a996acc385ccfacd70e4bf67efe3320be1606c2c3f4fc,0.0170518440895057,0,validation
d35-central-icu_bed-062,79a43b92f541503bc6ae6e3803016400bb40cf3aabd0bb0305f22fbab4a60957,0.23860172567562105,0,validation
d35-central-icu_bed-053,74c22a3b6631ce57b458d6b1cb5934c545edd24fc13be61ab4d218951181a022,0.24119321746005032,0,validation
d35-central-icu_bed-137,76ca1aef63dafe2e617cb44519d33096711bf963c172868d52b36d6b775b7acb,0.020238709977446194,0,validation
d35-central-icu_bed-184,66aceb1e453cbe0ba9d40e0facff7955e06f200af99aae085662289f451922c9,0.004690111104148764,0,validation
d35-central-icu_bed-039,b148eacfde3c42bfcbb6b0fda5f08c324b46c5e6b383ad04a7ff73b611972630,0.31070858891964714,0,validation
d35-central-icu_bed-035,357d1e2e89a040e39ea4b5837772a6d91e01d3c991a8b9391e7a31f89f3c983e,0.6492925749370637,1,validation
d35-central-emergency_bed-028,df21252b9620c90b909a26a7a8cb450a5ba4b98d979c4b04441c800665e9db87,0.13218167761241165,0,validation
d35-central-emergency_bed-037,1f2af8c9368f529ee9adeef8cc4820225b0e534b4d8a265078f75b9cd0129d80,0.3711282500260791,0,validation
d35-central-emergency_bed-002,02f4bcc3285bd68ec21506d55f4aef86084f5c2d609a3cd7fca8989f1f587557,0.38594433250893934,0,validation
d35-central-emergency_bed-155,a5631cf8f9734fdbd4f2dee07f47ae43e3ec03e7d41efa291cb8108e6fd696af,0.035096682738496594,0,validation
d35-central-emergency_bed-202,9710dc432b89b1d4b084242d6382cdefc3fe387ab1dd36b3b4652a2a3006bccc,0.032388933420018466,0,validation
d35-central-emergency_bed-112,f5609ff9da73828f1a5af9e5582653eee147a6e5150c6a72a2d660392244f088,0.001927853831274907,0,validation
d35-central-emergency_bed-203,65e8f3a6e5e0231824d61d8ba28c2a82346f73731fd4e730112f2bc77ce4755d,0.007667593596532399,0,validation
d35-central-emergency_bed-210,76e1dd8e211a8d2cf96f4c9648667f166e45f8c3037c108b786a87347c99c842,0.36609253025479976,1,validation
d35-central-emergency_bed-049,14eb49a5e5447bc2ebb9c7d6a440ae1a260632b55d61e1974ea30514e7ce6d7b,0.8826869011498812,1,validation
d35-central-emergency_bed-221,6b0d84ffac58735077c4251387981e00c02a6e1b5dc26356130819d7e736375d,0.8710774962717825,1,validation
d35-central-emergency_bed-064,d1f9ae6cdedd8540974eb350522bf85899018478ef45eceebd94fcb538f543f8,0.2862041489299877,1,validation
d35-central-emergency_bed-099,5345fa657611c78201cfcd6fd2f677648d0b6b805c658fe550564547596b3aa2,0.9617423902077092,1,validation
d35-central-emergency_bed-114,5ba81ede53b048a20ec5d1bc704838e6c4ee243a4078f62354ec3eadf660cd16,0.9606149633543076,1,validation
d35-central-emergency_bed-176,6582eddf623bb39aa74760d27b918fa25c345bc45ff541ee108298b1530e6c28,0.9977441054645921,1,validation
d35-central-emergency_bed-166,84dc99191cb81d455e1775230975424db464f230f89769cc79a93b32907fbd19,0.9906942414924967,1,validation
d35-central-emergency_bed-048,88a81e49a4c0ff1429b1a2e1a504ce0a7658e99378684e2cf45eaab2f1eeb288,0.9645960770227207,1,validation
d35-central-emergency_bed-096,bed894fdbf431f253a6264d9a8ce84bf4e77ad584cd7903b17e5dafa8da38805,0.27351131186602556,0,validation
d35-central-emergency_bed-045,3200ae8b18427428ef5bf8ae9016bfdfefd0ca64748cc11d1d79b9ef362bc9a1,0.10059696029830184,0,validation
d35-central-emergency_bed-199,54780bf4c88aaa13b60299fe8799d13f2544534ba90baa24147954761865ec31,0.02674122005556653,0,validation
d35-central-emergency_bed-082,f6a4802d644e45dfb0ca390caa8104f3017b33b049fb6484d87b353f5224ab21,0.1045385736986795,0,validation
d35-central-emergency_bed-191,4dcde7954573707bc15a7fa6ce9b0887d66ea8a94a210b23cfcf54ac54958486,0.0018592881975890273,0,validation
d35-central-emergency_bed-145,bc44fe0d6cdce7e3969181a9d7809dd3b8fbd13ef45bd8919c0049ec687d2176,0.002215050192840911,0,validation
d35-central-emergency_bed-071,9e6c11e6aa195fcbd31442069a1a07e5a05dfba8fcb017f0b1165f6bf768b193,0.7452113975730446,1,validation
d35-central-emergency_bed-110,9cc5483e8dec39815068a81834f7ce24af6d357e7dfca4604f215c38557dcf21,0.12604796757569708,0,validation
d35-central-emergency_bed-046,5a20c091f0651f90c202d2f892e584f9f03f8a0fd5bfb3e0c959cf72f650ea0f,0.13071166440373472,0,validation
d35-central-emergency_bed-088,c507ba335003e9c9cb7906ba79db7dcf5943471e3d176fc954a61e25db0b7e66,0.13598498087806243,0,validation
d35-central-emergency_bed-116,7698c26bce795d0469aaad814107d3ff79dd46fd8e2bee4b4dbd4b477a332776,0.1331172715246981,0,validation
d35-west-icu_bed-165,5935f8e2fafbf4c494905f1c334ba9469ce7d1ebc84683e21ecd8b4adc3edc2a,0.9743531436734323,1,validation
d35-west-icu_bed-174,932ee1f1b2d5d82288e1d51d7c02211be652e6a60e98bc6497bde14adc31bc3f,0.8950433264558538,1,validation
d35-west-icu_bed-192,6f9b8a876a200136ad8004e122e20e0e056861e4dd0572e9d0a02300871bf2c3,0.6453606762249097,1,validation
d35-west-icu_bed-236,c67c90db04a503be08e3b3704c7a2f842a7de95106dcbd6f54b63bae17be769e,0.9697642738693866,1,validation
d35-west-icu_bed-026,d97e4ba3a8f69a5d93af119866d5dbcce8ad66a3b8bae9bc4e3ec5b4a242f693,0.9747213145919539,1,validation
d35-west-icu_bed-226,69daf219fd95144a9ed551346988ae75b643754500f81349e7a6eabd09872b53,0.9719842910726326,1,validation
d35-west-icu_bed-205,c6ccd7851f0d87fbd8114f4f162e42509af2822b49362c4f4bb4631b1e85c800,0.09594430295774581,0,validation
d35-west-icu_bed-124,7a4fa79f30486c2d0e984dd7774c2c72f55e767eb1ebeda806e9adb7c24a4b3c,0.9678970974896106,1,validation
d35-west-icu_bed-024,596083e11910cf13244a54c46246d0e85f5d804ed3a79646535fc57feb633164,0.0954707547288223,0,validation
d35-west-icu_bed-193,eca71b66b9bfc594e073eff6e1fd3dc24dcf4c40a1e756c92e5fecb187575f39,0.08746672863572971,0,validation
d35-west-icu_bed-144,c57cb349993a882d4ac6260cb46c2801cbb30f74121816a44cf261b4378377b9,0.6160137805953153,1,validation
d35-west-icu_bed-111,575d607864ea3eab09d8762eea7e72d2115991b6d924918a7c0df2a0803978f9,0.9648970752084888,1,validation
d35-west-icu_bed-027,eaef740ec548740c28aa6a241fda5e537d6bc7a8c29bfaf9516d47d90b7f7a95,0.8821400030349561,1,validation
d35-west-icu_bed-188,ef4250df9ee1d98b2907402c2bd8b493a804206ecc4b5efdca9e9bff642c21ae,0.3001382903960348,0,validation
d35-west-icu_bed-235,eae466bf49247418a3c80f48ed493d082edc56c56960fed8ba77279869b2592b,0.8692124140912154,1,validation
d35-west-icu_bed-133,e2f43bf109240c2c14eaad764127e180669f91e20a423ac8239b81de6fb365bf,0.8521334305481819,1,validation
d35-west-icu_bed-120,ed80a1a169094edb0a303fb5ab3e96558ea26cdc4a4e7b40081c096ccaf8dcca,0.07658710978233549,0,validation
d35-west-icu_bed-161,388ee25ae182df271b354db9c01922d7002c14238a2e4821e36bd5b85faa1c4a,0.9628619581463707,1,validation
d35-west-icu_bed-060,0027f09c8248dff46e9bee13c4d8a655a5b2ee0a435f2d33f1990e01e5b86b29,0.9619498263711617,1,validation
d35-west-icu_bed-105,a12cbc36cc4780debeed2b2d2746e7d231bdebc092ac22eb90b841da476a0d48,0.0710599420288922,0,validation
d35-west-icu_bed-222,00a97c599a555acb471983055c345752a21ea71ba10d35dfbc3de54233481b6e,0.6086019914537656,1,validation
d35-west-icu_bed-004,fe248e37ba75f1d0c8fd11637edbdfcb8833878f7a6deb6f4a475f2693d34e8b,0.6063421267608771,1,validation
d35-west-icu_bed-080,d6c13918f916d5acdb697385b8ac60cbfb860c00c5e3ea3d565436d7cd474ab5,0.8655640210563851,1,validation
d35-west-icu_bed-022,29ebaade8fd36c6db1fa5a06b2a3a2e825cdd57a504157b1a4a0f63bf98b6154,0.2566837381315134,0,validation
d35-west-icu_bed-052,e6dd08e6092f9645ad0230a06dc56bc037faad29dcdf7c12a12213438e661272,0.2585196219177995,0,validation
d35-west-icu_bed-140,15c62aa0049ebec0232f60ffc71bf252e6b637f0c4fb26048269ab5c3f664105,0.848180608120508,1,validation
d35-west-icu_bed-154,4f15e72dfbb881dcccf5a4a12b3b6beab8c51d53cf456e8e3d838f4aacb20e47,0.06326745210560912,0,validation
d35-west-icu_bed-231,9b5103727041518d71bc3e144df25261ccda5929c14c3066d334ebadc34a5fcc,0.21956541125058032,0,validation
d35-west-icu_bed-014,153c81507203f126b290b8a9bdc684913ad373dc7e0a31bde330c3972fbfc58b,0.01632480353354717,0,validation
d35-west-icu_bed-040,2401a6b9d58400fd533dff3099e8665513abe4750df186e9de4df6419a15618b,0.8751632362912544,1,validation
d35-west-icu_bed-100,1eea0155f975281f01650a86c9cac26d78d3d0b5fa2dcfbfb94a86006b9ebf6e,0.6232933550481758,1,validation
d35-west-icu_bed-098,7bb90e99fe6884a6f93924cfe413dea8b99d21196d73cb369afa4d9d037617c2,0.9941533256009243,1,validation
d35-west-icu_bed-077,28de64009a9aafe0017c152996ec10a4f4c9038effa396be6327d4f20e71e266,0.9132925730835662,1,validation
d35-west-icu_bed-182,053e91b46e440a3f92fc9a633c909d8670da447abe8fab8c497b0e045219347f,0.38262620752775606,0,validation
d35-west-icu_bed-131,2fe4e89c38acac0c4ae8ae9cda5bd656f1ca0b90309acbe0aaaa1b37326348c4,0.7432966037905675,0,validation
d35-west-icu_bed-087,4494c753bd07232b6868d23485c68cd6d437fdaa9c6826b5611e3182f4a1dfc0,0.12615745684419535,0,validation
d35-west-icu_bed-034,863fca2b73661509f97533d9b2550622aba7e17c40351345fee08914306e3158,0.8938467228674992,1,validation
d35-west-emergency_bed-103,ba24f19e69b4167719befc00f0469457936a147ccd63ab66bbc12675a184ff5b,0.27773384463084533,0,validation
d35-west-emergency_bed-201,5f72bd24fab5473a11eebbab1aa5e7b6f9f1bd512a74179ab76a97785f158dbd,0.11762992398409208,0,validation
d35-west-emergency_bed-086,4a9d46639f30cebe3908caaba531d2144476a5df7c7eba42dbf8b3e51ff8ae52,0.659336239498768,0,validation
d35-west-emergency_bed-138,f57545de52c3135ac6a0416988eccf7f558c132f2507811d62ad98feb935f065,0.6400646541466115,0,validation
d35-west-emergency_bed-012,bd9939c09b4ec12b21bd3ea959790b60346e8fd506c48904af63f1948023d1e4,0.3181378850013586,1,validation
d35-west-emergency_bed-127,f0a86bc75573fb3c3e7fe65bdbc5e4ec12999026dd7ab1d4ea58beb8062d9b3e,0.876708585104751,1,validation
d35-west-emergency_bed-230,4343f646bb9f7e6b9e8eecda4988e8fa1a05e5bc8595dc8c9273ed5d33a828f0,0.5548507017075458,1,validation
d35-west-emergency_bed-151,1fc1e6bfef124c36569b1ab0584008f20aa8dea8f89d60c3c4e08ad04ca21c0b,0.9993340997597777,1,validation
d35-west-emergency_bed-187,3ae4a504754573089054cb59a7660ad0b17f9b7ad89be84e64a19ec2fabf84af,0.9998195102786136,1,validation
d35-west-emergency_bed-102,dd912d1b6ff99d3d3e50d8fb591a8c5bc83ae8b8e8e6b6b5a280611bd54ccc13,0.9997898323541687,1,validation
d35-west-emergency_bed-150,c50f45ab78fd46197ef61d49d21481a5b7702b51733c75805adbd643a0d67578,0.9854540832223844,1,validation
d35-west-emergency_bed-021,02bc2da13865e2792959d47377b4e67c7417bae728ac2e141768c3bdaf7a70f2,0.03826873905808497,0,validation
d35-west-emergency_bed-173,0ee09a0136f7f24c686337554881c4dde5d7b33fee5f448be7226a0257450671,0.007091211605242444,0,validation
d35-west-emergency_bed-007,5d3a522cc5aea2977521a97fce86f9563a4ae874abe31138d6c622b4f3ed9418,0.31839905796297635,1,validation
d35-west-emergency_bed-196,e3be55e495ab21e76f4d658fe206aed1b7e9c3f8b1c6595967068482d72e8f83,0.9642758475854664,1,validation
d35-west-emergency_bed-147,061ef94c3859903b8bf61cdd71ad1e72a4cdd8513a82ce4f0b788842949f43b7,0.285576149808693,1,validation
d35-west-emergency_bed-058,eaf607623357221206172adc4898ab6a3ee33d0f83a351bf3f889a4ec6469b88,0.8052232476785608,1,validation
d35-west-emergency_bed-097,8dbfa450c52e3ea8bba42e50be73cdb351424b05c7d31cec597b5cd087f35c35,0.9771539275688234,1,validation
d35-west-emergency_bed-209,09d2381579e7e6a4a44d8ae55834b8c173eb223acba534650cdcb0f630c6e3b6,0.9478057384930009,1,validation
d35-west-emergency_bed-132,374e094ce82bb68dfcdf2362c414e5fec6ec89edf1814d85abeb0954dda8a8b1,0.968474512237821,0,validation
d35-west-emergency_bed-117,2cd095ea3e4160a22db23c5e0050348804682319f0c5bf6e48b936cfc27e43cc,0.9909039277506837,0,validation
d35-west-emergency_bed-005,bf2ead749e01c494fd3c5c8a07c40092261cb9e756ae3b1f1ae6ad6c6d0132b4,0.4267310497309736,0,validation
d35-west-emergency_bed-153,eb10e2d98471e64eb4ba83f4cf8ca3d2730bedddb24ecb00aba2e8bd106998b7,0.00981127598637836,0,validation
d35-west-emergency_bed-078,0d71e2e357a335921769da1c4cd28f074ad7bf58eb52eb046b567bfe3c46e649,0.0022116807232636145,0,validation
d35-west-emergency_bed-142,f85e8d39cccbd4cd910448b3d889fcefda17faacd0cbf6de974d084871611baa,0.3350476713261636,1,validation
d35-west-emergency_bed-075,908779bb8f14a01baf684c8791733252e2b5955de886edd5b98cdfdf7ad9749f,0.2970987733371342,1,validation
d35-west-emergency_bed-047,d53c8742583997b6caa60138b0aab89d7d699fc5ecb06bf06b7b18f347cdb9cc,0.9705380110247331,1,validation
d35-west-emergency_bed-158,d40e4d957f11baba1a46fe786449d0f8c3479be09a499bcda47ebac25058fbf7,0.9924881194786125,1,validation
d35-west-emergency_bed-168,f26db35101b0b25d6a3242212ca7c6c64585d947dc1e675e1579c151d3a68673,0.35811560093212746,0,validation
d36-north-icu_bed-002,3013e8b10db40f45eebbe6b6997acb148ac3ad03f862b3d22a1f1a619bc732d6,0.05283954020233656,0,validation
d36-north-icu_bed-037,cfbb8233b1400b09ec20080355546d4a2f52c60ece48b5eb924d928425f50583,0.18097505157934426,0,validation
d36-north-icu_bed-000,f2883762096818bef3ef539938d8fc155e6fe7b3c3a6e390defe24c86d2e9430,0.003108319296112661,0,validation
d36-north-icu_bed-135,9825c26cf5bda8e52f60c6a14f5d4b630a270113855e23068164fec407a48166,0.0006242096989657478,0,validation
d36-north-icu_bed-128,3d74f01468f4c8a30ee5da801be00c7ce68ded5d994555ec0be728f03fbdc37e,0.0030765998210070377,0,validation
d36-north-icu_bed-235,9ee6e2c4e06185a12d1a3ada15dbaec7f7a2fa07f0e76cac8cda6c504cc556d1,0.011646933490678309,0,validation
d36-north-icu_bed-222,7a5c27cdc833cd6543094e0334dc782f26fe277513985cb8c9b233f8a567681a,0.4348099951305466,1,validation
d36-north-icu_bed-148,3bbb1ef888a73e3752e1ed1fb84c4d3ca07a455610ddc90f7f3d4310c5a0abfd,0.053297326531615244,0,validation
d36-north-icu_bed-198,1667ae3224a1d3b1af26d2a969e74b903f80349f4fb32888387b0bfb452be1c1,0.04586279828430376,0,validation
d36-north-icu_bed-142,b1e38710662a1c65e621913a568ae115985b93bb53896b08673560b37bd7ece1,0.5386587977669572,1,validation
d36-north-icu_bed-174,b9ebf5cda4555cc6995c5d9b542db9a5e630f240b30ac02ffe113e160b7003ba,0.5190238699539603,0,validation
d36-north-icu_bed-134,99cdb174a6c8217476896681c24af934666886a50da9eb308b64d25e8c6d5b60,0.815301702691508,1,validation
d36-north-icu_bed-203,1b0a993bdfebdef26bcf61c486305cb91d5c562e24223cd368c378356147c8fb,0.011593690272171017,0,validation
d36-north-icu_bed-110,482a46bc8a42de6bf46a4eb0955721380d7569402884087366a7290e81fe795a,0.0025584691810369405,0,validation
d36-north-icu_bed-101,a90dee7b9c724e3cc6ee834b72d73eb26576a264066b0c1f03ca1cf700cbd77e,0.010790106105268222,0,validation
d36-north-icu_bed-157,a350369bd8400bffcf8f299ae09485f88c63e965c5f2f73239279edcc0b895a1,0.0022147482197114594,0,validation
d36-north-icu_bed-158,bf847d08e98f65ea90f15df905bb4e27d6b22ff67bff4e1fdd1058b33553f751,0.0024457302309270233,0,validation
d36-north-icu_bed-227,754b95b9844ac61ec8bd82f7bfb4c6b0aea5d505506e27e782db05bfbe0176c0,0.15548142938713508,0,validation
d36-north-icu_bed-171,09ccbdd0a701fcb5ba512b46ee6bdc45da230cc3fbc3ffc3058960a77821201f,0.1547333462595764,0,validation
d36-north-icu_bed-097,6a285d06f7bef577c294e14bead7fe997c79cb6366a3124b2ae4408bd2d42a3a,0.009508879369545132,0,validation
d36-north-icu_bed-215,87454de3e40f2513f4b51cc2b6c529a4c02d3a3251b3570724cb25980d9425f2,0.04067868683703068,0,validation
d36-north-icu_bed-182,6c298e1fc4bf606a8bcd835ed3eea5fac101e511e88651553ac085c29f78ecbb,0.13268354213524583,0,validation
d36-north-icu_bed-080,64ca2c8327742bcc66fa4ced928841b3906b0776d40c780a35d4fa9ddac9daf9,0.0023447073030818844,0,validation
d36-north-icu_bed-180,72646ce7e6eae033b0e8e3fa3baf80ed8f132657843cb336bae37d0eb8525c92,0.0031126161931144397,0,validation
d36-north-icu_bed-161,57578ae380deadb33b5357b4e96e0e0aeca40346e8630c118708c6e48d0005dd,0.5148284242359594,1,validation
d36-north-icu_bed-229,44e4673b0b96e24a12ffe09ab1bae7288f3d6d21ea2ce25cb297b34b495518c0,0.01451787145079695,0,validation
d36-north-icu_bed-017,14ad422b755307c841456eebbe8d264a0548aa2845bedad1cc873ae3ad769403,0.013565965846226172,0,validation
d36-north-icu_bed-129,b62363759d657e62fdb1c037b408304130df4f6858c55db66bf3a8f2a40d6997,0.0035224227312825192,0,validation
d36-north-emergency_bed-126,c5c7fae15eaa40c9ab1bbb8778ed5c292fe6755d612f9625f2974614972361d9,0.9900587979706669,1,validation
d36-north-emergency_bed-107,980fcb73160a42d2e02f1447d0267a89384deba804871ead2191f90b1c9d5617,0.008609507973564781,0,validation
d36-north-emergency_bed-026,186f411f030f13c669169fa26b7c4a8a9e56f0a0cf5422870bf4d45a32a32717,0.16977006698092642,1,validation
d36-north-emergency_bed-021,657fb6b989ee7ff84afde72d9b0bf415bd540194a12a6798ebdf396251fb6c41,0.002376048481357628,0,validation
d36-north-emergency_bed-163,99b7856935673914ab791ddff12e5a06be3052cb95bbaaf31eddcf54c5e25498,0.03133868220742548,0,validation
d36-north-emergency_bed-040,c4b0da20d6bea9c4da8e89b167ded4cffb370fc830fa454831c61cc63cb0742c,0.1077117788102734,0,validation
d36-north-emergency_bed-102,2b14fd1cac61bd32969401793630573480a1ec551786f197a7b578fd1f913ada,0.00971990745118762,0,validation
d36-north-emergency_bed-015,0f2ae839f5227f7ce47ae6fd53d1b22f7e13ac782fa88c28c383a9b6af09e59c,0.02363631191588436,0,validation
d36-north-emergency_bed-213,f928078c23984f99977e8ad7cd7e841aadb7be936dd588152102a75c9972052d,0.9848634668907653,1,validation
d36-north-emergency_bed-181,0347c302f468d9303aece3f50fa6754174db97c2a1386a725112b14195f12a87,0.9990853051423435,1,validation
d36-north-emergency_bed-109,47be5750183b8ad0a78d12d9df0cbcc2294abdb4b762cf10be62e714e9cb2863,0.9987493355912379,1,validation
d36-north-emergency_bed-133,abeef8371e0745e4c7857e9d403bbe8773fd4db74a57e77e3e384d2406bcd333,0.4942045351957093,1,validation
d36-north-emergency_bed-105,136196438a9059836c1ab4aa38e7b9412f9158bf7029a2cf01d83760842ff8b2,0.9861030007341055,1,validation
d36-north-emergency_bed-063,28674a91ca66ed13d5c4c4c0c14000ac7fe74ea8aae3d78cf7dcf5e3555c72dc,0.1981670664818755,0,validation
d36-north-emergency_bed-165,63c44b4cedf338fb2e44e1f4fee7fbd1c7255212c4463b0d2d346af38c1e0f31,0.30870802521716295,0,validation
d36-north-emergency_bed-232,5721945bb0ae0972787d2937c1c295dffb3e974ed37cb46525c733555aea72b7,0.0051236807199361595,0,validation
d36-north-emergency_bed-016,d526a3ba48578ba14a31d91ab18bcdd13607d8fc3220e589d8f9d99fb56fa548,0.2057917709710972,0,validation
d36-north-emergency_bed-139,6c9693d1c834dcad6314875a4722c8557c2e70bad214c48af365cd718664a43f,0.5280746942799045,0,validation
d36-north-emergency_bed-189,90bb24bb86de7333d15d31ec14b95a87427809356400a2e5439e432214c063f3,0.029524464172091158,0,validation
d36-north-emergency_bed-151,246f7417195fa3f0b0ddb54d2bf9eef29c7b40b5488b1b6142719154e6e05330,0.03547405000620403,0,validation
d36-north-emergency_bed-061,0ea92c122ed6d0c63201e26687e0af0208554965bddc1b5e3f7e9707003893fa,0.0019954177072203966,0,validation
d36-north-emergency_bed-206,fb0453d67f500891450d23edc9b2fb793feb90021fe9f3ab59fa28bd4af34f69,0.026888022097440328,0,validation
d36-north-emergency_bed-194,37f0861bea337f482f314f0cf671ee89408d89f1f94d6f0078d22caf5e2b9605,0.3438247248229151,0,validation
d36-north-emergency_bed-200,e7d63df06404cffd30cffc9adda07375b941c7995558535a65ccc820777d25a4,0.051780974791050136,0,validation
d36-north-emergency_bed-195,fd69dc38b5dfb2f7e30cf8c2dadb4b1459881204f21028b43b2fc0f052b59171,0.24334760841063832,1,validation
d36-north-emergency_bed-084,2ef421e57a6c251ebd9d833e0c3331689886e0c62510497d667a252384d17b5d,0.8807715965172372,1,validation
d36-north-emergency_bed-178,22f5384e843b7e5d323965ab58a2b5efaed7329919f1e9f836cc6eae777b2cbb,0.5850256334471878,1,validation
d36-north-emergency_bed-202,5685d0acf74507a3c27b03dea4f092e90fa1ccc065c2f82dc0e99dbf48defa92,0.9838520347133366,1,validation
d36-north-emergency_bed-156,8b04543926433e81a4d92652f4c1735831c8b6b52ba7f111ffb29d81a42560ed,0.0949238038375246,0,validation
d36-north-emergency_bed-119,f411174617b354c92993df87968fe668ff47c1684bba71d6eaabb36212a595a7,0.09322862317279994,0,validation
d36-north-emergency_bed-067,90682bd7d2aaae66fd15831f672863bd107dc061e5b76cd258e906858e7baf05,0.6943203629578529,1,validation
d36-north-emergency_bed-045,f9d90bc8c744deb28239e43035ebd0c08827e4f8363b6452ebee814956cd42b6,0.9736609648435558,1,validation
d36-north-emergency_bed-153,f774ca4eb10d6f60d710c2232ab28a5e99d323abb89150b558131d3f0f60fc5e,0.09466586559275945,0,validation
d36-north-emergency_bed-116,a998cea73177eabb3cd45ca7aad8a125ac94799652215c1d44490b0fac21b64d,0.15639728490064803,0,validation
d36-north-emergency_bed-187,7c374403a3ace3d8f44ba06233cd9ec824333ba65391c2c9d757eaf1aac87161,0.3827792799255687,0,validation
d36-east-icu_bed-172,338915cb114fdad008b43df370fdbaa4bee272440302681e2c1b0679fb62b6f4,0.004658012302721851,0,validation
d36-east-icu_bed-020,f0a79d7b7e588c826361f3a5f2df125e824f8b1fc6e8fb9af7d083eb87debff5,0.0038704845966842727,0,validation
d36-east-icu_bed-018,4aed93a84ec350cb867a674d38abcaf19d8fa8952378246e4e43ad9a8f8c6768,0.015680553894942793,0,validation
d36-east-icu_bed-166,46e8d33c9e182f39471fddb1f96bc82d8cd8ba8db559a502afb7b55c74217fa2,0.015734095922059932,0,validation
d36-east-icu_bed-162,c3ccf08909c9636f0c39e64b688712ef4af5bf6e914af0d897aa4b9993b6f18e,0.5663484990358668,1,validation
d36-east-icu_bed-239,e3c5b4fe54388d135e66d5c28286d1703804d737b4a0fa851b3950f4b3212825,0.22244593677489782,0,validation
d36-east-icu_bed-090,f842cd652cdc33a441f9d7a9b2ae814b8938ca052e541e1eb83fa6cdb955894f,0.056112667987264775,0,validation
d36-east-icu_bed-223,d57dcfcdfe6f8cb4e4a975599d04f5a03098c659520e2df6e3daafa4e69007ba,0.003512473002877335,0,validation
d36-east-icu_bed-111,ce1ac949d94d7c1fded808337d972c972e83393541353e93bfb13a3b8ccbc4af,0.0005384804128762234,0,validation
d36-east-icu_bed-087,10c2311be85332f115a54d91f8ce692085800c0d9bdff3432c102200a6e60b85,0.037240797231835356,0,validation
d36-east-icu_bed-056,2c5296f5443a8a04f69faeb674dbd05d2382e74edd6546e0e7b6926be6e019a1,0.002095217323552237,0,validation
d36-east-icu_bed-137,0f7a5b71b24ed3b50cead26ef5e64f0febc5eebe923395e913acda63180d4587,0.00053775865135936,0,validation
d36-east-icu_bed-066,3c26ca9edfb249225f82f5da7c2472d0fd6154a194019127a2ed96e9f8e373ac,0.0021099105477802977,0,validation
d36-east-icu_bed-192,554c8795a6168f65d4280fcb5c9e73632fae89e84a06a9d6e490c80b3b0a4627,0.14297673520173787,0,validation
d36-east-icu_bed-050,d2c7e75afb69e894ecc837801d1d9bc2b387a53d064ce529825e9f920c50215b,0.0004998039781808442,0,validation
d36-east-icu_bed-055,ce9c7e6e57d84d16d4474c0a5c56333a3305a37371ed8ab7491180ecca0a65bb,0.006908257759547798,0,validation
d36-east-icu_bed-057,bc7a2133d068706ff2179156a0d55f898641404475076425ebd611426c276f08,0.0016904428722243178,0,validation
d36-east-icu_bed-169,b9d8c5265b5e438ae33465bc7997f82e5b9f76017ed0949048059f076ba19017,0.00046866040511612855,0,validation
d36-east-icu_bed-108,ce142d43bf2b99483534bede72ecad27acacd6db2888c3ca4fbe54e8f67547fa,0.001965563925446883,0,validation
d36-east-icu_bed-070,3da1f96b3e2f993e8a63c6d3958ddd4b3ed1c986f3aa2fd0e11e705254f8041f,0.0005537104381041764,0,validation
d36-east-icu_bed-173,883ff69aef71f9308eb27a093c0f815aa149402982fbb8c436a136ad703b9284,0.11604943487695339,0,validation
d36-east-icu_bed-149,3050497f675cc97ee4fd781b58f42db95579ed8c5d7ee1c36984227e3b409785,0.1539846601598351,0,validation
d36-east-icu_bed-177,368be7a23bc75a40584d8f7fe0586f19d270233e102ab30645f2c268adaad203,0.1342432113742716,0,validation
d36-east-icu_bed-143,a6c1847afdd9c87460cada8b2a72f357740eea9fa4fb8918588b24b051f116c2,0.002158692703523128,0,validation
d36-east-icu_bed-052,45099d11c15221d2e723c042e7732b7372ea2e6a71f1303d4e0f1771848ce857,0.04601935387250671,0,validation
d36-east-icu_bed-069,8a1a919381dee3f2882360a75d994c1df70efdda5c7ca7ffb37dd35e32d6129e,0.04657570040204003,0,validation
d36-east-emergency_bed-147,bc97f9c652f08da8d4ae4d56bf66c570c6b652f10f5cdd22d686bd87eb52ca0b,0.009900768743953845,0,validation
d36-east-emergency_bed-233,15dd34186a082d2425f4f17a5ca0ada88f8383b6d36008fa5c00e1a01d420ef9,0.734029117513692,1,validation
d36-east-emergency_bed-025,99b81c4ea8ac196cc7df56e469d7c1caec9f5a753d658838c96f5e0e2ffed11f,0.3879287408140917,0,validation
d36-east-emergency_bed-211,c67b53292bbc5306235e7b589ab3f7faf19361ced654caa867190b521f0a258f,0.3812183390575675,0,validation
d36-east-emergency_bed-074,266359e949e705a220b4a149052018fb7ba14f70dc70b2768fb8a7fb970b6e06,0.9176965186810604,1,validation
d36-east-emergency_bed-185,cefa9c16d2e7ed16cc51933341642b80721e8a616d157a82e3bff329408eadb1,0.32419925278007616,1,validation
d36-east-emergency_bed-043,7db83bc0f14be84d2b1c27e84cd8382973d1f67a241acc7f5fdc926519fb0a16,0.0975601604010038,0,validation
d36-east-emergency_bed-207,2255e31007f42103e4ec1c88cd939ca2040b1ee3d17616faa6fb5a3d3fb53550,0.9113062533699287,1,validation
d36-east-emergency_bed-186,3234d0352700a9694291d231239fec9875e8447f7fec86f5e2273cfea8555410,0.9089164244801469,1,validation
d36-east-emergency_bed-155,043c406a3bb68b74f2802d7742a85902297d6e2bae68b43d95aa501c4ac9eea9,0.112562674942317,0,validation
d36-east-emergency_bed-225,7544c7a87fdd8d044cecdd7e2b66928dc4f4b0bf8bb9478c92d9d22babb63b3e,0.893912431578707,1,validation
d36-east-emergency_bed-230,8bba829ca2fd18bee61a4a8778c4bd5497fdca1b4bcabd8606b177d085e39b92,0.4035842375914307,0,validation
d36-east-emergency_bed-100,a39c095e46ca44b1035ed19cbf9d206fcb98f4654b5a9d5ee3ea965c72b68214,0.001987647247829914,0,validation
d36-east-emergency_bed-099,9d4faef1150b2684fe437c73bf0ca4791a9958967c9f4b7f4048cd5497e274ff,0.001899714900272783,0,validation
d36-east-emergency_bed-144,abbdd734f90e1122e44df83ed01f456160522704db82391f289ec9c0b15f0116,0.1343500696327499,0,validation
d36-east-emergency_bed-075,cc02d9b17b594f210b09029db025b38e8d63c85dd577cbc14c51f5b6a3589c7a,0.005865451622363432,0,validation
d36-east-emergency_bed-012,9ae5e6ad533d7a5bfb37db8ac07cfb613de49178a80185cfa2237ecd9c10a11c,0.028839533532298633,0,validation
d36-east-emergency_bed-168,cfb0cd5d061ce8e031764c5511ab3fbf26f5c2554abd326ce9d14fe1d9e5dab2,0.09250875074490847,0,validation
d36-east-emergency_bed-047,11897dacebc65ecee5fc5f651f526e3bc3a6a7f3c0ab36903279be14bc385f69,0.08777948786029863,0,validation
d36-east-emergency_bed-112,cb6e8b1f62e7eb6937d5b49daa15277a1de3fd827c029f44f601dad7086343d0,0.6794664404741523,1,validation
d36-east-emergency_bed-120,e4339da98d5212f380c950e32a432b4cd5b4e3509d568ced3cab002f9ca71f3f,0.2945246993479139,0,validation
d36-east-emergency_bed-071,efac2034c5eaf787f9b3753a3c93b03862ea0ed77e87db21202da2ee6bf08d34,0.034094626070123944,0,validation
d36-east-emergency_bed-096,a8087ad7e06666f83ffadbfbd7b48485eb6f98d9265528f4799e215e1cf51f84,0.021491530865924716,0,validation
d36-east-emergency_bed-234,44ef9aee37bdc8d4f35758d47f7c5e886454c084d0d5fcbd1ef4811114ff9e35,0.0020075360490141316,0,validation
d36-east-emergency_bed-011,522a6bf6beb15ba81b65fb00ce2c1f19c3060d9e4d9025bffe5ce7180fc9b818,0.019992823150593152,0,validation
d36-east-emergency_bed-008,6ce4020c11a1efe436ee895535f6160f79ca87c39413b0160aac975db296fae7,0.006790673102706292,0,validation
d36-east-emergency_bed-141,564c35b1d7dd576f1b3b2ce4e9f5adda5aca6aa3357b49d473bcfc9e2acd398e,0.006571103324387705,0,validation
d36-east-emergency_bed-127,e5017ba5899df527b6093c7b579b93a8c37efd4a96401df5aebe0ad4c0c6286f,0.023650815792332584,0,validation
d36-east-emergency_bed-042,5670c6952bc23f95b454e72f1d2ee06d1816372cd7c18e249ed70979f5458eb6,0.005093454917649478,0,validation
d36-east-emergency_bed-013,c8c952f8c382ec9f276cbe08d195e37f583905f11b16a965bdcb388d499ca5db,0.10050453190617926,0,validation
d36-east-emergency_bed-131,790f04adbb3124df8a0c520276e39abfa0a7f72a3d23c4373e69f08edbbc2d9a,0.02966844324696256,0,validation
d36-east-emergency_bed-210,786eaa68d38fa767499424b69add56587d2b813aaafbeb92ba9ef046ab8b6495,0.008363087718607684,0,validation
d36-east-emergency_bed-073,fbc28355d546b6ee2b28297bde17685820a467bd610b295294e6c1e3c868c527,0.3206317982247609,0,validation
d36-east-emergency_bed-041,bed24cb68a7637999d62b235de0d2a8845f83a62dd7292184175adb9afeea8f6,0.6208356977611165,0,validation
d36-east-emergency_bed-098,c9500dca644a34ab4f07da2b470cb511e85f63e198f2a709b2e221df70c51837,0.006876498527251661,0,validation
d36-east-emergency_bed-039,86f3638284699ed31e55544f630b41826c3b3ad1dfd624bdff9ef6a71bb01b19,0.11698732144788646,0,validation
d36-east-emergency_bed-140,1e6375e82986ee5efd85e1bb23e174d733a530707e7fe89c5ae0321702474ab7,0.009314008553570013,0,validation
d36-east-emergency_bed-159,e27fcba084695792746de2ae22baa0c3eb1e2a120f64a351c13bd4328c71f0ac,0.7028554367173614,1,validation
d36-east-emergency_bed-132,39e8cec4a9d787ae5f8f7892bdccb86112cc42a8a1b2ce1b1fd531f799db1e16,0.13058032483528628,0,validation
d36-east-emergency_bed-204,1cfd7d5808b760ae8c68067f83a822503993fa053a3995862b130b2f947db52c,0.30334232045954346,0,validation
d36-east-emergency_bed-167,805bdd9c48aa40267bf449757cb1e73586c674d56310756b2591835155d54d3d,0.12104993187095982,0,validation
d36-east-emergency_bed-117,afea717c292d50f8f62bbf458f95960c4b606fafde16d240a067b761e433163b,0.12806998794319177,0,validation
d36-central-icu_bed-196,9e8b6210875d9754904ccfac9384f594c066c1812ce634cc0cd07bf29f166e19,0.0007922848700861182,0,validation
d36-central-icu_bed-224,29a44718a0ef21cb1ed07cc85e393b8e7c63c1abada564f150026549b18a80de,0.011792607478901145,0,validation
d36-central-icu_bed-103,9b83dc7745bf89cedcb7e0f69b0998e19d1aa53fe1a7d2bad6da663d81a8d76f,0.011434354974626604,0,validation
d36-central-icu_bed-014,7e2a7faf2fff844e469d13cb30b0a6786f12b3b1383c5d3e226f77ab72e23ba9,0.1823001125947668,1,validation
d36-central-icu_bed-219,c7ae3470458562fce50a9702c5f183efe4e05a357d324a5c29f55d5825476040,0.0025015349673425764,0,validation
d36-central-icu_bed-060,62c77eed78ef51dc7e73a0351c2ccd7b34b7c200c74d36ad152dcdf0b2b9ba2d,0.010282019734513408,0,validation
d36-central-icu_bed-035,425ed695b2d0fa6c4ba7f4df86c0ca08cfb87682fcbf8c20ead369c554b5d117,0.03449570136719074,0,validation
d36-central-icu_bed-094,858bf4c831be2d45fe7005094d10071dd9d861e1f0e5f28008c1affb521ade72,0.00047895573391548956,0,validation
d36-central-icu_bed-082,d0cfd875e818faeb5319ea9f4f2443b50e5e86ad543dd8785e5ac0b45edea5c0,0.03904977375633682,0,validation
d36-central-icu_bed-145,e83e97a1f00e5a569ac6d989368e46c3f916e202a29a0dce33b7918ec4cebee7,0.0004532944710055648,0,validation
d36-central-icu_bed-190,3e8727625cd9ff300a7c8812bbd0de556225b105742e083e691163fbf364462b,0.002124493705157245,0,validation
d36-central-icu_bed-065,1941ea18943f4a3ab0b741c942d83e66c5f1a2036ae5384d2ddc4b3c0344221e,0.0018090051898637226,0,validation
d36-central-icu_bed-208,23d9f401afdf9f8791e748b4dc5388212bf676f23b3b8015c301e43704a0ca7d,0.027849466877827384,0,validation
d36-central-icu_bed-124,5ed39a35e2ddc86731c2339b846c19b7240f408f7c696eb57598dedc30f946f1,0.0004857064855791971,0,validation
d36-central-icu_bed-123,20ab4f9a1469034ef6673d829ec34a1cf970b986b882c2ad36face1b3e24dad5,0.0004077079916298612,0,validation
d36-central-icu_bed-238,d56461b491e9cf4db5fc9b02667bb674f816740146f8c5bbf162ccbc8cee8bcc,0.0073950442893980905,0,validation
d36-central-icu_bed-201,c32f782b9e43f9862cb9c979c9235ba6f3dc82e363e492c9a1fcc8962e11f97a,0.0019610030177835943,0,validation
d36-central-icu_bed-152,8772f5909238facd8c690ed5252b138e58b1fc36be9efe78f17b5d101f86f020,0.00849431686953283,0,validation
d36-central-icu_bed-226,8add5f8947caa894fe792c053016af91471f1dac8ef2c500e733f1108682b330,0.00044461064537768,0,validation
d36-central-icu_bed-184,88f274b80617e8d39bf3d2346dce959db12afab950ea81c422128172aa769cf0,0.04024805329603899,0,validation
d36-central-icu_bed-130,1ff6e2cda11ca2c14527aa6dd354ead85c4f20f3fc32a96af3d38e9b6de20e61,0.009586973364291106,0,validation
d36-central-icu_bed-029,719731db44d1071607ab9831730ecf62abb33d3172cdc808381e5e3de745286c,0.0030197512708937213,0,validation
d36-central-icu_bed-058,3341ed20d611f217f37226d4342eaa7f3bd4b66f9910143453007c8e34e54bfd,0.012051672917308794,0,validation
d36-central-icu_bed-088,758370463f4266d156a3f99996e5ffb3edae5b3654d0ea5e7a4fb3f02d4a9b42,0.0008296132708195924,0,validation
d36-central-emergency_bed-085,19097de01b66b34673939fd33e23532a1841301db34d373cb3f6dfa1db50ace1,0.35353887417318824,0,validation
d36-central-emergency_bed-093,e75bbf09709cba093111f00d6402724e0c03b444faef5876e729573b62add155,0.03295312919680548,0,validation
d36-central-emergency_bed-164,b25692d4424a4c67bfbddb30cba7df427ae9b4fcca9808652fe0ad71b652546e,0.9033517349366337,1,validation
d36-central-emergency_bed-038,2f70d358997e7e36ed7dcae15ced11875fa35b973c4e4052958894f7a3102136,0.03720772166910202,0,validation
d36-central-emergency_bed-036,2f12c8c28c11e865743bf2965ce962dbcdbcdd9fabad52733a631ffa3bf06bca,0.009534546215498488,0,validation
d36-central-emergency_bed-019,379fb98eddebdb4acfaf9c2fc022cc7e6d1b8832c7236985bf6ec0ac6164a0b5,0.0017608725032419485,0,validation
d36-central-emergency_bed-188,0f43f4416abdbc33ea36bdb39f0d67938e912d3c9efdb9b83dda07c5506c9201,0.10746651870048682,0,validation
d36-central-emergency_bed-004,565117338eef4d9fe02ad5a4e80425598ef35cc10c29cd71fafb64f36151033e,0.09982175865382947,0,validation
d36-central-emergency_bed-024,30eb84c569000ae146fd919c42dcb98a9cbe3403b7a5811c2195d811d4de9971,0.023603560748691545,0,validation
d36-central-emergency_bed-007,09314a83110e4ddcc22d99a1803e741fa67f1165e705e9ce7f83ea0cd472917f,0.31509276899107397,1,validation
d36-central-emergency_bed-049,fdf32aad456e56cdba70d180652f0e18c81590e11e5aee0e6cd54a641d611c42,0.6556360767617516,1,validation
d36-central-emergency_bed-170,a348b86c68266b8b782435e6eb37cb7732a40f05de25482b827599561babe12a,0.6288435278505942,0,validation
d36-central-emergency_bed-176,d5fbb742c1715e0aebc73e8914a2e2e2b42c9e1a70d180db83c585e9f39e1b5e,0.02589388397072934,0,validation
d36-central-emergency_bed-136,7de53cff4ff884f50eb79e0e036d56949f99142968faa95cf68ceca99bbaac3d,0.028677558723652102,0,validation
d36-central-emergency_bed-086,0194a7dab6299cca272e40f5a52bfe19217cd9136e67115faf6570a41c3a43a7,0.1096636459172365,0,validation
d36-central-emergency_bed-122,b2d190d642290ed133f02ed5e22e825a6a6afeef0912683c699c671c900bf292,0.08590902441011013,0,validation
d36-central-emergency_bed-078,525527814fc730814bbc170528f03789e979189bfc1cb0bca63839e3cbf73629,0.637248723951446,1,validation
d36-central-emergency_bed-175,32e74e1e5f61d6a11ca46c23c2ba8f93f0d356c09c9cad012a03e07a77fdeeb6,0.004982232438923479,0,validation
d36-central-emergency_bed-044,74756a225441e2e1320675f225f269c1bdc9deeae691c9efc1c6b7939cc8e8de,0.8636080093290575,1,validation
d36-central-emergency_bed-053,6ce58e9ee879c51cb1bdff2fa859ebf08199fd583cf0d86bef4bab73651e09ec,0.30287040515335195,0,validation
d36-central-emergency_bed-089,5afa04314de4fa3dd58da114c8ea5410ad331426c92c11232650a0a2b45e8d17,0.8886770379384084,1,validation
d36-central-emergency_bed-034,a1f9cdff0bb99313414da26567541bc2bdd2689dd72f001cd2a01dfc5b396d42,0.02672398010599536,0,validation
d36-central-emergency_bed-228,c916bd2b0911d5fbe042f455654461d950ea79a529b1642ebb2a6a5008ec0bee,0.006476853147647899,0,validation
d36-central-emergency_bed-064,cc7150fcf442e327484b1567fb9fb92e1107d70d2dfbaa28e523769c8d13faa8,0.02466414650832507,0,validation
d36-central-emergency_bed-095,fb8224a49b0c8198dbebac9bf58b14bb79597ccd4b0d337e26a86e89fa336fe0,0.6367659680624965,0,validation
d36-central-emergency_bed-072,779659a6f5b3a79c7f5215241011fb0d1eb71e57b0ab560a27e12e6cb01eac7e,0.6363167506251736,1,validation
d36-central-emergency_bed-121,203eb07e09281b906d46c692aecaff8c94dc09f66e0d2348e557e75b7cc99eb6,0.8916736748409081,0,validation
d36-central-emergency_bed-033,0fecfccbe946ce5cc6f72906a772c9627b34b82ce14a83339716b10a20cc0bb6,0.3752169892602396,1,validation
d36-central-emergency_bed-209,677d3440cd8960abf3d1fd07f66f506d9434b0ebc096450608b6fee1d55bb772,0.7183864548044855,0,validation
d36-central-emergency_bed-092,88a86731f5b3366f7b7f2449b32506c69606c83e38897b414ae5fe12fba92759,0.6968247432690926,0,validation
d36-central-emergency_bed-023,442019254fce2a6899941204be4365391823aa2a07c7ba482745bf07e54ae60b,0.3712094058338197,0,validation
d36-west-icu_bed-199,3ebc1ca7c1037d6a667a397a34523d1ab6d92bd00d8e04fd7ad9fe42efd591b5,0.11964483430340785,0,validation
d36-west-icu_bed-214,3c647e0356135175e0088c179bc4dfaa28be6d2d1de4d33246cf879b454d04ea,0.695517671399098,1,validation
d36-west-icu_bed-032,75665b6d7ac35a35d194fcd4a80f4e44c00cbdcaecee3cec588b816615b79046,0.9732871411988012,1,validation
d36-west-icu_bed-197,3c9d8027c32664f01c2366ec224b8a922c31ac383d96e887d8a10fc448ffc698,0.3178439401639156,0,validation
d36-west-icu_bed-051,cf7ef9c0ec53b49b4a9ea6dc4ae90bd5560e0c766e121a1c099ba929a8f02889,0.8468035202925706,1,validation
d36-west-icu_bed-160,68350abd32e1d77e04c0af1a9b5c39e516a3699d54f0e216eaf8ac8a67a066be,0.0851362582077625,0,validation
d36-west-icu_bed-028,2fc513f34dd110907ae5702a906ed704952b6458bf37884912906143330b48b3,0.18524758641289607,0,validation
d36-west-icu_bed-212,77c7768909937b8b1dc2e0ffa28821a30d14d530fb9151a5853ebe9d0e605a93,0.0029283771511970213,0,validation
d36-west-icu_bed-009,159b209c515ec0e5eaae544e0690bb2b41009f2ad73d082a27edd4fb9f04e619,0.17342227114016145,0,validation
d36-west-icu_bed-179,5211993902e3675906a0bc4b3082b26a45f80313104acf8296979020068e960f,0.01117066181361984,0,validation
d36-west-icu_bed-115,aff614f7e70d85e2c74d1fa9995686946c85151b68721366829fd23d65264b90,0.16257308369726778,0,validation
d36-west-icu_bed-183,46142bfaeb7ef4f334df3eee933cc68bc0605f008367be9352e297ceb27e9abc,0.4604093721062995,1,validation
d36-west-icu_bed-217,8eaed2c99ac022510da03b1df1b72cf55554cc1af75fb3e130170aa726e003d7,0.002426554079456654,0,validation
d36-west-icu_bed-005,a86141e97e7171f54e3842fdcd9ab406f0205a9bf1064453d7110b66b376693e,0.011984970244382151,0,validation
d36-west-icu_bed-236,8a29f8164e6a122e737d744e09b9b0770208319af697c69d705bc07534db35b7,0.19529824622238348,0,validation
d36-west-icu_bed-003,9223412003890fc4c1b3871fbee130b02db974b3b9fac0e9e7cfd2733f5bf9d1,0.0411130140891128,0,validation
d36-west-icu_bed-083,cf773868c6f51d023bfa3c005408e91e6133f7440f9f5b2ad8c435c0856fa559,0.42574516046291455,1,validation
d36-west-icu_bed-113,7ea07a81f2b4898e26c90dbc4d99ace363bd12ba63b348f884b55f8e7e767e1f,0.012930949059088188,0,validation
d36-west-icu_bed-059,35b55937189c1ba144cd8a52cd9f043ff65bdcc4afa3589c23fff74bedc3bb5b,0.0028434105339735596,0,validation
d36-west-icu_bed-205,c5fa39d7304a93810a617fba335b087adf0502dd527ba63e562f3547aec83af1,0.010174337145178826,0,validation
d36-west-icu_bed-068,9cd84a4444023863ae3c9fe4eff873b6230aa0e9057e3dd02fce6647f033effc,0.1856500633895231,0,validation
d36-west-icu_bed-106,8d4ba27f2f728a1c1e848cbe0a0b275619572dc9ec9880dfe4ec7de5face87d4,0.0030710371341912293,0,validation
d36-west-icu_bed-079,374383f0486cd1105c916e27ebc123b049b88dc3e3891cf1da4a2b25603cf11f,0.053424962832621395,0,validation
d36-west-icu_bed-022,44a145c18287f477360ad3b4751c421daf52e90f22452a5806edb93ae60283b1,0.17354566217679973,0,validation
d36-west-icu_bed-027,95911585deadbf80605138b6d5144fbd26f645fd86b69f7ccf9696789490080b,0.08014279542146747,0,validation
d36-west-icu_bed-006,ae08db01649168370a4374c33a5439aba7117fb3173e393b6379bd522b9b0aec,0.07411224018689336,0,validation
d36-west-icu_bed-010,cd8ee3d6bf3712b9d4df60a9738044d000b646cf77591c233ba21f622d2abe18,0.0866262245318404,0,validation
d36-west-icu_bed-154,58af920fd8e6344bb3a083f2880e5a3e90cb71b0c29b5dc53a761bd2312438f7,0.08750080160215426,0,validation
d36-west-emergency_bed-077,f26910f3c765cdefe9c8d3a379103fca05eea57ffdbc45dfc294172ebaef8459,0.37874710376502796,1,validation
d36-west-emergency_bed-114,9dff015072605c6b1f36a165f22501e345e0d0cef854ee5e617d0b8b5b1c35c4,0.2798784638724004,0,validation
d36-west-emergency_bed-030,64c8c917c8e0aae3873730e59b3e3a99f9e73a041aedf9a7254074c8de73fc86,0.633004817877969,1,validation
d36-west-emergency_bed-218,65f5882d75afb4c55e505f1a1254816964ce9f5740fcf05129a147badf659821,0.9735341017326874,1,validation
d36-west-emergency_bed-216,fb3fb5221f49af3e96819778cd165f7a15f64a0a79846e3f726cb75693a1a5ac,0.9392411444306855,1,validation
d36-west-emergency_bed-046,ca2023925c2b68ee69fe522384a5ac59ed1603e06bd8c31d7d818adb7fed3945,0.9997417684124811,1,validation
d36-west-emergency_bed-091,fe72399630cd2218dc52589c6ac160bfd5fe22c42e9aacac8868cf9ebfd4f016,0.9997383288382616,1,validation
d36-west-emergency_bed-138,06cad1aa302afc15db1c36e4eecb2d8565fb6a64a3ab93749dca5b3dd4a1519f,0.9843309242574577,1,validation
d36-west-emergency_bed-104,f29344b7f40f3187e9c9e27d43a57aa95bb5ab0af0f006f0a01c50b14c573c52,0.9957064367390364,1,validation
d36-west-emergency_bed-220,2f660021655081fe154f65b393ff8de826cad9ac8c7a6c3dd54d99606c5faff6,0.9989708247681661,1,validation
d36-west-emergency_bed-062,4a71b7ea03d43397a5315a64004695069d862cef3d2b4849303ae2d8d0069abf,0.9822355963091786,1,validation
d36-west-emergency_bed-076,16b94c40647415e779b0faec9a7d6a27ba86facc38744ab0496ac73d424cee41,0.9986016398813475,1,validation
d36-west-emergency_bed-237,d4c8acd2de66c8d8f80c4c7f94ba2a6b7416820966f77936087671686e039606,0.9997326207685838,1,validation
d36-west-emergency_bed-221,8a6a39d6aac78e66e5946bce28280914d9bbc72187d59c08d14d586407437c20,0.0013872400937496856,0,validation
d36-west-emergency_bed-001,302dc0ee26083d52628423a0f24653d221b8dd7dd0269714336f417af32cb4c6,0.5932319312177287,1,validation
d36-west-emergency_bed-231,b176d6b001ae6f83f11d1baa9dc6bf45902c51e4254d4ae4407a68c01efc8b93,0.15099372867261243,0,validation
d36-west-emergency_bed-031,9d2d115f9c8a1fd0af0f3ab3e55355e5cb04e8c8c5ead43b6c0a162a0271757c,0.04155195585713942,0,validation
d36-west-emergency_bed-191,6f391853fac86e53e6eae7428d5d15036aced99b9a1247bc19ab6ee61b97137c,0.002255698924339212,0,validation
d36-west-emergency_bed-150,5d2d85d5204c959727335a13697e70ae25c4bc6aeeac81550c07a8b9f61c14bf,0.6402186641503754,0,validation
d36-west-emergency_bed-118,799fb9b4279efb1bee3ace893d736f69b83dacfcd07a1ea5d417350f7641059b,0.035060101692553886,0,validation
d36-west-emergency_bed-054,719194164d9454aa711bc045414fb6f591094ffefa2cbbf714c2c1e7384721e9,0.7462484512134626,1,validation
d36-west-emergency_bed-048,0b593a92deef58ff1d4f49d27ec43df1dbf25dd4fa15566f288cb1931cf3b277,0.9748565372292495,0,validation
d36-west-emergency_bed-125,18c24cd0782e3d547abf7b8c3298472c01e8aee6f7eb3738c466213cd4c9fd44,0.3352013360801087,0,validation
d36-west-emergency_bed-081,b4a059a1c7e8aa30a90fc2e14c0cd2f16210abb8dbcaee27bde549d32c4f10e1,0.00266616012726148,0,validation
d36-west-emergency_bed-193,742bf66525f0916bcb69163f78d298bd5e862f381703898b1def81ea601a61b2,0.18564898686101758,1,validation
d36-west-emergency_bed-146,6b77561e3a4be48d6330c6d4bac7032673d2c54b46c8e89f7a31288e9ec9533d,0.6249325472389532,1,validation
d37-north-icu_bed-042,59c7df983964e4bdfe7679ade2699a332c4e6cbfe50ef9da54320e91bb1718cb,0.014679173085353258,0,validation
d37-north-icu_bed-209,6a87f59a32c8f7f4994bbab3168e6a6a8ae7c4a2803dd2424bea5398ac67ddd7,0.22091025317461557,0,validation
d37-north-icu_bed-173,8ae505f91fac6baefafbd762a526416a264c832a9e63eb6d8e5857ab4361acda,0.20195420695073488,0,validation
d37-north-icu_bed-113,45600b978a7ec2a7302f02e5fc02e558852da4a2275e06facdb60a61ae8c3926,0.003688629942651694,0,validation
d37-north-icu_bed-191,19a48a6e2435bb8154ef66f377725c7684909fec7da078a1f63bf405875ee350,0.4898746659542288,1,validation
d37-north-icu_bed-031,d46fe79ad0437f3a2076ec9e817e4d26c30f613b4898cbbcc57c78e9bce24145,0.0033690993919552664,0,validation
d37-north-icu_bed-062,f6d4a4c90037c89200415e22c0bffbcf73c6a918ed5cfa38988d789d490034d2,0.055833413766893436,0,validation
d37-north-icu_bed-035,46947f59554f3be68db9d4f7df549a2e6c3bb78e4f4b20c42c1c377ba394a3c0,0.003162818234043004,0,validation
d37-north-icu_bed-144,4248bb8d5a1083d435fc1c174e9829ae3165bb592ad14d9283ec526a58fe0c57,0.16946576578876124,0,validation
d37-north-icu_bed-030,a84765e48ff04405caef16e87b8a1806edf10c8dc90ee3776d553a7a26dac7b7,0.013231251819356629,0,validation
d37-north-icu_bed-023,7b75c36e1dfe7d31396562d1cf8d2ef35fe6f34d2b511dd8954d19ed4b275764,0.04749492506692376,0,validation
d37-north-icu_bed-123,77192fb6e1de47c421f5d76b4f4ea28726026cae67b0240f8137190196927181,0.009848676642892054,0,validation
d37-north-icu_bed-074,cfe3298bcf2a9ca7f5d3963e71fdd1d472355b36330be8303a65057532b1d630,0.010226907036063115,0,validation
d37-north-icu_bed-068,e9a74d2c63f1a5f36a937e6213b3abbc796ec31a4469947afbc966c404735b99,0.0022573493079036636,0,validation
d37-north-icu_bed-063,c1c6156255d1063b813a6651a59aaf349304e61b72b46f0518fc5ae2ae195c9d,0.0025641962107551338,0,validation
d37-north-icu_bed-066,e4f485c94b63551772148f2baa63a368fb6a5a4b0ca3b2243b5f5502a6e9911f,0.008543921872450908,0,validation
d37-north-icu_bed-178,97a87ce6cf9a0a3b94df90605bb376d61d19f6c2b9c8625df2d6eeaa82ff205c,0.0004890388357568114,0,validation
d37-north-icu_bed-024,6c1ed9c54ef41a85a30ef11174c6ca3fdd596b0b0320125adffd3b93c0b35e3c,0.0019597424054551803,0,validation
d37-north-icu_bed-007,038cc18f572e627d9b49477aba94c10197c9d622780e7e58da64e2ab0b2e6ec4,0.03522438962097592,0,validation
d37-north-icu_bed-114,fd9c413a5e5fd655dd7f962df860ba50d8b0963e0c81af1c06cf66fa4e6f4034,0.11860368607896271,0,validation
d37-north-icu_bed-236,7798be061ce54127bce5ee64e1955004374f909f20c23572a44792f8d93cb9db,0.009077649129041791,0,validation
d37-north-icu_bed-067,a947d77dd5f903464369fb10d1c56a2e96e890bc142f7061c30e29db354d2a2a,0.002198879376454204,0,validation
d37-north-icu_bed-014,c2999307e1fa971e65b4225492a671c1361b2d0d6c6a98a7c3f30cf533798cc8,0.0005250688785262116,0,validation
d37-north-icu_bed-134,7ef427a33be37f746bf8c750610b6eae51dc713b6233bcfa6bbbd27f48e3b0d5,0.0024196628754910823,0,validation
d37-north-icu_bed-046,5bb50dde9660763ef34b0d9792e22dbe914c97266596e2e1be1ccfab44b97267,0.002862477854457989,0,validation
d37-north-icu_bed-112,a0f2afc24d6cb826f53548d40b92c3d1f764c4a9c406c7b8ed20b5429a94c290,0.011542228724604673,0,validation
d37-north-icu_bed-225,5bb0984a07ec22aa26dcff88a9358ad0b1780ee6f35d57f7374ac34b05e062b0,0.010300341214347444,0,validation
d37-north-icu_bed-115,d717357a4ac14f959e16f759b6283452bfaef2373bfb6abcd28f31d00f8944ff,0.0006060668077240339,0,validation
d37-north-icu_bed-234,71caee7d5cc2e3388f831567da998f13f4828a408cbba5da7edc547287a463ee,0.0037190597913589825,0,validation
d37-north-icu_bed-187,89687860b1266ec759a528589c1ae9400b483304a18f006419cd0c9fee184f3b,0.21756753964955194,0,validation
d37-north-emergency_bed-087,7eeb667667555c5ba4dacff4b89cea8a6ea98344ab59127523478739b088052c,0.1437447889018397,0,validation
d37-north-emergency_bed-073,9fe6591006445fa23426eeedcf6d3e6f6ba09706e3e35e37a0acc02a860da0f2,0.009627276375172588,0,validation
d37-north-emergency_bed-021,5b9ab346f0b00f91824d0b628bfaaf089cec5e2cd088375544092551fe81fc7d,0.6502014867318353,1,validation
d37-north-emergency_bed-140,dcb9a88f0b5d152fccfd07a5d4469f5148479b59060d959c4d82a44ec4eb891b,0.9641920933226098,1,validation
d37-north-emergency_bed-075,1d0899b25fd71cff3856a8c2f3d31bd89c43fc3dd6c43cdd04f2635b2c308b0c,0.5001379581385781,1,validation
d37-north-emergency_bed-211,2766c06d743b6d9d1f2aae9613495fceeb4594425cfc2b2f35c99db4d413930b,0.9847844806768733,1,validation
d37-north-emergency_bed-138,68cde1dce7b34f76c8ba2cde1aef7caa21ae94c0fc7bf0aba5ff575e9cf2cac1,0.9996516544132034,1,validation
d37-north-emergency_bed-152,de9ff3b51aad53023b1166c94c696cf637e990561e7f99762dafc413ad6a32d9,0.9997462008731269,1,validation
d37-north-emergency_bed-108,c013bc908046aa0d251d6fd6fffe84284c894c5698de4d64ff720f3602d388b3,0.9999139773176214,1,validation
d37-north-emergency_bed-198,13e0a5318e44bb1d670766bfc858bccbd0f75eb759ed6c39c9d368a8def9741e,0.005585115902109068,0,validation
d37-north-emergency_bed-127,a8f5508edaa3bf210f4d58d481da10282b6369bc996dc99b09dbd1ad20a39c5e,0.030594790194294827,0,validation
d37-north-emergency_bed-105,6ab6a16f4b8bb786f96adec9b080992b72f7e98ade837be4e7e2b4eab5dbd7bf,0.004895624643782149,0,validation
d37-north-emergency_bed-084,51aaa7c950fe5d797b9ae865bc8db5d3d075d700eeb6e1413fd8bb9ef2df6645,0.027607574016132865,0,validation
d37-north-emergency_bed-205,b46317d601f8b984992d565d41d841833c9b650bbd53e2d6b5c0f223b9685946,0.05093082866747706,0,validation
d37-north-emergency_bed-040,0d0e277f004c4dadc304a87aac42546a0aaafd347172e7711f7b6795482c716b,0.2504023103528581,1,validation
d37-north-emergency_bed-171,a7685a7ee7ec9247d753dc824d141f2ccfc942cd22584ca82cbc7ec27e1ea44b,0.9704891146775069,1,validation
d37-north-emergency_bed-143,df28b17ff68357795803c165df57eb9031ad8bce81e449df6de42ded29966ba5,0.9835343593904485,1,validation
d37-north-emergency_bed-229,87e17d847f0f613ccd7ecb3c6ed724a7836424506824596b5f59df14fb818f16,0.9989129341327483,1,validation
d37-north-emergency_bed-098,30f30733f1b3c1cb542b3f500b89e435b24bb65fc3722e380014ac600fd58314,0.9570819892923028,1,validation
d37-north-emergency_bed-130,5ab6b856aa3b7ed8cefc78edd7d50da2b8a3d4ac9ad7ec51810c397953434251,0.9900848047034331,1,validation
d37-north-emergency_bed-175,fdd8ade034744d2e54b7fb7584d51a453c09db28c52ff701bf3e557d7044c566,0.9752179448169188,1,validation
d37-north-emergency_bed-221,18ebbb051d3fc47866a01cfdc75c57f3d7685ecce8e111b4f03bfa71c9d7a0ee,0.6837830376794094,1,validation
d37-north-emergency_bed-154,9b185d07c4019a36c41d66f2a2d3e824b300f02bf424916dacb81748e1ccb71d,0.775058092153477,1,validation
d37-north-emergency_bed-026,284cda36740a3df272df1bdbd0cf5de93231791379155effe24c09d6a473d38f,0.8911782764217168,1,validation
d37-north-emergency_bed-238,56364b0e1f555106fbcfce5e113a78554fade743650454e26a665b42a49633c2,0.8173175418798503,0,validation
d37-east-icu_bed-174,dd5aaecfe82552f20a076f55d8c6c130347224deff1e97e621aedcda662b2cc2,0.5570749716579815,1,validation
d37-east-icu_bed-094,079efa7c351fd595b6a600983d80f53993f195dc1c5cac5874a7b3a38c85d9aa,0.06321693560554519,0,validation
d37-east-icu_bed-139,5d4b120d1537148553634484c6d57c30b01a1e6d1afaa11936f94fe86326cc74,0.5592351006322944,1,validation
d37-east-icu_bed-110,617cbadc5c1a728f24620617a202da0df8f71ecd15d7ea6b5ebf528ea876eb10,0.22865872696365486,0,validation
d37-east-icu_bed-037,45126054f9484370357c2e8247919ea132edc1741c1ecfdc2c418ed118a7b1bb,0.0027263704746903405,0,validation
d37-east-icu_bed-230,006fab84a06f90015db667dd56b7b6895c8e8c8b060db7ca7fb248f9d5e02583,0.002735670288399129,0,validation
d37-east-icu_bed-208,d5b79a7637b95cda4ec138bf6f7afcf2287022153dce96849c5041bc0dc8f3b6,0.009616993487014145,0,validation
d37-east-icu_bed-111,58f41295e27d217752fd0c3cd9819aa47fffc988b72908192b5a8deb677238ce,0.15185289184630335,0,validation
d37-east-icu_bed-092,67a1d9350f4ded5e72b08d166fa4f14a1bd2d5e3a64beec5d3a838447ff9d87b,0.009033249334374311,0,validation
d37-east-icu_bed-077,c5fc70f1fc548d249b6853b7290021e88f7ed8ca764f81652b6560967cc98644,0.009034942268420837,0,validation
d37-east-icu_bed-065,1832eea4a1abd18df32fab065eb2e7f319f05c2b1e312853935b71c4a3eb5faf,0.11880551235688425,0,validation
d37-east-icu_bed-167,43bdbfcb0e3c32a58145eb3277462fff73e0853f9ce85af2fe543d5973cfa660,0.13300347761507927,0,validation
d37-east-icu_bed-180,b472716efcbd8bf06e9f52a739bb31b74e6dc4ab222634a0e8d410d49fee4d29,0.10940788122325427,0,validation
d37-east-icu_bed-116,78067317103371b78b4d4841a1b837dc184e6328c431ebbb4cd6836180b48cfa,0.007027354361451423,0,validation
d37-east-icu_bed-168,7b029ac9da1d8a644baa4454944dbd6f49407e7afc72e44cc248e837f5f66b0b,0.007719743795895312,0,validation
d37-east-icu_bed-235,326afb2782dcaa8bc3a261bcf41b3fce305016a53fe5852c4b37c74871e7362a,0.00043582917033450544,0,validation
d37-east-icu_bed-216,fde08f64bd6dc287f2e55a6d0d8e29149e63d0ec3c815b8f896d77e5c692e534,0.03534939357084811,0,validation
d37-east-icu_bed-082,8c9d8d1325e6fff06f8d595299e64a5519f9564320b258a73b120b92def9c7ca,0.001970410960498272,0,validation
d37-east-icu_bed-117,a9030d5b7e6016e8f9ff1db75ab04e5b7368eff7fff1e971d3d0c23ec15da2c6,0.03496630234255659,0,validation
d37-east-icu_bed-018,3636e6f2a5f01fafd0a6ce77325d85d98561252b94dcd52a9bd6985cf9cbb170,0.002344180270847926,0,validation
d37-east-icu_bed-045,04bb6b39b6205712ded269d3bc0cb7158f3657b4cb01f119b47c2ee2811ade16,0.0005808695789680094,0,validation
d37-east-icu_bed-164,400003410b6078b11f4ce8c6c8e4d86581e7d569f43eecc52855220a32c4ade0,0.0034588626779372402,0,validation
d37-east-icu_bed-011,c12c5a9332dc83b205035c8ec13381d84998855a2b7032740a08576c9935e694,0.05182625452330277,0,validation
d37-east-icu_bed-155,2ddad6a1dc93a206c452b1b1a5b7e4d7139aa7a7c44ec9911e5cd8ce21cf7663,0.003952534912771299,0,validation
d37-east-icu_bed-093,e73103c7da0666a003ab4d4a0042159491dfab04ce986570cbdbf416707bafba,0.020568579640358502,0,validation
d37-east-icu_bed-233,acb8431b8de36eee892a161f79027520af9e61544c971c2b008eff5892f3ffa3,0.8697834340513816,1,validation
d37-east-icu_bed-136,4d2e6f9262a21f9252a205bd3877b6acc5bb38201c78e0bffa55fe9c0355297f,0.09733845965045368,0,validation
d37-east-icu_bed-109,6927dd01e72e117492dc162767b0091d8ff3f1279b546af23cbe95e99e0c4d94,0.09445370519984334,0,validation
d37-east-icu_bed-189,e731962e2d8aee6c7827a1d6495611f54c390200e269c068da06f313bc21ec08,0.022162908436195106,0,validation
d37-east-icu_bed-053,5ef661c3de4ef901e97380169a34707c881a282ced94267ed3573c16a068f0f0,0.6681687355443353,0,validation
d37-east-icu_bed-215,dd68deac4d9bab8cf646839e53a4c90165c83837b02d856a663ed3e4b26851eb,0.01616015748453938,0,validation
d37-east-icu_bed-041,ef245dc32203fe0a4101b3efc5e267498a84cbd96026bf8da37ee567ff1c7644,0.015876903328022676,0,validation
d37-east-icu_bed-239,41eae5346d3a8ca22a2c1455917d06bb553a8463ee1a2675dab43c00b469c650,0.16964435638433462,0,validation
d37-east-icu_bed-145,0033771ad29a3e6dc71ec350e894ddd0d16be44ffc2c89e6dff0328a18299d37,0.013048165473634951,0,validation
d37-east-icu_bed-001,d81ff0648f9f13be06728a45a0cf51fafde0a0e43a76e5751e6c0031a858c399,0.012827333285249699,0,validation
d37-east-icu_bed-104,810480c99be9e883802f8c209143bf379a775b2db9efd44a6cfca591251c1718,0.000751641114110564,0,validation
d37-east-icu_bed-064,4d8b12ed8f51091a794f58767b09a306fdbc259b47ea1deec4344ea45abe62c9,0.004143656151536008,0,validation
d37-east-emergency_bed-050,a6d36ad0d2d326df6f74d0a554343cdf9a0e9f5f4e1ff58d2827b2200a02b09f,0.009622865177511193,0,validation
d37-east-emergency_bed-135,4f750a5a3d6a3ce61084a4237a850471f3aa33688d2611dd65db51c47cf68106,0.0028837910349886315,0,validation
d37-east-emergency_bed-214,aa2a4ab7fcd1e47c149c55ee2dc5114961009b082a267b6a52d6267850fc0026,0.4649737548051156,0,validation
d37-east-emergency_bed-078,9e9605a71647ba85c9a8467d46a58768589386fdf4dbc982ddd596461ddb4685,0.010980884925721881,0,validation
d37-east-emergency_bed-047,a9c0ec0a5b33fd7236fab86db349ab2ab218435c19cc76cabf5cf19fc94a92b6,0.033883344147830646,0,validation
d37-east-emergency_bed-137,933229ab110d2d458003aa37d557c50df096a7802e93d2ff0183adcfec7310dd,0.3488852585295057,0,validation
d37-east-emergency_bed-201,f1c4e850355f3e8d7279c941bf23c82d74ef9ec3dcd8a9675b172eebf669641a,0.3181563818458862,1,validation
d37-east-emergency_bed-227,191664828b122dfcd97ba75be540616cfc890bae988b009c1b99426469cb8cf8,0.3421269766484436,0,validation
d37-east-emergency_bed-038,a757032bed076275be6a21e4e4ed61786afa0182958f972265eba5e1e1ee066e,0.28326898054311506,1,validation
d37-east-emergency_bed-010,ac187d39ff883438e80e8b27a1abb88f0999a9fa3a95631f175321be26fa0fd4,0.9905975712939978,1,validation
d37-east-emergency_bed-072,8d71811c13767196d6660fe28d0de6049607446ad69ebbbd025135eeda6dff8f,0.2323614559965877,0,validation
d37-east-emergency_bed-016,f270b32b386947b8e6005a7110d2aec40b4e726e02c88a6b1d9693db6cf5d50a,0.007071674031634776,0,validation
d37-east-emergency_bed-060,cf373aa60e9d83f7358e0fdeddf2f73c9892bd96fbbc0deda24c8ad6bcb3e90c,0.028504325139651086,0,validation
d37-east-emergency_bed-172,10d5cb8882e376cb6b0ad7b34df6b23918f262710bc7672ce2f786eecebc7e2d,0.3857528636339886,0,validation
d37-east-emergency_bed-159,c4871353cd1493cef46065fff1ee9894173495bbc7ca5f0bfdca27e488c95077,0.015241344372766575,0,validation
d37-east-emergency_bed-228,b7465dd0a5d388a0a005dc156a6c3711ef12a28c108cee66185b925742c3c24f,0.86657071603978,1,validation
d37-east-emergency_bed-097,04d09daa0d52fd926e0b50d432f20b1354d1d0a148a7bbde366b9b6d82a55a7c,0.28948038339598914,1,validation
d37-east-emergency_bed-015,f5311e4ca8e81a6b263fe9811207fa06a0cb89c110509f739158c3379e7043c6,0.8669608547754006,1,validation
d37-east-emergency_bed-166,173b9a84e489d30ad80e15b39a467e4436f3089b58b6e4811662c34549d28621,0.9651379316182659,0,validation
d37-east-emergency_bed-204,1eb8ce79cff527d1aee26abc499c2b98600ae1fff7b98cf5b3ff9ebb81e9291a,0.6875075910163541,1,validation
d37-east-emergency_bed-132,27750876d990bdd6755c9b1e692c0129d6e712183639d7099ac4d017cd0f59e9,0.11243933266584714,0,validation
d37-east-emergency_bed-025,d63f5b823bfc56f0fdcb398549153df5122522b2bc5c7421530679f7d98b1030,0.6612450405342737,0,validation
d37-central-icu_bed-179,fa17da64e7200c35c1bc93b642b1014d6d56f743a3c9fe28fea9f9433582fbd3,0.0027001399672511267,0,validation
d37-central-icu_bed-083,643d4b4dc64370e94884ec2ad33f44a6665320d09c7a6b9c8b8ad4600ff04149,0.011888118622304478,0,validation
d37-central-icu_bed-218,1f5727d2be8ecc3eb648ae28d8fc31d9bfab4b10f6b142f971e0d094e8e4d666,0.15849989578398938,0,validation
d37-central-icu_bed-219,909284480612fcd2b4a9c65e7c1b0fb56300f12f2a418699b7e85ebd66b56d85,0.01152224502417476,0,validation
d37-central-icu_bed-079,bdaabda07ffdbc31d089d3641d86efdf50e0b2c6047337617f44f07719c6ac32,0.0006637394116565423,0,validation
d37-central-icu_bed-008,9edb279386c8e46e46cc5529d3119f74e975eb1ea851863cfa4dd213f9ac2dbd,0.04876963801920267,0,validation
d37-central-icu_bed-022,f0707bfcd50ea0d101aa09fe592d5ba42b6f26971bcd7631768d8c322575393f,0.0007013583886633778,0,validation
d37-central-icu_bed-106,fc187aa4fbcd83eb59c3f911a35795da753f2f97e801b22da924777203c8d29c,0.13310810484023083,0,validation
d37-central-icu_bed-019,086d34f4076d34a1592c16817765f3cf136a2b02e101ce14234d713eaa1ad2a5,0.009033166708561037,0,validation
d37-central-icu_bed-118,4137a24f557136367365b93a42da8ca2ff5fa3aedd316951606024caa876bbf9,0.12878861127818667,0,validation
d37-central-icu_bed-052,087cbeb4246007592035dd1afb47b79a98134793c1c7983565669cc7c2af88d0,0.13249666272680724,0,validation
d37-central-icu_bed-202,e8e001f3b1e20d2de568356d5e57494e35926f8f9a957353f4ce2e2b9504a620,0.11636782334410865,1,validation
d37-central-icu_bed-107,f41dfb3cd967fb4fbd8c5501c3388896a2c35089906e0f64fd8e788d8e5912b7,0.03319006173481154,0,validation
d37-central-icu_bed-213,03928e49c3387bd6495134a8343acc476f73aa2b0ee4a4b258f0430dc9f1e130,0.49887947392567966,1,validation
d37-central-icu_bed-165,e872a83fdf0c6e3fddd7303c80f2ca69d101ad59e9031b0d9e682ff74b8031b5,0.003118044848518616,0,validation
d37-central-icu_bed-121,c7b2a59bb9d34687d1cd342892b1c3995bbbc4936c0e8a814d369a0e5b892306,0.5074882900284569,1,validation
d37-central-icu_bed-085,145f6b50ecaefc81749d0335c5264308e21fd08a603d3f29884be3f691e25662,0.06596857293554208,0,validation
d37-central-icu_bed-162,6a2ac4ab8d6c61fb1941f870eac85131d3e1e2f7d5604bb7083ab56aef0c9717,0.5474546905457667,1,validation
d37-central-icu_bed-129,459a7ccae2ce8c83693548de77dd121ff42c12ec532bdbe483afad7ef89b464b,0.034405873491850744,0,validation
d37-central-icu_bed-160,8d36c227ac7608b865cb339505fbcebb4c04c99a53bc3534356d7f67a76d54f5,0.035662163267224184,0,validation
d37-central-icu_bed-004,767da58e606681f21ed9ea62233298db8fab7965b0b03b323c6a4583dd626ac9,0.14149219145598507,0,validation
d37-central-icu_bed-086,0d3104a2340f1df2f8ee8caa31e53e4eb0f9ed06fbde2505526179377f05273c,0.008965122800797976,0,validation
d37-central-icu_bed-009,9b12fbe870b121df025ed4da7dea4946e198984e3ddbb3e60d9a609b4a209055,0.0005618614423086524,0,validation
d37-central-icu_bed-020,780f96493b072c97117f96526054daf0fa8fdb092ac1722bd1fd7f245bd4e4d6,0.002749830644298306,0,validation
d37-central-icu_bed-000,2253cec0be80cf7e7ea8f118061456788f442c6313933465f0b537f71577dda7,0.010615209770633766,0,validation
d37-central-icu_bed-217,8c1fc360208a76898c76ad56f2affced177bdef77c5686e86eeba3b2d01571b7,0.000705620581196155,0,validation
d37-central-icu_bed-091,0c9e07eaeaddef1422b9000d120107245b697e5a7cdc7cd3a47e26f299e573cf,0.0007226034877212848,0,validation
d37-central-icu_bed-184,ef01fcccc01f2b7f01b39e8f5d0841ea7e8c5522480f264920e492e2762ee58b,0.0006989709634404299,0,validation
d37-central-icu_bed-048,86a0a72dd2e566db97b7103b413bddc5dbc20796be32594ed1763eb90aebe5db,0.17179141926679697,0,validation
d37-central-icu_bed-182,e247e67dc98b8b9163540e396c56266eb37790d6131350e81396d97d7263f89c,0.0006349285527308012,0,validation
d37-central-icu_bed-169,6a104453429ef00169d917407c4a65028ca225fd42d5f6d9903a0e9170316c64,0.0007662580931129486,0,validation
d37-central-emergency_bed-141,2ec4f19e837690c2a8b804dbbf4a638d87a201ce0c103fa94cccd34828b2f7f9,0.010827969831842862,0,validation
d37-central-emergency_bed-194,ebb6bf584daf8d2ba5a9b140d5a11c22288f8bbd3feb27bdcbd13f10b4593cce,0.010058562651100299,0,validation
d37-central-emergency_bed-185,cf4ff99559c74c1a6758de92b93e5efec9d44dc6a26d75643fa369347953cbb6,0.43867817920854035,0,validation
d37-central-emergency_bed-226,6de31736fefd51d444cc8c18af41637a17e8f49207d5bd970d60345a025f056e,0.4235842941632072,0,validation
d37-central-emergency_bed-090,cd8798da57e5ca8501cf41e8ec97844c4249691e752dffae159f402bf27fa915,0.009265818457844063,0,validation
d37-central-emergency_bed-028,8ef67bf005dbf70fd5cdcc1e3305f134a33fdfd132b59675b17c466e92d8363e,0.029564641028153572,0,validation
d37-central-emergency_bed-081,9d68371770c1dfd1ceb4fd9d7c81736ffd554a8ed434a351bd9726f0c242778c,0.9747447804609402,1,validation
d37-central-emergency_bed-043,f05d6936d849225ee856de0bba656e0dc8e64d1f45beb3afd2c88bdf2fd64bc6,0.025494765098054,0,validation
d37-central-emergency_bed-034,2c66301a8d3816e52c107be93408f8c28ab1b8781f67d06e592529fc2ddc28c7,0.9711497500446603,1,validation
d37-central-emergency_bed-125,7361e9877c2c150a220ca8e16a9cc04d50d14452328e95aa135daffaac4d762f,0.28700197469918753,0,validation
d37-central-emergency_bed-222,89647728344a0aef08e36ed34236663c4e63a52caffc19c07cb2c5cfc18a31aa,0.9977820227731501,1,validation
d37-central-emergency_bed-044,cddfe56250bc1a2b580adffe48ae34eb80a4d991a1bb8659c327f5a371d55885,0.6005897620523214,0,validation
d37-central-emergency_bed-055,ad51771d4fcc52bf0f30413f3527b2933b86c30ccf886a0c81f11d65486d0fac,0.8675652769276002,1,validation
d37-central-emergency_bed-148,db303935b4a2269144134d421969d6f614aa757f140e9aa2800c7e15affe0030,0.9904448357629196,1,validation
d37-central-emergency_bed-133,7228010fe41c380bcdd0997345090cf8fc80a87583fcfcb0d006c1ba498965d0,0.9899498836462381,1,validation
d37-central-emergency_bed-231,26307ae6e564379e0ccebcce981b0d6d361f320f4fb17e9c25ccb6c1af16a679,0.5821805211900747,0,validation
d37-central-emergency_bed-119,3066d350499df077dfe4f2a9d65fb38c5fc537145217d0b7dcb74836e63b52fa,0.005775622397048322,0,validation
d37-central-emergency_bed-101,ef2ed333cb635416b3383b7d9a05dba3beef66eb8874c4d8c27b1818a061175e,0.29048020663822777,0,validation
d37-central-emergency_bed-142,86fcea8deae137a5b89cf4ff9dc047d0c90b2c68f23571612d0d48b5f325d6bd,0.643444351936288,1,validation
d37-central-emergency_bed-003,7f2cd7c480635a49e377548050ed8f6e3e396d9c10e3030f9e32f75056c7091e,0.8761459285843363,1,validation
d37-central-emergency_bed-051,908cfe41854a65a9a180a6274f7681e0dcd12650e141323a7ece4f6037453adf,0.9641195180281676,0,validation
d37-central-emergency_bed-156,8c0b416b99caac478cc9b66588ad3464fc0d9dd0a7ac4b8bb7720792e221496a,0.09109625388598301,0,validation
d37-central-emergency_bed-193,41318e127215627b8bfd9f140a7e16b0936ebdd11d484d14e7aac5bff3787644,0.6453448876796657,0,validation
d37-central-emergency_bed-069,d86a8e76af500e9625e8e3fe224afe5c9f34377a8e34be3c991c8e07578bab6f,0.028261145794003805,0,validation
d37-central-emergency_bed-181,6ee27d66837b3bf2cbf717c1879653d9199206b544970038f3c9349a7fd1dddf,0.3267656097319614,0,validation
d37-central-emergency_bed-056,40a44a87883525a8212ab3de345524ed0ccdde99e32edf2af050facaae8e9d4c,0.37165940267471576,0,validation
d37-central-emergency_bed-061,6158c119b236e8ade1d5eb2b7572af149f737d768fb2f86586782cfc496c58c9,0.35612292700065346,1,validation
d37-central-emergency_bed-005,10cdd3c14349cf919dd7d80b9cc0285cba702d69cc0964bc5af4cdd73ec1e545,0.12999296565697216,0,validation
d37-central-emergency_bed-176,3cd9ad377fe736992bd3e75478b54e70a7431b2cdcfb49f8017a166e007a673d,0.37552380728310847,0,validation
d37-central-emergency_bed-070,bf25e08c2867e473fce2c1f961e35339849e3a5ad13700c262e44718619f5b9b,0.14560590296827924,1,validation
d37-central-emergency_bed-033,3a37b33d1cafc642631e4605440dbf95f0c138ef0b3bf4c632c3914e3034ce12,0.9087908045840876,0,validation
d37-central-emergency_bed-232,3b8ef78e91f092f46382bb251bd9f3671433d3880ba983e29007ee52db8a02f2,0.9029603773114331,0,validation
d37-west-icu_bed-177,98bb9cd63f25a84cb563817000fa58e7d107cac62c16602d0a449af1679e7080,0.056788950289599203,0,validation
d37-west-icu_bed-158,d06d86d7e491aeb3be12571925fd62176074771c1bc9e83b95ef354332cf299d,0.0035536519842364576,0,validation
d37-west-icu_bed-058,1b5f5cba6e91e6bfaf9866e77259917b587316d5dc25c8ccee3b6ae118f3483f,0.06655222985271764,0,validation
d37-west-icu_bed-163,af31277f89f92d4e38e98ec285e5be2461303b4c790233ff70410c823af92390,0.06247403676581353,0,validation
d37-west-icu_bed-071,d07cfc8819b2f613fca65022e1945f0ce879bd9c97797e8cf95931f22df21d29,0.18265681667132821,0,validation
d37-west-icu_bed-029,4f7584973a1528d63041a041751e1634b965278e4de2141bdf87a332bb5c7acf,0.014033331875131528,0,validation
d37-west-icu_bed-197,a1cb807355cdfd9ad7ad8b6a2c24502e16032cd96b1370682415b13033a6bb58,0.015511520345544315,0,validation
d37-west-icu_bed-149,e74265bb3e0e18f59b6bdb70a8347c477868276bf7ee02d57c2eef2f2dade531,0.01526426513233087,0,validation
d37-west-icu_bed-049,29db1c78cf90129d82b77d864efc9bcbbcdac300fe954e496b459530f15df272,0.49407140103325053,1,validation
d37-west-icu_bed-146,27da2d6faabb20ed1b4254c2d6ef60014cb3ab79669facf8bc1cb28addad1865,0.05399665776219441,0,validation
d37-west-icu_bed-212,22e9891339fc745419491267f21f13c88543092b25168830078d449aca42c712,0.5255408029158004,1,validation
d37-west-icu_bed-210,9e498f799f3d5e72bf3815c243fbd57b8b0fe582276aaf37f0e5f93471c88b28,0.057471062432784666,0,validation
d37-west-icu_bed-199,32782f8c535ed2b9b104b398bc61a1915b240fdaa7b70ec54a53030a7ac8cb1d,0.057117214561283866,0,validation
d37-west-icu_bed-196,a9884502657753e8a6233d1578fa40dfd838ddd98098e1ab983b340ed2a12d30,0.8292682936417918,1,validation
d37-west-icu_bed-153,c3c73226f6e7eb1fc4ffdece73232dd370eb8b9e3dc7c061a2bc598c5d475234,0.055041149800914235,0,validation
d37-west-icu_bed-006,a90e3ea39e130ab83ba4f0a666cd2e76892470dfa50920460c19c112125a18bc,0.8161768251803836,1,validation
d37-west-icu_bed-099,62ce842827abc5ab7a06ef22c7b3b1575bb8224dd2d405d7b8bb12d207be48ee,0.0033149141260557947,0,validation
d37-west-icu_bed-122,9c1fc92ecb15e353c6838830f19c8d1db99afb3eeae01a7f96c0dc3f0ca9e5a2,0.002935607030930134,0,validation
d37-west-icu_bed-206,7ce041bfd81b2e4c4357e4e368034deb88f9e478c129aebd46a3a5b6f9e5a736,0.014299521328803425,0,validation
d37-west-icu_bed-013,7e3b6f6254232a402d403d6d1c47fc75fc12fccfcbf91138eb28cd89a0e2e69e,0.18458325271582163,0,validation
d37-west-icu_bed-200,cda217c9ff47c3014669b0c556a903c0ef136c6636fa5caddc73e37b6e1c6dc0,0.003703104638236694,0,validation
d37-west-icu_bed-095,886778dc58231f2c047dd9e452a425e02ae653d91d288506ed59ad8768656666,0.4876425968750944,1,validation
d37-west-icu_bed-124,730d9d5f64059cc47f34395b3b77cc6771d8012101ddca8e83d50bd355084011,0.06048434432981775,0,validation
d37-west-icu_bed-223,1165154d08f36e1a06a3d1c638db7098cf79614c79dd61dbf3f6f5ff129898d8,0.003822402414083566,0,validation
d37-west-icu_bed-027,4b43c8872e281dd523d4824717e95b051795d5e51c3a642726ce6cff9b55a5d6,0.016527745619814217,0,validation
d37-west-icu_bed-128,78ddcf12a75ea54b0c255b4e2826660f51a6e5327035216215b9a238b2fc6cf0,0.5513174413680036,1,validation
d37-west-icu_bed-088,b963a0a83ec96d046ef0fc6dadc042e12914924e5baf1233df2d94b1b3201bcd,0.06370074155602151,0,validation
d37-west-icu_bed-131,101d3ef5d722f4a74a21cf0113730e76224910f67a7781be619dea2dbd0af03d,0.22713859179620927,0,validation
d37-west-icu_bed-089,cade9433440f4a3d3c51af0e8814753c0116f14313c68900dce8f6efec246a8b,0.2243982197467444,0,validation
d37-west-icu_bed-190,ec827c49c802495302cbec6c3a635cd8c29def6b8ac5bddd22b661425b1cfdfd,0.05773111806155556,0,validation
d37-west-emergency_bed-170,4531895ee749dc8de348d55de53f1e75d667b5e0c78fb21eb47a368e0309f273,0.972534524570737,1,validation
d37-west-emergency_bed-183,6d27517c965c4bcdb72625f4fda2802f5f5f5f4f0d0a99d37ae0b1d7c3405cd3,0.6577706177477607,1,validation
d37-west-emergency_bed-186,8f94acb51308b77c1c49735ac0f5633eaf76667973cd3f2e6d7ab165d857c1ea,0.9715609084741275,1,validation
d37-west-emergency_bed-150,772d9c02dd3a3fcb9e3a52f7d36ccbef5b2e4483ec5342bae8114a00da793b7b,0.6742263480534113,1,validation
d37-west-emergency_bed-002,e405a7be8edf33131ee6e64d99b82bad0f6456a605027bfaf964c70ec11922f7,0.9933880743065322,1,validation
d37-west-emergency_bed-120,838dfcf828070aa9212b7c7897f9d0d9df99b2ca28c44d9d739dd3da88e5073a,0.8694198126865309,1,validation
d37-west-emergency_bed-102,467100747e42e3b853eb96379abdaaf63fd87754494c212a94f9c2398f32368d,0.9671763307749877,1,validation
d37-west-emergency_bed-054,2fc9bad107124104139baad2a842ad72161fe928f29106ddf7c5c29f534cc179,0.989449713272473,1,validation
d37-west-emergency_bed-237,6129a5fefed99a89978c1646bcc69e44dd28d0ee9ce499237572b02af6100c5a,0.988699495504102,1,validation
d37-west-emergency_bed-224,78babcdd47e478108e66a64cc6a22eba004975c3110c1803de837f57f0cf13d5,0.8111206325077834,1,validation
d37-west-emergency_bed-096,d26bede844a8ff335585acf6255ca5f9f6974e48fba897ac54b3171d0460d531,0.669463191652616,1,validation
d37-west-emergency_bed-057,151ad4d202c76c669dd61ecd0d86cd8b067977200c21f5ed1a3960f27cafa468,0.9629324617357964,1,validation
d37-west-emergency_bed-203,50578168f477e7020168bcdd714de47b39f3c6b3b9283acf2f443ef5554b803c,0.8333714861726952,1,validation
d37-west-emergency_bed-032,a936b1b53e533a20b52e6cdd50100c49e6b161434d0a5368917caa7a27732799,0.9903907764927313,1,validation
d37-west-emergency_bed-100,a3168a5393758f30aa49e95fc1724af1765d8738ba78013744591534d4c8fea8,0.9581091186705369,1,validation
d37-west-emergency_bed-195,d4952f88b9adef8891042abb400431e8b302c972425e2ab849793cc4cc0bff6b,0.22048291537036752,0,validation
d37-west-emergency_bed-039,6e8fd7ea15531ac6edc5a07e5f58b71e1484e574b42a4e8ed61733727bdbd302,0.08447918421749231,0,validation
d37-west-emergency_bed-017,25b77cf3e9e880791cdf1a857cb5e2de4123143c8f9508b0040c4c6ccf9e5ed0,0.5357424845914539,1,validation
d37-west-emergency_bed-036,0ee5ae105db44c0ce7a17dc0618d8cf251ee2ee119baad4a597cb9e2f8c7e7df,0.5485609565845233,1,validation
d37-west-emergency_bed-076,d14f6cfe19d85ba62b3e677602731f0457f8cc1723224ffe31dadc96d0f3d137,0.9520207214478762,1,validation
d37-west-emergency_bed-147,9e8bb97fe96df01a313282b93e0188de67ab01b7fa716d7526b1cd3725e7489f,0.9471419739141115,1,validation
d37-west-emergency_bed-080,9d19afe14e847958d2d727ce36fae7fd16bca084d7a0b16c8e1581ee24a5f76f,0.5216962443977957,0,validation
d37-west-emergency_bed-157,e49ee33c4773188d5d72674547fd1cca25ac2b5a04b7937f713f6b97e0bee534,0.9861466103322515,0,validation
d37-west-emergency_bed-012,ce3356cb2938518772c4b8a0c53f0658b257c4e8ff35d366aad91e1e8e0291d5,0.9434785465732656,1,validation
d37-west-emergency_bed-103,ff7de28ad4a87635e31165e0eaff51f8a2a0a11f652d03d798508d2d36053406,0.06870572513075457,0,validation
d37-west-emergency_bed-126,781baa87d44dc1af98571845827a666ae6904e08ae925e774dc0001e90467579,0.8609683155103619,1,validation
d37-west-emergency_bed-059,4c67f63338fb55ad01038daaec9b74438e5c625a6e7296849ffb6ea9814aed0b,0.8423822207210148,1,validation
d37-west-emergency_bed-220,1bfbdcbbea168af29314637e578dd40525b71473f6506c8bad7f1cd829dd475d,0.9084568092305753,1,validation
d37-west-emergency_bed-192,6c15686bb626419b01e9dc25d2a51fffaabeb582f6f9ba3f769468a8b28dc393,0.9888945303718183,1,validation
d37-west-emergency_bed-161,203c18642a345ac616606c7cccbf61b75df6f2ac13ff958b55f7a42bc70a40a5,0.9671570590377383,1,validation
d37-west-emergency_bed-207,3111ec6f662d929a92f69132a7dfe69e13668e9eb9c7afcccaa6182dc5aff8ec,0.98289604560929,1,validation
d37-west-emergency_bed-188,e08a57639d3ed1dce46d13b450b764ef70a7b76c31de62fe5eb458f4e512004f,0.9825192157003323,1,validation
d37-west-emergency_bed-151,710a88399838f27cc11ed81557c1ccb8b28ae130bd29a3392b4596cebafd30e9,0.9999988238232411,1,validation
d38-north-icu_bed-069,8ce6e553d626921bfae994e8577a04387284f7baf74536814c89fd42465e478b,0.01331789294347089,0,validation
d38-north-icu_bed-235,7f704a610780e9822e6ae8ac9994df6a41784fdc76e36155813302aba9e14a85,0.06044452901368744,0,validation
d38-north-icu_bed-084,a934b8ecf80d6a8ee2a3ddb4e29051d7e9e18fd8c7e9374f5255dfd2261ab1b6,0.003392203429402663,0,validation
d38-north-icu_bed-109,954063e258614a7d041d282f21804249b460801b50fb223cfa11c8d6dc35ddba,0.0005086258040578315,0,validation
d38-north-icu_bed-118,5764213c6a7a72420f5f868771869baeaf0328170e4ff7313c70aa0ca3ae4362,0.14424030991724593,1,validation
d38-north-icu_bed-007,a86bfa83f6116a389bd1a0d0b336475c4756668f75b3f023a2975dbc1326c28c,0.12120433200416357,0,validation
d38-north-icu_bed-167,36c01ce5ca330ce9665a31bda59952769ce7a066f80b31449c24e8b03ce8d770,0.0022096810658208494,0,validation
d38-north-icu_bed-186,b6ee78876be992b460583623025c04276cb3402c8d103ca54415758a3e5e77dc,0.12939353666102305,0,validation
d38-north-icu_bed-181,eede918af5960ea02716e1e54d9e5d9e456183b59ae2b90413c0e5cd6b8d5bac,0.00786590301724925,0,validation
d38-north-icu_bed-132,32fec3ee49ab0f171be91987735272af2a204f69f7a3936e5d3d516a7f06ce71,0.0004695316715980772,0,validation
d38-north-icu_bed-016,022ea5869aa6c43b003e34ca86dcfb074300af1c9ae6b1f2ff0816a77d7e2d3d,0.11236348915788308,0,validation
d38-north-icu_bed-083,4258afe3a8033b7b9149605cc2ee34be207d739c45c340fbfc0573eb1ff92291,0.002089842428655805,0,validation
d38-north-icu_bed-050,f064d6f19a88de0ca79991d9f470c53a4ddc8db3477af4bba4a007fa3068d328,0.030792453691212467,0,validation
d38-north-icu_bed-077,ef46c81daeec486b8e80bb43c7b2ae89f113e8baae06907871d5713b0c44121b,0.1260962661324177,0,validation
d38-north-icu_bed-185,e08a02c39912869881afc7aa8ab5d8f92371efeb87887b2c5093a5a7bebae904,0.03244431481199961,0,validation
d38-north-icu_bed-220,da196aa411406f9c9b6d3c1b4bda7e45d03b0870580669e303336f0a6dfca059,0.13298507661583805,0,validation
d38-north-icu_bed-144,90d60ac21b1950769ff2a2434cd431c109e12321e0a394ba4ff7deb4085d8fd0,0.0005208543605217974,0,validation
d38-north-icu_bed-019,239f4c2be9ba43cac0d9ea191123af07017d0411e0bf3a07e8e949fa8df88c50,0.11756893166778534,0,validation
d38-north-icu_bed-175,57f59ce87e928d7b403271b86ef8360ce29a6ff3d430811b0977bd3ede694c15,0.0005660305201126765,0,validation
d38-north-icu_bed-111,787b405cbb786cac7b0803c679abec640a06f9c24e582268f05980af369182ea,0.034587781353013616,0,validation
d38-north-icu_bed-232,78941a54b2d2cc632b878f8967c65b11b81b8f39d0415f8927b1a0e506dcdd9c,0.0005689720098135274,0,validation
d38-north-icu_bed-033,e051de894770084389fddeaaf48c1db6aac2a46859b31f11215b02d99762693f,0.002198020985707549,0,validation
d38-north-icu_bed-161,b5a7592bc7a0f84b6c7f4dfe2da990e568d509fcac6ccb214fbaf05ec96a3f40,0.0025022523767412787,0,validation
d38-north-emergency_bed-011,47001d29958d8524fd86edf8e2692fd6f89cff5776ebc1ae08e26949f39a9ec9,0.8290299175116693,0,validation
d38-north-emergency_bed-172,2460bab4c91d5ac3676e1140f778ed4e40d3be1465b33e6ecf42bf3a9067a6c9,0.9990745834803292,1,validation
d38-north-emergency_bed-057,c59961039d7a44b28f09a6b00e751c00deffec454098b575731aff7e5937871a,0.9589308457893745,1,validation
d38-north-emergency_bed-013,d29701068aad723ce7bde1aaa61bfeb2b0bc95cb693091a7af762b1b98195a32,0.9827223816494156,1,validation
d38-north-emergency_bed-078,da9f86e0c72741e9526edbc2a8f045aceb347d20e17296d9c34169b772aadbe9,0.9876163728294842,1,validation
d38-north-emergency_bed-213,8c598d061f49ab26296cb9773a46f646dcf4246ce7cfed95be41586f8a46f304,0.493037524647689,1,validation
d38-north-emergency_bed-112,e2bb249b968ed658f4f3ad77030cefe3e3037898d76e0e14bb2c96d33d8feed1,0.6054930296530049,0,validation
d38-north-emergency_bed-091,fdd2276e79308d1638f9edbb733d4b53362fbd8202d526150bbce11505fdaec6,0.8558909041407352,0,validation
d38-north-emergency_bed-120,b945e813fa01c5c17fe4660712a123ef553f3451deee829acb7c8f4ca0a7127c,0.007968312589666869,0,validation
d38-north-emergency_bed-093,e54bfeaa1995329340cd684bfbbc1ed413cd31e8359fb626b110541830f79abe,0.08865250129595975,0,validation
d38-north-emergency_bed-025,692269758242fcec5df7696ca3225d252bd4eab6922b5b4cfc5a6849733f7c5d,0.24031492581331237,0,validation
d38-north-emergency_bed-189,672197ba05edde0f12c99274ab201652b3828f327b5e925e11b4ccf624e59725,0.22892649424848346,0,validation
d38-north-emergency_bed-124,d26769a8cc313f7991ed7d10573d8497377487cb23823355f10192c55a1e2663,0.9341008954075098,1,validation
d38-north-emergency_bed-165,a7a677b7d0b385db0376e287d7158dee1854a445cac37545515d6033f5595110,0.06250285149888217,0,validation
d38-north-emergency_bed-142,f3f04ca182d16a89aec1002a4f18cf3e954ec5574ac356fca26a41e44ca6622b,0.9516977754285757,1,validation
d38-north-emergency_bed-044,fe5f2b5a69a3deff38d3a035045d2d563aeec9b28430010acfe5119ad66305e3,0.5822673447112063,0,validation
d38-north-emergency_bed-103,a010710c97fc710f512a0406181893e27e7ecb50c7c9d1994c53d0cd37160c47,0.20834839436824026,0,validation
d38-north-emergency_bed-022,6b8ddc468c2cdd65618f8246ba7eaaf0cf975c6b48309213809f481af50b0f09,0.02058118663429986,0,validation
d38-north-emergency_bed-065,5f7fd68d255326f62ffa0d63d7d48035f8336e733875c9966ca810fb4db63403,0.0022524210974347427,0,validation
d38-north-emergency_bed-123,e34c02cd496522f5c79c3a875ad4664942db9ee271f48275eb70b85102ae9da4,0.035186349719793675,0,validation
d38-north-emergency_bed-197,1258da4c72e506683fa4e80dc41c1a3b31ccf55356e134756b9125fe81c047d8,0.007300061568139315,0,validation
d38-north-emergency_bed-046,bb93462bce69b07736de703ae359012998bc0639d7565a9c0aaccb1c067669f6,0.006966492324785911,0,validation
d38-north-emergency_bed-043,093e19baa2061e211e096344b0e5d15580824b9518df033b9c327af98f771dbc,0.8759784939851235,1,validation
d38-north-emergency_bed-100,99061b729adb33544f97d7c91b2088f4574dd49aef29267bab8ba70dd1f756e9,0.14684894261774067,0,validation
d38-north-emergency_bed-177,c1d76b85e864370eee8068dfa1c6da4b2e4a48c0ec95478df97f18e24e4b8f5a,0.004927241852447104,0,validation
d38-north-emergency_bed-005,1fb4d260037be2e751f1216d41dc8439931924f523bfc1af0e8bb76d50bd78b6,0.701860126465081,1,validation
d38-north-emergency_bed-121,023a76758f044ca90c55f0f81bdd7c62f885bd0f6e58b09cacdee95aa0dc2e4c,0.28956743360057435,1,validation
d38-north-emergency_bed-153,e769a36e65cd1b58653761862f60370a1bcb661d04b646b6d5903cec63d429a4,0.8933363152013674,1,validation
d38-north-emergency_bed-038,90c1394e6835930721094eacca3c564f7630f85d9668526b01ee891f61c9fde6,0.5760791580726868,1,validation
d38-north-emergency_bed-174,d5f98ca32147b56d211df5a34201478ddbd61568d13acb169c498b909adcd551,0.07322811605378575,0,validation
d38-north-emergency_bed-032,580ff52ed59eceb0194f79a7ec0e05c6eb736e307f6ede3cbd10542ad0a86a82,0.9172277467476871,1,validation
d38-north-emergency_bed-031,3779399967a8716d1c5e4005ff77dab1ed001fe2fa71ebe733a15ced4b3e9555,0.34916944066464406,0,validation
d38-north-emergency_bed-094,39e078edf3408bdac8f29afcbcb25724539d35e5d3067374654fc0da6a38bd0a,0.039789270805590624,0,validation
d38-north-emergency_bed-116,a95264381d666ca3f4685ce5221be050b251b4896fcd989c457052757852029c,0.38008157971723744,0,validation
d38-north-emergency_bed-163,a9770bcc8019886666a996b179638769d11170a7631bbd2e5e42f2231bac4028,0.5184619415081297,0,validation
d38-north-emergency_bed-072,a7f6b184517e9c36fcc2ba4f68d54d2e631dc95452cafefcb17c691f244bef7a,0.4284735076301319,0,validation
d38-east-icu_bed-187,5b3b253ee031acf59b6894376ac5077c6a46c596576c211f899ddbcdbf826515,0.02003891193559899,0,validation
d38-east-icu_bed-182,67f18c72ceef7b70a6bb4ffb2c7ccea2cf2e1c36ef31ec7f82abbdd91e298843,0.04344139947582346,0,validation
d38-east-icu_bed-171,fd97054530a2bace57177ad0b0935b1e9a9357f83c6386fac5ee9f8b69446452,0.00282973563540778,0,validation
d38-east-icu_bed-160,63fa554dd946359d1f88fa38f6c9c20e8710a1a95f46d289733aeef7ca6fe337,0.04108973969738126,0,validation
d38-east-icu_bed-236,29b7b4d814282efce0817c4c94536c367a277dae137338b0b7df6f60e8c5b2dd,0.15476506085965347,0,validation
d38-east-icu_bed-063,c4e18ee1b2828287c8413e9908297547f4d30098d4d03b72dec48e5fb6cece1a,0.002340983789107106,0,validation
d38-east-icu_bed-068,7923825b66e9ee6b4627d338383906be5b6c948b87b22b37dd4bdb12db39b109,0.0020235191327670717,0,validation
d38-east-icu_bed-081,76d6a4c67c2a0186705649e5a6cd9096d2444924e0b6df57ba29e90f66063fa2,0.007943449135624251,0,validation
d38-east-icu_bed-037,dfba360176659222a6453765d299db8898975237c1542385201639f87ddbd8db,0.13086174751607513,0,validation
d38-east-icu_bed-219,a2c1d9e49e37397cecb944e1c6758f6b632696e3068384f182dfe4c906800465,0.0004709952682352891,0,validation
d38-east-icu_bed-061,34f834f12470e38186363cb8c63829d91ea8adaa606aafd957c80217b195741a,0.00046426851298334715,0,validation
d38-east-icu_bed-156,30cb727bcb5a7d12dc4025b03143bcc76785c947d89f40cea86ed414aa24aa0f,0.008859439117059432,0,validation
d38-east-icu_bed-135,eff68332b2f4c2d56f68ee07325e8a2536d4dd75bffba06118c143ab65b42582,0.03556760426093244,0,validation
d38-east-icu_bed-010,13500e606dd2d884dcb8e908d197615ce5a1a08b725d6e3fa396bdf64eaf5361,0.007924749762708266,0,validation
d38-east-icu_bed-223,0fb5e9671a1432807f26f575491aa6fed8012f694379a5f7d513a02dc8a40579,0.000409434126864991,0,validation
d38-east-icu_bed-196,e0e82831c74ff50f514ed224d4976c22dc570efe8cbc2e3ba5b6a95499793f7b,0.031090219953209864,0,validation
d38-east-icu_bed-036,ee7f0c5ce6c2b3a7cc4a82ef1fadc713450d9d84d1f03d96c2b6fed4557f78d7,0.02873380238553311,0,validation
d38-east-icu_bed-096,91a2eb527cf101d4f158ae9f72d4f74164e0ce0aac654b27f95622c15e80e01e,0.036413032218351016,0,validation
d38-east-icu_bed-136,8bc29b9b46502688fadbedf54656e0c1f7bd2f3f9b94ca007eb4a7f287b3344d,0.0004778085076719589,0,validation
d38-east-icu_bed-145,23f3ecd7d3dab533210553deca9dfbc1ac99ff24eb081384acfdc22bbd7faa7f,0.001928813614923296,0,validation
d38-east-icu_bed-017,a424c780cf8f8432d72e48d43cb359b3362951e0dcf78a0db1cb0b894a1bd745,0.010373357669170493,0,validation
d38-east-icu_bed-045,1953a2caf691939d0164df36f1c7dd51d17eb1ca38f3d2d5f092a6fd90d7e999,0.044694800726992535,0,validation
d38-east-icu_bed-198,6354117d7eec309bcbfddfa5855f742422bf90796ceca1c6062eebfcc95181de,0.14344407728222774,0,validation
d38-east-icu_bed-034,6b45638c832d0ca6d4b71ad60c450dd3b1604fc2d9c9f0b14deb4c36b359854e,0.1587771563997995,0,validation
d38-east-icu_bed-088,673b875ff7a5071cc7d2dcfa54759039fe66deba0d537e955f37d4b1af17b1ad,0.044179065790804245,0,validation
d38-east-icu_bed-070,3b7008942f627f59b13a26caaaa6ab596fa9d073416436da20f6d09436d4d6bc,0.16347789225159848,0,validation
d38-east-icu_bed-114,59346d46b25e0f2c80865c1b246bb22c5af068a490099e4a61e62a8a0e4c1952,0.05022859054970395,0,validation
d38-east-icu_bed-205,d67327191dcaa8f4ca17efa7f61b3631ba9dd395b31da388d7f07ffacec1f6a4,0.012089772346573087,0,validation
d38-east-icu_bed-052,b7b69c3b88fff260ed625061ef196c7a97d1f894ecd7a25c123d8b3f6cf6a90d,0.00301418978303932,0,validation
d38-east-icu_bed-079,18398a7a908ebf1bcbb34bc41d61e8339ab3b2e90f2b5874b08a6644b59553bf,0.003198484554626709,0,validation
d38-east-emergency_bed-127,02624bf0510254e281a9558d2ffe0e2d995305bc5f4c9e7c3500151816ba736c,0.1008706499573648,0,validation
d38-east-emergency_bed-200,acc360530ceeab33d593c0ed9e80053f19bdd4fd3c92179b685d747fb640ef4a,0.9746245498565509,1,validation
d38-east-emergency_bed-231,6b8ba097ff142a3c85d4df8221c1d77a4913e557e30b7eafb1e8634cc1f1d011,0.9978690613941881,1,validation
d38-east-emergency_bed-224,d9fc1f2383bbb2e0dc03a304ac6e77bca6787a48cc8b2613657bac7637b1d14c,0.9929562585221909,1,validation
d38-east-emergency_bed-030,fa2c6edacaf52aba9c9ed396a5c3d026c3c172208e434174bf5f9466bf4bd6e0,0.030604525898570264,0,validation
d38-east-emergency_bed-190,94f799589ca4518d9198673577a5f6a7f5bda29e5c90bd537281e5f9b1959091,0.35499736042529695,0,validation
d38-east-emergency_bed-004,1de4905c1407acb83684525cdd6e85ab6b78d7a05701700e057a83b99d178225,0.3729516669390409,1,validation
d38-east-emergency_bed-029,6b9ada49c0a54c5c0a60c1d378f79e48db383af1ef99e40dd3516d623836d13d,0.0334252756986656,0,validation
d38-east-emergency_bed-238,6cd274b429056726a4ca9b1abf52ce1c975845994849df32eb2165d6683011e2,0.9889615460654309,1,validation
d38-east-emergency_bed-158,538d9f6c735b32a6814f108500e621ac670912e012f9f6fd7607de3eb5e02c89,0.24692043824785678,0,validation
d38-east-emergency_bed-012,860e1148d5adb29be67b75b057d434fd73100e4e906214ba44c7519b44c6b378,0.07299694346513805,0,validation
d38-east-emergency_bed-143,d05892029c8b74889b4bfe34d2c6bc30a3ae69616ceea87f94bf45e909720b41,0.8401967801822682,1,validation
d38-east-emergency_bed-155,268ef5bebfc252e70b22bfc6389c3d164577b8a128aac6b648c5213b09153172,0.2314472085732168,0,validation
d38-east-emergency_bed-002,6b49c53a2aca3e93da0b9c7fbd1af2cfa7dcec7b47c16a7fedd7872177e96f91,0.3650552792548522,1,validation
d38-east-emergency_bed-147,08628ce051151efa71956ca891d88f42a39b0bbf42f5d475141c02e1e05a95fa,0.032456395299760694,0,validation
d38-east-emergency_bed-162,9c2a22b9717aae576b1a8dcc2d3ae45bd4b49dc467376ab3e1f921561b880a7a,0.007166622442730105,0,validation
d38-east-emergency_bed-169,25139e9382b9d7a953b4d8b703e71a021df13279bc5368e87edf49382e541813,0.011442406595534057,0,validation
d38-east-emergency_bed-021,47fa2bdda26ffb7a140e84b10591ef30b1b3b29c7dd551f57913f92d1c4e5d08,0.6718992257808873,1,validation
d38-east-emergency_bed-006,b390129ce78e177c7e7855d85b0ddc48d22ff313a9a30a3d2651cd17196c5446,0.3653586689531408,0,validation
d38-east-emergency_bed-159,af30191df16a1da87fa083bc2ddce2336f0c84697f16a81187ee01ddfa918b93,0.10714707809070538,0,validation
d38-east-emergency_bed-152,81a3f6098d94c9e8960470eeca45d53a4bc48b156c6caaaa2baefee9b9d1d125,0.7142485657754079,1,validation
d38-central-icu_bed-009,b8bd31c952cdf3ff9330ebba1d7033fc49fe2a36796b323f2da9f13b6f42537a,0.0031906011499297634,0,validation
d38-central-icu_bed-059,ff0be04b12b4b20dbecc04f69a30b88ede5358021d03ee1a5cf4da60d1466cb5,0.0006941609005425638,0,validation
d38-central-icu_bed-234,cc0f2eda323af09ef36cb5ced1842435bb719e37d61909c9be811d1f74f89d18,0.03995462608160225,0,validation
d38-central-icu_bed-195,c23ebff77e886537b0fa22cbb7fbc94c95c10336418f82fdbbd505bba5a64155,0.0027103485062640975,0,validation
d38-central-icu_bed-000,2171cd85f52d08d92fe7f6791d409870e5e2b518ee0fee073ed0c779656cf981,0.010437102395558118,0,validation
d38-central-icu_bed-097,d0f4d3bf0a448f3a5bc8b12462d2c1ab7ed7c792bd5e7008c1a734209eef7337,0.0434677609525135,0,validation
d38-central-icu_bed-237,ae91ae041c507521d9cfaae824fcbbceef8b859d93d92795377a7c6dad8a0b63,0.0024348200500158915,0,validation
d38-central-icu_bed-150,3b168bc2f28e69f7fe6480160fe5558acc75b6c344cf69c83c1431fca37869d2,0.0005724138321562758,0,validation
d38-central-icu_bed-080,129f5e6fe60207f9580970c4140c718ce83e719c051ea539465c347f2b359d50,0.007461590397068781,0,validation
d38-central-icu_bed-099,30056e7db286022b9c13f24d448af89a7d5a705fcfeb2e7d95b36600ab8025aa,0.0020154704656303243,0,validation
d38-central-icu_bed-129,bac00f395c115a26ff6cd2ed5b15480d2c66b046bf61d964aee45a456ae78333,0.001752782683087214,0,validation
d38-central-icu_bed-076,37ec16a16eb4764062d6dfcee729496b11b0b4a06374b3b7dc823d14ffa17507,0.0021092010827109377,0,validation
d38-central-icu_bed-191,322ee88ed0503f04d8ee6c78256876ffb6235cc96a06176bc542e4ff3021e6c9,0.016239448617930086,0,validation
d38-central-icu_bed-139,3300b15b182b607ff5f79dce723bae0ce5b475d3085da5b250aa8eaa45b3f207,0.5314447250862264,1,validation
d38-central-icu_bed-047,f024eaf6b027f0890ea42b276cd71a9e0eb9abcc57ed57ec6e577fd27ad3c31d,0.0036005221339604817,0,validation
d38-central-icu_bed-028,81f4cc1c8a26790aa3b26ab31bf987461b5d4826fbb0df4a586a204fb11fa37b,0.0032303971238023224,0,validation
d38-central-icu_bed-222,049b10b1a7e1c81f7acee7cdb6b8a6aa81bb64436112a324d1b923252f8440f2,0.003704905761777512,0,validation
d38-central-icu_bed-131,4960f97f1b8847bdd57f914e136aca635767a0a49676d54b6261d3704cd00180,0.061730241813489954,0,validation
d38-central-icu_bed-048,afa09c812cbf2b42b187f39ead3f7b79b0898d4015bd0f646f70b23e9166f0aa,0.5383310138059941,1,validation
d38-central-icu_bed-221,72053302b01753b7c193ec81941cf5bbd27598b2bf33c5bcead2cb31467ac91e,0.23405169751103042,0,validation
d38-central-icu_bed-228,0839227c1cf9046291c55cc601203fddde89bf0b59c1bc5e6e410ffe854e6cbb,0.06314757952569156,0,validation
d38-central-icu_bed-130,12cd01d84c41e3a2fe075eb2481990f58bb210927c29dc854b118db14fc515d9,0.8989258305909169,1,validation
d38-central-icu_bed-188,b895a2b38fefb4813edfe2aa4d1e222d42d50c9e32c32f811683d5a1a5583c8c,0.695769500099164,1,validation
d38-central-icu_bed-154,8f609e11cc60113abb7cae16fd4a046948679f54143adc20663ca4e7531868d8,0.11352744090573018,0,validation
d38-central-icu_bed-117,35d51d8f12dea79b540e23029201b7cb1ac181a5fce5997a682ec524e1ed40c6,0.031123215994827577,0,validation
d38-central-icu_bed-110,16c559970cbb09560068447d4a76a6897685201c9c55c0c29d4c52f31b174267,0.7445516091795301,1,validation
d38-central-icu_bed-122,e279ad153824d3a1596692c5aba9e68bae4434b7f869b9e6e1f7c952160a2a67,0.36715491122516114,0,validation
d38-central-icu_bed-125,43f95624cc2e44114c1cf497c65e8550e3e78624c8c08663c642a6e14d1a8b13,0.1260536314621881,0,validation
d38-central-icu_bed-201,fe9b18955d344fc6ff96505462d2c961ea038cc06bddf800d024cc110a129466,0.1281817198533422,0,validation
d38-central-icu_bed-126,74bb2d5a7d2c942e7e5b111b26aca4debd3cc04e35c881923d480d418531aae9,0.9244496476161282,1,validation
d38-central-icu_bed-149,ad56abe36c6b337a335d1318aacf8ab46efba9913822b0a6667d9b580d8cde0d,0.1379406400343273,0,validation
d38-central-icu_bed-210,d20c3b3c8a92bb010e43933fee4545433cef0a0bb925286b7dc5e57efa0cc754,0.1573492739790005,0,validation
d38-central-emergency_bed-193,5f1c21fdacbfa35e1b7ffce25184d054b3f0b1003426e4dc34b003cee5886f2a,0.7088357609565543,0,validation
d38-central-emergency_bed-098,af6832c1a9736cc6f8a31127fad7cf2e3a1fd2844a3ebd5b9fc345bf50b9275b,0.3953483592804611,0,validation
d38-central-emergency_bed-026,1ee5339b6d7890303993abb3afd6de207e2fa03c188e30a73981b723b82e2f63,0.4133991304020838,0,validation
d38-central-emergency_bed-233,8dfbf74452052c23041721ee9768896629f67c56814f048d8d7dfbc05b3d4604,0.007586691639612703,0,validation
d38-central-emergency_bed-075,6cde2853b4c136fcce637935d96837d025b0c2513d8d3769bb3d56a3abe9952e,0.007357435167149924,0,validation
d38-central-emergency_bed-134,c2951a67e36830f14466e005ec2abc1897db9db5c5853bddf6f0ebcb83afd473,0.7365213736433496,0,validation
d38-central-emergency_bed-211,4fbab2d3533669bfe0157085e7d6b5200406fc3f8fd276c7c367cfab2ed026a0,0.0020965871287953073,0,validation
d38-central-emergency_bed-020,e77b097ac122d4ec0ed3b632f85c221d050056c6c5115bb58d5dc2147b054960,0.001575906130962967,0,validation
d38-central-emergency_bed-056,5eb082dda5a5f7ad0f36972d447418521c30a6d2fed265ada4f1ec392c9c2c54,0.00841424236247658,0,validation
d38-central-emergency_bed-183,0a53fe1966c2115fb224ccbaa9ff1445f39f9b1727af354ee006c18b6c8e6852,0.35286775899540035,0,validation
d38-central-emergency_bed-058,40d38edf623df2b7295c3c9d6fac54a3495318a11aadbbb37480db7a4b5b9e05,0.09529741319280885,0,validation
d38-central-emergency_bed-101,85f0c5445a3b590d5fdce596008fd4ac1a0beb6662c9f0d5070b78652e574b1c,0.006518833097332835,0,validation
d38-central-emergency_bed-209,37abe331d00fc052b9e7b0a1c377d6faac61f6676b29d7dd50a3d9d589dfa131,0.8635586142133906,1,validation
d38-central-emergency_bed-115,e1bcd75714f980f2979d4b6700762408bfc853e6eff849a1719bcaf1f82d9c24,0.08921139392623585,0,validation
d38-central-emergency_bed-095,5b74bd0d87d35107647a0c6eaf754fba602022c2309656d57acaadaab41b6fa8,0.08192819093320983,0,validation
d38-central-emergency_bed-206,4661204cff1192a9fff9452a8e1f57cae766f8c3586eece8611b72e12005997d,0.09681807077810198,0,validation
d38-central-emergency_bed-102,6178b5fa5d84c9a2ae6dc5e2a42fc3af2e8d1b41852873e01cbbfbf7374f729d,0.9907876971562015,1,validation
d38-central-emergency_bed-202,d18fe19a27496026bc49bc4b46e46a24e381cf1cf086ac4ca15ff2ae2cbb7f09,0.586056901927128,0,validation
d38-central-emergency_bed-199,01f3dc11c72893e705b16ddd1e5f7d6ff59d82f9fb0d9d6793ac6523319bc1a8,0.30403985747427376,0,validation
d38-central-emergency_bed-067,ee9274b3f6661e333ab71aba7d98113852dc57a95eff21cbfb637371a7a30759,0.85865507631063,1,validation
d38-central-emergency_bed-207,816627109b997763da545e1ab1c2bcc9673b8a7dc525add09b76fe5851cc8b43,0.265982522396512,0,validation
d38-central-emergency_bed-105,cea2066fd2b758deae110948613dad9a13ea16c7b7e59a5bd18eedf93fe5633e,0.6192836559533071,1,validation
d38-central-emergency_bed-064,141249b28c0a12a8f8182501917d757b31519ea7c8ed53b24c1d24f4134c9d69,0.11123033941019299,0,validation
d38-central-emergency_bed-035,e5386ada7e05c740401dd3699445882572879f3ee2c340043ec496772dd1ff33,0.0079973679918007,0,validation
d38-central-emergency_bed-168,1191912077178a7a9f70c43e2bda4bf4536ca3d3ce7ba7361a1aa30b2a205d0d,0.6799689272220931,1,validation
d38-central-emergency_bed-216,99265d20ae230cd5061f802f2a2055eef3a964caf22d6e9848f31893c87fb79b,0.9062931297939595,1,validation
d38-central-emergency_bed-217,0739ffcd27613a7c901b1ec0c787e4d1d51aa4ef95be015965dd14b3e82d901f,0.0299594653235889,0,validation
d38-central-emergency_bed-192,7c419d0f70d458df1e117a64dd6dfd054e2bb9f60edd645910cd3eacd8c30c84,0.312876360647067,0,validation
d38-central-emergency_bed-194,07916a903711583ac9246bcccabcdbf81d9c7daa71e64972d048f79d20fdf729,0.007673799232680928,0,validation
d38-central-emergency_bed-164,06360335a0dbc2b8c4acd835163b1c7209a6bada164f05602e11916c1c54d39a,0.0019985993330208403,0,validation
d38-central-emergency_bed-170,33b31beb7b5b57673982c7f447b212629c2397a62dbcb1703b540c9e1ced21bd,0.1306095035243807,0,validation
d38-central-emergency_bed-001,5017a4553301d2744dce02eab8e5610e28b86cec1d67960a11abef6301b1b4a5,0.007542806134898917,0,validation
d38-central-emergency_bed-229,6c534b7a7ab873b7b68ad66dd5e0b1d1633270361e8fbf3cf3d1ca37dd3ca603,0.4058740416979832,1,validation
d38-central-emergency_bed-214,be5aa5b1c1fc23042b5c3869da45b66f28caec14947b47765f0f7cba673bc44c,0.007715246468504707,0,validation
d38-west-icu_bed-086,d1b937526f458074522fd14bb40b8670962a82f6e45c60dcaca32cb013e35fd4,0.04647424456171511,0,validation
d38-west-icu_bed-051,168c2c1ff2fde7f831c58780b0614ad6aa1dae34c1ab14f7f42359624a9a1fc5,0.012549634769919455,0,validation
d38-west-icu_bed-204,81fb8507d5124e95181da6add4245080f54ce2c6a1ee8f8e34fd42bdafe9156b,0.043610653936617394,0,validation
d38-west-icu_bed-049,ec86bb8884684389cc9c063c55cd90acd7728a85ffba6049019f16bcb9670afb,0.04463561253253332,0,validation
d38-west-icu_bed-227,f356ab9bf7d5a62f03b00405eaa1909fa6cc2be4372ea0cc2897c45b01c0d623,0.04372871717136036,0,validation
d38-west-icu_bed-003,5c65a5ce87fa82a9235f22f6d3d3d088ba072cb26bb115a257c7245c46bdc843,0.0007445286177039463,0,validation
d38-west-icu_bed-203,ebdf5a43431f00da70592cbae62dd7079cf03fbd2ff7fe8aac660c7a0b685399,0.5097840200196965,1,validation
d38-west-icu_bed-226,2887218819490f9f50836e6938c60f719d850a1bcece6eef6c8f7da8cbbf69fa,0.003639274222480534,0,validation
d38-west-icu_bed-014,581a268bd4771bbd6266f66199ad71e49ae38f90798c9cd2a7411b81355ee726,0.04886334919091096,0,validation
d38-west-icu_bed-066,7f08293e498bdaea8803a1b875f5c7432fdbef593759ce285d5e9a2084bf66a3,0.0034648947941132444,0,validation
d38-west-icu_bed-055,f40987a133e22eecf2885e4834b24e1926d28d90d50a1a6cbf421e82ba265f51,0.0027212791472837785,0,validation
d38-west-icu_bed-173,1f8646e8fe22721fb9a1bc35dd99b912ab5a4aeb2e418fbcb34c3fda072ca271,0.011131362916007855,0,validation
d38-west-icu_bed-225,d1256de779ffdca5b46f15ef65d8d936c3d65f00f9bb4f920f3726b8198fc786,0.16088960687723974,0,validation
d38-west-icu_bed-179,fdf145527892a8447a35f3bc655515a432a30138f7fce905358438c1f5350432,0.009603146323552617,0,validation
d38-west-icu_bed-151,068936c0262394b45fb287815c4eb0631a46468549a1c6bb52dfb34fd072ccb7,0.16757092061586462,0,validation
d38-west-icu_bed-018,235d1f6fc329ab433f1759be7a30a105eee876ecb0b4ad1d0454477fb32f4432,0.0024504306086008715,0,validation
d38-west-icu_bed-148,6f0ce982a2f6c3ecdd2992d2cfc35c8f1ed569b4628ffd780c73581dd907f111,0.03310246090339839,0,validation
d38-west-icu_bed-133,d943e31387d07297226b718734f214091cc1a77be23051a813ea2a354b19e804,0.006933948401027086,0,validation
d38-west-icu_bed-024,c8e8b65c06b99eae67269eb704ce41fbb04757693cbe8076486f38097eee99c3,0.002681051872700372,0,validation
d38-west-icu_bed-090,6143169666d767f62acaaa4cddc015039a785fbc14068c9cb8ec03781fc10b9d,0.010472330402622196,0,validation
d38-west-icu_bed-071,06d0a0191d4e4e2ee047d010f29ecd22a73c0c4481f364ffb447ed6add6a0897,0.0029171936437850043,0,validation
d38-west-icu_bed-082,e19a1842e65dd964bf9514ff01cef08c90696de93ad9a17ffebc9103146c2dab,0.04412364943669755,0,validation
d38-west-icu_bed-039,3f3c7a707c40830186fb812b83c35ff72209a35b5cc7fc139fd0d736236dd5f1,0.0028551012722560056,0,validation
d38-west-icu_bed-230,740e11d66fb33199a63487626c8147557375f8e45e7f693cb27f05382f601008,0.5144342325007547,1,validation
d38-west-icu_bed-092,5a1418706d44c481d011d1890bb1d6d85454f3ff8c6b7131ad2d0cd8e258b223,0.1714793430552643,0,validation
d38-west-icu_bed-053,386757cdffde708b65edd33552573783d07d48e6bf6e102e69343f69dd2f7391,0.0030107280219748888,0,validation
d38-west-icu_bed-215,0dcac1c0741063f267b731987f574c2fc061854662caf92a448af6a41c939322,0.16424400501330175,0,validation
d38-west-icu_bed-107,4e837b55a27eb8d36053cbfade0ff4bf86003d1c7eee19cc07c2ab6bf011f555,0.0026620474089768106,0,validation
d38-west-icu_bed-176,365337c1963b1b078d9553e16a7936554a38c2d586a881d55378e33b1b2fe1f4,0.0006911430610821487,0,validation
d38-west-icu_bed-137,b4f9b46b4b96e8f0576a7b1f31a79ca417eec85af5bf2e2d1b6b97b1dd045759,0.010779445186898589,0,validation
d38-west-icu_bed-141,e438df644c57f9a01d751a416478adf7cd9db6db28e7eb9c1f86c64920c6f021,0.16241862047620412,0,validation
d38-west-emergency_bed-140,bc0032754fa35ca9b4742e9ed4f19851e38a94a1df88a4b3ba375cdcf7ad9a1e,0.9999985906514323,1,validation
d38-west-emergency_bed-073,6a9be3a842eb5bebd16a1414832a65521f09d7cc255c3486a2b8b405932af60f,0.9999996103636896,1,validation
d38-west-emergency_bed-062,e698d8de77a07d2d4f0697a5a331e380e0b732c77b9e33784dc4a1a5696593f6,0.9999984320394024,1,validation
d38-west-emergency_bed-054,b547f406ee33eeddd600204c78dbbed1aa2bdf8dec9a7f9cc9a0e46ffc7990fd,0.9999996591860774,1,validation
d38-west-emergency_bed-008,6a530fbcca2bede15e0e669f0b9500b1eed09d95adcc83b7ca3aecdac1af19a6,0.9996580975154665,1,validation
d38-west-emergency_bed-157,ba6182c0e75f3463d06818085124322b3c5e67829417e3801aee0adf7d0e8850,0.9997444984252564,1,validation
d38-west-emergency_bed-074,9e2f1daa5b34453f52b2b208078baa2b4bd21021cafec20287a9c6068ee948c4,0.9874682550016312,1,validation
d38-west-emergency_bed-085,fd042bd8c63ab5a9f8e005704f3960ac8d9a1760cfcd300bae3f5dcf6b628da2,0.31310595733942853,1,validation
d38-west-emergency_bed-023,e34a7488f8e7821e676f146304658f0b78ebc80b676719df09bb49708efc4358,0.5913009707197268,1,validation
d38-west-emergency_bed-146,d13ecc3bb8700e2399ca3a4c0fa52e831caceffb18bbab3c60d3fe5c9bcaed50,0.8460002379539627,1,validation
d38-west-emergency_bed-138,a929126c9e848ed0326616d49b6c8a36f5e79560e240e7281b07f6c5818bcc63,0.22366352631996217,1,validation
d38-west-emergency_bed-239,104d51461a6ca4acfbfb1cf8fb0b2d8f74ec001ab89a613134a07a8a96a42338,0.9963870039038992,1,validation
d38-west-emergency_bed-178,28946dbfbcd690248517a037470fd84f6963a30daf35be145df1c2d4fbedf152,0.9858288680201255,1,validation
d38-west-emergency_bed-208,2d2c244ad8edc0ef679ee04a4e8ddbbba706bb6c2cb2ad134bd995616a5d757f,0.7853230364488614,1,validation
d38-west-emergency_bed-015,8b38a314a38e96076ed25b78137feb8d8624836d6ace2e08628945c405aa5baa,0.996154567099247,1,validation
d38-west-emergency_bed-184,70f06117788b7d94921cb3d71a82c8cad431c0e833a93d9a4ed71fd1bf061d6d,0.0016645029713860877,0,validation
d38-west-emergency_bed-166,cb720576789a4407864cc533cd209ce10b5220aa87c1a775c913a053f913bd8b,0.2742977903166489,0,validation
d38-west-emergency_bed-087,721a3193ed46e4b96429b521fecdef2115e70afe141f6c483e17f4585f1b9ce3,0.09996310530639478,0,validation
d38-west-emergency_bed-128,46dbaa77c49bfc2c361de197ae7d9cc0041b34110ac6d7fda416d23adce3d6c0,0.6858014480239429,0,validation
d38-west-emergency_bed-060,72149469eb7a318ae1fe502461d87a0b53074924d2729d3a6f17edbafad5f629,0.40019860058080936,0,validation
d38-west-emergency_bed-041,d462b84d28ddbe36deb68484c3e48d1e32ec43ba951a2dbf7ec97d2ff6e019e8,0.3873329791258052,1,validation
d38-west-emergency_bed-027,8abc1f9aee4c0030c1ec6346368c089c42ebc68990e5684692852d97e74f26ba,0.7227713364199478,1,validation
d38-west-emergency_bed-104,e6c5399810b666b8cf11b077835a7c361cdf6deb6f94db9c759f3aeb584692d9,0.12229985478674821,0,validation
d38-west-emergency_bed-218,96468568b458efebb7ce6a7fa89ec63d67a6d1e35b135615d5ec06e371970bde,0.009837850670884885,1,validation
d38-west-emergency_bed-106,f4cab971dc3c84947226fab28a665c5a6f132c8be56aeeb27267654ecddf2fcb,0.5929724983162779,1,validation
d38-west-emergency_bed-113,9e2dd708a84c6280235bfc6d981f20995759e7ba4b5f4f4e62c43a0c8e92802d,0.5544540807528913,1,validation
d38-west-emergency_bed-042,095e21cd4f4ddde681a63f00ccc977a7c6da71bfd175045382ec3d56343545fe,0.9972496092861983,1,validation
d38-west-emergency_bed-089,f74d10c3e9bf3833a6aebd8706178685c15fbca250ba552ce8774f32f1d05207,0.9993294826163086,1,validation
d38-west-emergency_bed-119,94198d501f46ccfa6abafb94595d770684ea8e2dcad61f6acaecd8d53ff99a0c,0.9992105409556956,1,validation
d38-west-emergency_bed-040,0afb0372b92309cdfa53eeba7bc49cd80c6b452f45f906b2725a50596f4e5453,0.9964062758193171,1,validation
d38-west-emergency_bed-108,2753641d968bb332736efaa1888633cc441ccd387af7d5fb0929e44a206f3188,0.9997745134581043,1,validation
d38-west-emergency_bed-212,c268c9002292d723c27ee2d149f0de69c30fe07cf5d1a987034c5c0e6183d570,0.9990599060356183,1,validation
d38-west-emergency_bed-180,6050adaae41faa85fdd97fab084b5bae4d5ae5c9b0f12a28c23ed9944437fb2b,0.999986052762396,1,validation
d39-north-icu_bed-214,ec4c7feebe219fdd18d026ba0f7c91cd9cae8aaa625a6fab6a48563b4ed1e834,0.003009970670911487,0,validation
d39-north-icu_bed-234,286144094fb97b6694515f6f3f451a1bc014f65d8e6fcba9e0fa4e83817b7ad9,0.01151380351807158,0,validation
d39-north-icu_bed-167,03a5045038f1c14a6f337ab5a994b8712c286f684c536abdb6e4bb8d356854d9,0.0022343550082994496,0,validation
d39-north-icu_bed-119,8c1991424357b684a9b4b2baab3dd29049462c8bac3c77302032a0d1578b40b8,0.0005398537534241001,0,validation
d39-north-icu_bed-065,f288b82d08a8c454ba96a1a7f4fb3c6be35ff718a510d72f4f54d960d20e0cda,0.0025577942086684427,0,validation
d39-north-icu_bed-064,6377d67f42444994de8ef691e51844c595bf4c5f4daf4778a7af122ec3b5f1c2,0.0005465869588982741,0,validation
d39-north-icu_bed-115,26e0a41d2bda7e8fd621c490bfe2e61a943f8beaec8c428ff72cb043d35361f7,0.00207275439584374,0,validation
d39-north-icu_bed-098,48eb9b1d1c63fd524f9357480508adbb2ead1e0f572e782ac62470a37d302aec,0.03144543555142166,0,validation
d39-north-icu_bed-220,198350f4c4003ecd85b09003c3c3b20de9eb8f00ac93b708928e7f3239d21830,0.0004143193802157743,0,validation
d39-north-icu_bed-145,3acb510876fae037b5b39e9d1e3d02d42568418e3b506268e8f86453b6216e79,0.0020554525024483188,0,validation
d39-north-icu_bed-226,1fe70639c6f7da5b2f12e22f6a91883967b9d8cbce4160dfd61823237ef2eb7f,0.0019685769316670812,0,validation
d39-north-icu_bed-231,4e0d753a6a3afc1d924bb4e2d67acb35971ea1130c1d471616ff0809e7cccdc9,0.04191563464521822,0,validation
d39-north-icu_bed-082,dd8b7da870a6b6a02f5c3cd792b0fbd8348463d64a5683b214b245ff60c59f7d,0.4133486420839699,1,validation
d39-north-icu_bed-235,e37c8a2d8bcd86772be2af5e14ad1e3f2ca7a80d80e6ded369fff8d31a848891,0.03967165554219846,0,validation
d39-north-icu_bed-173,a86018e8e6cbc5111e1fe7286b4b0599dfb500bfd6e73fe1de17b39ef4387ab7,0.01110947548993373,0,validation
d39-north-icu_bed-179,e92131ed2c6b8e73eb4c1697475cc2e5e736988adfe1cd95bc6eb56c7d51ab7c,0.009056892541024904,0,validation
d39-north-icu_bed-103,54548568e07d057e8322b8c39c00cee6a174243d7fe9eb3bc13bf1b49cb14802,0.0005880867003708683,0,validation
d39-north-icu_bed-182,025e2835a0e355ccf835c4261173fb665567f6c46beac046f95e0a1551419f22,0.002603549349432318,0,validation
d39-north-icu_bed-024,fcf2997421e38a90c4346f2ab4660e0d1c6f96614839b2927c5a2aae0f47ed36,0.04313174061824389,0,validation
d39-north-icu_bed-074,12143bbba22d0a62561ddea4cb3e62a167cdd508146f9a4553a1f6b77e7e2e73,0.047156551122955276,0,validation
d39-north-icu_bed-221,161f2ec20e87b0ab1ba357a5ba7b0c391fc0a2360f530e9451c6c0955e9f7f61,0.0007529820258739071,0,validation
d39-north-emergency_bed-142,e83f2c42460e5a4abfe964727fb8b8be423a83b45b1fe371d2e9fda1abfd68cc,0.9921486992343754,1,validation
d39-north-emergency_bed-097,4d13aa9fc81152667023cdf34ad9b80786ab454131d66e939f3a6a1a9c84ba2b,0.964164898782696,1,validation
d39-north-emergency_bed-187,77e6f2dcab694c73131c9c7d58a5c905d627c05418db4c917131512d76261d50,0.15042704515603664,0,validation
d39-north-emergency_bed-072,06a73fdf6a7bb32c901b4b640fd9f463245fdcd39d5e1bfdd756b540f5db4f2f,0.14447518082205418,0,validation
d39-north-emergency_bed-044,b14cbb79c2683e3209527c151991a6db83f47e381f34f26a3c3759b0537c6c5c,0.0817851572110727,0,validation
d39-north-emergency_bed-069,a2888914cf3617d0d5b391772cc18e1fb055d7dc7e4317791259b57501a147a4,0.8746301356252106,1,validation
d39-north-emergency_bed-039,1b1d12a2e62c4274d918fdabcbcdab0faa8cc569695de0b4bdfe3f0a4bba3fe3,0.036668361989291215,0,validation
d39-north-emergency_bed-117,911c90d77cb9728cd58faab6cb5902ce26537b7db5977ddd89d3d29e3e00731b,0.35940543209128245,0,validation
d39-north-emergency_bed-023,163e3b8ac703a74130f20339607428d04d31c23fdd3faec43ad2a841ae0a3f62,0.02589646399933149,0,validation
d39-north-emergency_bed-204,a2b984aabee7d3f04afb3b7bc596e7c3477816551adcfb9cd44c96a4b3a7b03b,0.257064735093051,0,validation
d39-north-emergency_bed-128,fbe717900517ca5caffc9ef30b464309354e9a677ae2a6e11ed8a1ce0faee147,0.2767548253696028,0,validation
d39-north-emergency_bed-127,c2b9624b188a32b7e6800c749b80acc3587b9bacf198ca89f8712c1e81b4137c,0.3338040473424289,0,validation
d39-north-emergency_bed-113,7079f0d206fe6ed65eb31263de64a4d9417d3bf37b2151984e01f991e0285e23,0.40500166692582373,1,validation
d39-north-emergency_bed-213,83430e42b7e060ae31c94a06228087321f9d70bce16e2ebb3595210516efafaa,0.002045195473115953,0,validation
d39-north-emergency_bed-193,2322f4428e9b9fe07761bf0f11e2d775404575f117cab40b44f1acfdbaaa54a7,0.025966246763052328,0,validation
d39-north-emergency_bed-011,27b7710faab7bae0883dbeacc25a5b1779220a4d53b519bc515538e631e4f419,0.007493451095376076,0,validation
d39-north-emergency_bed-036,87b059a2de1a8ed785a440a551193d17f7bafad832eeb126e73a23d97e3576c3,0.6361379867248276,1,validation
d39-north-emergency_bed-134,38dc7cbe86630bf03e127b0089f59ef52fa10ed2797b4cbfc32d41ba9846c81c,0.05557865510811012,0,validation
d39-north-emergency_bed-010,677937eedba134410aed0032d6fe82d1a46471b0f8a5e97e289b56e8c1839516,0.723586032199598,1,validation
d39-north-emergency_bed-045,75390fab87ec4c8b0fa8c636bb9ed1ded10da27bcd6cd74bb8e7c710bda0e57d,0.9958717717760235,1,validation
d39-north-emergency_bed-066,3ab12a26461107fba4a4d8394f7266e9fbd872e638b3e72f10b0d1053d6e3b42,0.7607187283090425,1,validation
d39-north-emergency_bed-160,523188e5b3e5ded1fb727612ebe5ecbcd5c6911724c2433910953338038ece71,0.9821711600876255,1,validation
d39-north-emergency_bed-079,a75f12f11ca476487a5f672d5df949c82aab7cbe8bae7a72fc74de1ca34eb7f0,0.8083423975971187,1,validation
d39-north-emergency_bed-190,bb55cfe2f10e00c31b53c3c8bc7397cdd5188881168f65c37b050563d430d20e,0.9965064811008927,1,validation
d39-north-emergency_bed-149,6b2166d966df33bc4dbe9c34373e067b4baee89df03e3a10364df0938d3f125f,0.9933583459988106,1,validation
d39-north-emergency_bed-174,54d43751d0553759828967e4bfa58de1dd59aa1815c4f78e9e5e4e3fc8d0ac7b,0.3844875802853389,0,validation
d39-north-emergency_bed-037,67d953eb2819d188b7c646c94969c958f1558a8b04cb46e1c1bf7d178e3fb4a6,0.1468998259416923,0,validation
d39-north-emergency_bed-063,ce118b8244419aeec401c048a3108c5f4d8954baa3069c1c3432c3d8f9275a41,0.967819942648688,1,validation
d39-east-icu_bed-233,96bcc76f12a331da1e465f10ac167da574f315434b648f03a50b6a8de8e126c5,0.054337608970023564,0,validation
d39-east-icu_bed-209,dbb098b878e933fc99b733df5ccfcd3752ab9ba72002ba5ff7dd9ff89a29f698,0.0006422813974193785,0,validation
d39-east-icu_bed-042,d103b3901d1e2d977c5615df509f4add9200816e54dad6a379b74a0b5f2592df,0.17548613599587864,0,validation
d39-east-icu_bed-136,94f80eccb6839139a2fa903d14802f7cb95bb8238bc200f30c71d27560afcf27,0.0007687164768884685,0,validation
d39-east-icu_bed-216,56bb0283164dff98ab67920761f91277cc5518be8ca6896e9a0054d2f739a03d,0.0028360971933618895,0,validation
d39-east-icu_bed-020,1e06bc4746199da7bb357036df30469535c8e3e1592ae48cc2f60b2a951e4904,0.04132081865660212,0,validation
d39-east-icu_bed-124,d895594b207d69719f7e10a717f9ed5b5c846795a3e6e0ee8f2f3b95180aa6f7,0.16910747269179455,0,validation
d39-east-icu_bed-035,a8f93a4ae6e4d294787e9fc5cef72e0c3dac341fb3b26e5ab3ed03a80f957ec9,0.14328052927643412,0,validation
d39-east-icu_bed-019,82e837e944de9fb82c891f133f8f527481dba8128d363190a12274303f1cccf7,0.03397870126747513,0,validation
d39-east-icu_bed-181,9a7cdae41191b2a5594880c72d04337ec9bd95138be682feeb6fffb91dea3e6d,0.00046827650401360396,0,validation
d39-east-icu_bed-080,62259813ee7c263dad613e5aa94c1a9555ad249977512ef5e946bb696f455bc4,0.008890275835561751,0,validation
d39-east-icu_bed-184,fa3673243fafd2d91a9e2e13ce86f707257c6b5cbc2b470cbdb25c3c5fe2a7fb,0.12478808379865325,0,validation
d39-east-icu_bed-102,bf48e2b313b6d265e5e77bf67e2cde7b53d4e7cd18af44d9cb26910c22880d89,0.1361363190172034,0,validation
d39-east-icu_bed-088,6d77e4aa3549599946a3bb794c853d90fee80613a5b242e3a4e4b282ba9ec2df,0.03241944570627476,0,validation
d39-east-icu_bed-004,b96264fdecb4fb75e42bb0d1a44b520c4de261058d4ca28be558ee733d116e16,0.000485793668111971,0,validation
d39-east-icu_bed-055,8cad5b1381b992e817d17297d1cae032a0a95a73c64eb169bb0c57c5782e6fd8,0.0006014322401462716,0,validation
d39-east-icu_bed-225,5dc0c220a5b870bbcf557cb8e9909bf79e3a6fbec251d800b99566fa6750adb4,0.1392697099737203,0,validation
d39-east-icu_bed-076,92652e468e0892d6645e00b7dc6666503a68d7bd667e19a249ab88559ebec34d,0.00969050987498389,0,validation
d39-east-icu_bed-218,f44d9ed25015b74f91a506148a8a5ebadc87069063e2850f2287dc2cd1bad7c8,0.01088997878951496,0,validation
d39-east-icu_bed-043,ab0f7d0cf1260f5418547a351c62d92391ccee70f2da3352d39fd07186b187de,0.000595699203064309,0,validation
d39-east-icu_bed-199,a2365b938f578e4d1c318e709cadda2d9c485de6efeeff9d637513c8d179f267,0.000699665780787754,0,validation
d39-east-icu_bed-005,6bb257725d6cb94f574570a031680f082599608634f8a55bdc0ed95a102bbe80,0.04428077663583394,0,validation
d39-east-icu_bed-014,45bb464d744c3e42ea1743b434082289ef96f906641e3f8b918a9ebdda87b498,0.16376314051656812,0,validation
d39-east-icu_bed-152,10024d60ea91583fb92d123838caadeaea8b444a3c8c8e965ee74f462639c55a,0.041968390210347546,0,validation
d39-east-icu_bed-093,9b21d64d2924668abb8c30494ca32406e6c7a576ed128486b76203fd5ee3a293,0.002942893293183782,0,validation
d39-east-icu_bed-016,c067ee76384675541311727ee0916a953b84c9c41c07f9ad6eaeb8ae0bc316b9,0.16427546601114518,0,validation
d39-east-icu_bed-140,1449bb72bfad4340eefb1127d9d4ed62a46d816c9988a3f850ff0afa0a6253b1,0.0007364286146055651,0,validation
d39-east-icu_bed-048,38918aa22966477f1cedc7108af41ae1e015b8a8b7c2f7ec9ca850cc2810b945,0.18206566907836422,0,validation
d39-east-emergency_bed-186,69ae2588a60d240873b397ca8bd3b367a6c0c2137c2f84fda5310bae516d48b2,0.10575492400447493,0,validation
d39-east-emergency_bed-222,34bcc3dad99b7ab9a1143c0fac7128de8c688a5e247001e9a1c4b82184b5c29d,0.9921556932607589,1,validation
d39-east-emergency_bed-238,a6cbc4a2326e019355ddc7300ff2a9d89d597dcfb53219bc16261263e0e41e56,0.9978568323442942,1,validation
d39-east-emergency_bed-006,70b435739e1885aadd11bd6eba58b458aafe97cb534133325c6c7ec2fd57ce74,0.6689912524157265,0,validation
d39-east-emergency_bed-090,68972c3cfe0c621d9622d0b2a306b3c86763900cd50f0c566b87ab4afc58beb7,0.968302538372767,1,validation
d39-east-emergency_bed-051,25abccc07614d76371f5c9bbd3486871a4d0f03fdf32a9066ad5a14d20573f9f,0.3228820931772649,0,validation
d39-east-emergency_bed-237,903ce2e47e0afb16a8452da9e23424981e3af1c983a6b4c42459513808f4f018,0.9667548610598572,1,validation
d39-east-emergency_bed-132,9659be1713d7796fdb83318e26b44300ea71481a6df1acf29a3075c9e6419152,0.8495993548161146,1,validation
d39-east-emergency_bed-120,ce45ee9d954f9244e568e314b77c8daa84031cf66a78ba2632501af74cd13d2b,0.8559121692498691,1,validation
d39-east-emergency_bed-021,1360710ae3512b8edabb74f18d2a62645d2b331a358022f2bb4f2b4c573d8c10,0.2710031225195029,0,validation
d39-east-emergency_bed-138,a524cf76ab61b01f63e40d80b114a3fb91a02b8660f3794232e47ec7734b7f77,0.8651765321937085,0,validation
d39-east-emergency_bed-156,98db783cc4f4ba620648e0899b27008e13d60c2b37f54b4ff5cb30d761b204ae,0.8775017804748032,1,validation
d39-east-emergency_bed-068,c867f45379ea55ccd2c0cdb390c9c5614d124f6d342fdf6c409836eaeb27bcb9,0.382092442881479,1,validation
d39-east-emergency_bed-236,d8e62e1160f72bb209b337bdd2b16cea8636b170d4a01df18731f8a45bfc3f7d,0.6379848536823035,1,validation
d39-east-emergency_bed-067,2381ee9f215ca576508d4a99fc8cc3beee5187dd06dd7940d53ee071880dc857,0.10513510502675955,1,validation
d39-east-emergency_bed-105,1cd81e2e0ab038ee6b14bca00417e508fc9fb07c0bbce9db1e87c959438a9701,0.8490565186006733,1,validation
d39-east-emergency_bed-033,89567edeb6bf0ce6c986d60e7b004a0a3a68e023ced41f11aeaff9d60bda42fd,0.9881488123307681,1,validation
d39-east-emergency_bed-089,33e498e818b9cbac105df884dbcaa7a7db0f1b9c05100a9aac6b7292a68819c8,0.024602061588204154,0,validation
d39-east-emergency_bed-000,3d60f33c14a5e53b41263fb33c0f3551e14c912a7b8e039ebb6d45985eeb8b78,0.02392231707721747,0,validation
d39-east-emergency_bed-157,b75d05cd30e70775c05c4310d710618ac86c3f0fe0eeca82bb113f4dbde6c3fc,0.008923613595935834,1,validation
d39-east-emergency_bed-031,cb0b12ea762f07168d23afd589a235dcbec06fb653f579e4914df68ae19c4ddd,0.9604471730042012,1,validation
d39-east-emergency_bed-205,4f3c677ba04f8807dfb8d427c1606e72228ef3f8f87aaaeae8750c0149a0f326,0.07170767951524619,0,validation
d39-east-emergency_bed-200,b4531e658c15bc381b9e96532b875fb4fd209b5bd005aea9f57cffddd963725f,0.08588788627779166,0,validation
d39-east-emergency_bed-002,4020452e3851e38fe97a4ff8e1871e9bd0eda9ae216da432367ec5a264cb3268,0.8567341077949454,1,validation
d39-east-emergency_bed-110,61467c1176e105b1db070dc2f98ac13da210fe51cb32b2ab5630c7fb33a3f9b8,0.5882193408567785,1,validation
d39-east-emergency_bed-112,672f4813b989e3cdd0901f544670736bd2158a336264636345786f931945bacf,0.028693853956317135,0,validation
d39-east-emergency_bed-201,db6dc69891724f1b625835b26b5d171f52fa5dadc62f8623fae0d5d3490e921e,0.11455540174698887,0,validation
d39-east-emergency_bed-146,0d370b42847ca1300e951be0fa6aed033e24b5c9b540143d2b0dce25de8e1868,0.03220168787710186,0,validation
d39-east-emergency_bed-091,9f18de1c5b0ae9e3335a5c1378aecdee6788bbf7595d76b331f8a9814999c0cf,0.16698747160338256,0,validation
d39-east-emergency_bed-056,e44436f7dea7701a6731011637c584a6961730c63a7dd3c2f0372426c925f0d1,0.8734682424589453,1,validation
d39-east-emergency_bed-081,2ad8f9db4c9555c3568d5e78c53c107a1c86094b7f0b5162eb5d333c70cbeaa4,0.03383815484100284,0,validation
d39-central-icu_bed-047,94a085d404f3b2cb9e9882981421c6c39f59cc554c78f8b6a75be224bb89c7b4,0.04280766155998233,0,validation
d39-central-icu_bed-232,ca527710ad19ce403d9fe588c6b8ddfe4a7a80a2500b7cd8be6dff9d1c8ad066,0.7570752871977847,1,validation
d39-central-icu_bed-158,7f7a384f74ab0ed0fee6a25092824a99c06553812a67527d01ca86366105192d,0.3790136636570689,0,validation
d39-central-icu_bed-106,81d1a19146006e704e6f77850d1b138eab546daffd511833fa504474d9d569a5,0.6032608471306706,1,validation
d39-central-icu_bed-025,6281f082e0ac08ba74eb55265e153b87404b609e6da46806b36b7994b9289e16,0.015685337147565533,0,validation
d39-central-icu_bed-028,7a93180fd1b495c4f217d9678feff784e2095a1f5d0521fc7357018b2c244a74,0.06875093613395489,0,validation
d39-central-icu_bed-100,bb6abbea7bedd779c3850cdfb9b0a4b7ea1f487ad7bc66cd49a9db6d62952726,0.04406012546201485,0,validation
d39-central-icu_bed-227,46448bda5dd88bb482abe82ad37074baa27d89a99f62a8b59ab9cbef55851a70,0.13418243910931374,0,validation
d39-central-icu_bed-099,273401b3c8e84157fc83cbac7774bc70140b625acb91fb7c4d9f361cea8ba454,0.0021606647058956107,0,validation
d39-central-icu_bed-163,561c00f42de1639f2fa5eb392632521d87fbb0e8e356e2e7046ee19642066bbe,0.03778237137053943,0,validation
d39-central-icu_bed-092,a19dbfdce2490f4d0255fd3c50a95a123b3628f92db3dd16c98b126c85940207,0.002028533866448963,0,validation
d39-central-icu_bed-168,755bc4ac3f3cac2bfb6ca1f06784a3a516ae22e1120aac6be8991455ac6541f7,0.0020659086941574936,0,validation
d39-central-icu_bed-111,150de91392bc308aa53ee1df45a40ef4906bed18d20b3325a7012644198d172e,0.03279311584057351,0,validation
d39-central-icu_bed-150,4c9e8452dfa37c8ecd9cb2c289eae7c20046876f044140ed0d485baf90cb162f,0.007938402440461352,0,validation
d39-central-icu_bed-131,9bfbfa668de823b9e2126829a6b9f154edbc644aa5a1e2789176582f20e0f043,0.0005154971697544398,0,validation
d39-central-icu_bed-133,27bda9ef4edd125a37b0fa4822859c5a194838a9b6f480b8258d4582c821015d,0.10906007111024997,0,validation
d39-central-icu_bed-018,bb473fb8c35a4e44d46177825951eb3efd1394a4aa119daa642df9ec06fb200c,0.007630525947983951,0,validation
d39-central-icu_bed-239,0e05371f942afa7abe333a0ae473702d83fd002502b4c663f0519c1d4399613c,0.00042630722679769484,0,validation
d39-central-icu_bed-007,63af5ea3bea625869127b1026e7c87ac15fe631f4703f96ca21af99a6df13265,0.03386799269779489,0,validation
d39-central-icu_bed-108,63bb0a776ab266bf0fc74b66947f7abfd16f07b10e05aeda8ae1521be530276f,0.00251804298046129,0,validation
d39-central-icu_bed-122,217c627a4091a10b24d72cd700ff6aeb7374bac8ad178d967f4c1e4910a22903,0.03556010536089104,0,validation
d39-central-icu_bed-060,eeeaa915f1e7e70989c0bda8fc41709fa6f49c102de6689f517d1af311eaa645,0.009404053096783943,0,validation
d39-central-icu_bed-219,8c3d4131558b7c9184d26d8b00993ffdbe294d2e14e7a5878c31dd285aff25ab,0.009820440866433746,0,validation
d39-central-icu_bed-178,ed5f65893c3e7421f8ff63820e1cdbad9cefef34d96e62bb213e7a600dd65c94,0.27701250275728473,0,validation
d39-central-icu_bed-114,975a29183f0ab38bbf3b0984bd29390e29e8343ff1d20b3577d29596ff1271b2,0.7245019709363048,1,validation
d39-central-icu_bed-121,c561acddbdbc97607f6a795ee8200a9c1c8a23cea15573c446585d6c427584b1,0.12790588301323752,0,validation
d39-central-icu_bed-009,f6ee29f48b8cba2c28b142efeb80c73bb032ba889f20cbb8facc765ebe117117,0.13229911125943727,0,validation
d39-central-emergency_bed-083,0f94bab7c03bd4bd124ef5b0dfcfc67d41a25b41cb947aa9edef967796224115,0.3433629806483658,1,validation
d39-central-emergency_bed-180,c0910f7b52d697b5490303f4a01d849ce375b034e01094ae473996bc1613a0cc,0.9930150356302795,1,validation
d39-central-emergency_bed-077,5bbce9351251494521b4362cd4bfda3dfd5984d1b063472dc7df6b733750b2cc,0.34513927649781767,0,validation
d39-central-emergency_bed-206,c4448446f1396111c5c9c47197ce60440871dce8b8877a9df8302088732e6d73,0.9921883920131366,1,validation
d39-central-emergency_bed-196,f9b0edd82c89a4399b116daf346d4729135570350228ff62f034c94c6cc9558a,0.9693701137847097,1,validation
d39-central-emergency_bed-170,1861913c02f9a0096b5a3608e60d469133ee859a6a28b60744b70cb3b97ada6e,0.3091974508470904,0,validation
d39-central-emergency_bed-224,a20fb3ab8b93c50659d95413133c26492cf24e2c09a796e2294bb722637a7a86,0.3085491903931102,0,validation
d39-central-emergency_bed-155,6755713109e5a00785f8b5683bfb8af5e6607a8c9e24b07101195c9ad52479da,0.08851791255103399,0,validation
d39-central-emergency_bed-012,03a7ca276f18539b1d2975281ecf209dd47995a6ad8d4ee16564e5b3ad86de53,0.0884674659529671,0,validation
d39-central-emergency_bed-189,9a3cefc83722e82ad45009abb735c747aaf2a6a652739d3bcd79c1221d7724d7,0.025852946144451872,0,validation
d39-central-emergency_bed-041,8419d2ae6f14431c4f581c9909c90e5cf3736b900b10eedc183465572f37853f,0.024675607040013068,0,validation
d39-central-emergency_bed-169,68d188c3c904815e3c8256d1b958183e6da79707f5e7ce1b54b357bcbb8e39a8,0.297215217545844,0,validation
d39-central-emergency_bed-230,da8297b3f953524f46dcb9f2abb35a3fcff89ac48f036b2403f6a4c4a566ee46,0.10173105120673623,0,validation
d39-central-emergency_bed-015,7e32d69ab6ad52d909aeda2c2c7c4871d8cae98006efcfc8cfdd1c79aec082a3,0.02844906297999839,0,validation
d39-central-emergency_bed-008,76f7139045570011361c07abbf05589081b68937b0d5c4f8b6abca99f8ee5a80,0.2628214817176408,0,validation
d39-central-emergency_bed-215,64e4718c566d275e5a2097c0d9679d89b64268712e9e00cfb28334afdf84411a,0.856100338206,1,validation
d39-central-emergency_bed-118,842afd52214a179171787f0eec22f74138195a19198f8d5c170c693569513061,0.2856271135824306,0,validation
d39-central-emergency_bed-210,b3c7966ab4c0df9a83295c67c95dc29b1182a5b04614fc8b2a49e67d831708f6,0.0211967338446918,0,validation
d39-central-emergency_bed-029,f253bf0cde4cda2b7f82b841b5ad9e81e535c34b28eb61f2ccd059607afce4f4,0.6212683618649995,1,validation
d39-central-emergency_bed-153,b939c3941e4351c7b1d52fa574caf9a2807e76885a81c4d2a70e441cf638b618,0.6365347929960538,0,validation
d39-central-emergency_bed-096,cf7c7e520fe13d2936c42dca31aa79ee36f017b8e9a33c20a5d57162f83324a6,0.09130305609310359,0,validation
d39-central-emergency_bed-075,a6814d6e71b55a5680c4ce86f21ab0b8dd7d1cb5b55b416473000aa7b2abd43a,0.10470415193585376,1,validation
d39-central-emergency_bed-197,b23729a6e78207f6e4504d338622dc37ab14557e4eab8a51677782e7a57dc7fc,0.006398770159714528,0,validation
d39-central-emergency_bed-085,8268609fe4c0d55b1d316ad460ee9d506d51e758a278ca5143f8b803be33e821,0.007112287411312835,0,validation
d39-central-emergency_bed-022,c7e3c75c6078575b8e320ac1df4181b47e3222d492be2e0f6c4fb28428db5d05,0.0995468895275094,0,validation
d39-central-emergency_bed-059,aac31c506b3ac15b247c3a586fda16a8d39011b8094f20bfcd6fc5796473e3ee,0.28180185624156995,0,validation
d39-central-emergency_bed-172,80ef9849b4ea9ac10f498f48118644067dffb41900dcfb89fc7bf057b18d878c,0.007880258338907322,0,validation
d39-central-emergency_bed-027,2173fc033c9d964f020820e986a1e04e270e6edfb7aaf4a615328ee975796d8b,0.3257751059580272,1,validation
d39-central-emergency_bed-038,8df268b3a81a6cbc5ccea4dc358c8c25f8f00d1f1362704f92c9603d19c3f668,0.007471647693818466,0,validation
d39-central-emergency_bed-162,33b8b78c7a7a83a42223859fbc0090ed50f14216009660d45111aa2aedabec6f,0.37783576397863833,1,validation
d39-central-emergency_bed-052,06170819177e1cda5f192f577c205c5073a0786f8af42c87a25de2c434d16902,0.0362234551984306,1,validation
d39-central-emergency_bed-129,7a2fda5cd8832cb76e719d0cbe4292ba01b8d422559519b201c092d0a669879c,0.7144314721457837,1,validation
d39-central-emergency_bed-126,a7ecdd282100564b52b39db3091f16ee7a6dda34c953c042ce5e90497ed470a0,0.33561913497593554,1,validation
d39-central-emergency_bed-208,0bf82eb9063d98e804b54295638f6181319abdcc55539d0d747f123c61602ce6,0.9983694731030832,1,validation
d39-central-emergency_bed-073,3fbf2b7cf8132942769ded69c04b055d16c9eb5eb68e1dae7580bfd790918469,0.9981432563257331,1,validation
d39-central-emergency_bed-017,6e4d94aaf6d4603d4ba7b54e8aedd04e5761bec459ec284c5724017bf8ee7903,0.9692009050435401,1,validation
d39-central-emergency_bed-086,0138754a86b2aa07c8322f5485f3e63797add7c7e71b43ad246eb59ace1d4b23,0.9995957961458771,1,validation
d39-central-emergency_bed-175,707f34100ed2e8a71653a9242e753986e95a827d555963e1cf0514405f486f65,0.8979553615887357,1,validation
d39-west-icu_bed-095,beb7de68fbaa0e53d960f64393e5b2c9defd25f8e130935b5c098f055387f916,0.0035796178411208555,0,validation
d39-west-icu_bed-141,1defb93d3ce9545b5aebaf766f52072012160b87fce7907f6afe6cb872f7e6e1,0.1957133892327686,0,validation
d39-west-icu_bed-177,f3e07ed58dae070c6662301a78fbd8abff9c885f0a81cebab98841576a48ad02,0.06616135534979493,0,validation
d39-west-icu_bed-057,1b76804a3b3e55b4725a90cfd59967776d9dc443496d2230f1d1df319bc5c5f8,0.0028572787923070117,0,validation
d39-west-icu_bed-094,16b56cf739ca662c6d8c056765caaf5ab90379e17c42201dcc0daab7baa7e0ea,0.003079003653066676,0,validation
d39-west-icu_bed-228,20b747fcb46e7e7baad610886dd8551f9f1817d0978d7eaf0d782e2001608e00,0.0006061697699551174,0,validation
d39-west-icu_bed-078,4e18c787454b4d01eec8fbcab816bbf743e7026df6610bf28478da69c00bf171,0.14079330440050808,0,validation
d39-west-icu_bed-171,6f389e22d85bba74371bc95d7e1a0685431344556c251028622c057f47dced49,0.007969174223131148,0,validation
d39-west-icu_bed-116,3e22bf6df8ec40d721af12ca1d567cbef2e758f59e842c0a6919e130a8b197ef,0.0335776414014549,0,validation
d39-west-icu_bed-058,67838c5220bb6c97a841cf0e30d5042e06557aada7c367a73c68d1d48ca5719b,0.00057240763101989,0,validation
d39-west-icu_bed-194,e457988807886a7e2cd12c9949859ae24d3a2ccd4b988cb212fc8e9b90feea35,0.0005163543538657851,0,validation
d39-west-icu_bed-211,b276dd23c1fada568722fc870612840ab691b65ba1e67d9dd32a833cfbd7b761,0.0021892019593683556,0,validation
d39-west-icu_bed-223,1252988b4bc4ac168e93e105d20d9752e2f290c92e10c9e5ceeaee69b2bebf2d,0.00910229019229695,0,validation
d39-west-icu_bed-148,0bc78a787cc8ecb9e91fa2a0665094c870a3cee06c7c323600966f2c6e711528,0.0019152607212213938,0,validation
d39-west-icu_bed-144,f836822d4767931204f5fb3b9a6a6b1830989933a6d7d27b6ffc2b07ab2d5bde,0.00049859665490668,0,validation
d39-west-icu_bed-032,b897c2409dec1a1b881824fdf0e778c025ee67cfd496ac25fb915998969f936f,0.03105948217227852,0,validation
d39-west-icu_bed-185,4437391f350bde6648708707d1545498a9fd805674c37ab5132ce243d24bb160,0.007943715528371175,0,validation
d39-west-icu_bed-087,fbac7bae5bbd63563bb2210e57d910f85073b74ea4f77578a074fac565aeae4b,0.03405823105790976,0,validation
d39-west-icu_bed-166,785b80743c1ef30be0c83c15af2cd0c190df3ff38ff2ced57ecbd7271b284c52,0.0016889271053361125,0,validation
d39-west-icu_bed-071,20f7645fb25d48500c111f1977ffdd6a198174c2d276fbeddfa35f837c184c16,0.029136644606204624,0,validation
d39-west-icu_bed-104,33ab1d22d1a6343a5422e81f2e6af0f36229aefcecae55eae9aeef4676372281,0.008355363437515414,0,validation
d39-west-icu_bed-013,d12c12cd0961e8c118ab0472cd0cc4cd6cc87c5ac6b90d3f4eb7fb667b1b3c4e,0.0005191142522702036,0,validation
d39-west-icu_bed-053,3cb3eb49ab55b5470a7f73d3b785d801a2fb5a6c81a132ec41d2a35932bf30e2,0.008272814457713626,0,validation
d39-west-icu_bed-123,3f97fbdeef2586f077be2fe1d6f1297d4533e0809dfe4ec222ba197993a66c7c,0.12965577751849464,0,validation
d39-west-icu_bed-026,c4c2af190b32178869483bbb3f28e3046f38ece4b903dabcc0ce3399e7abbc80,0.0005167676602182175,0,validation
d39-west-icu_bed-198,e7a0d8fb005b5281021d91d4c40aeed3f0fa87d21360571dacb210337b98873a,0.0020435551671534676,0,validation
d39-west-icu_bed-151,6140bc27992ad0f9c1f6dcc8e6882eba7cd379f2c4ea07e2905a77cf59f6d5f5,0.0020626898196654435,0,validation
d39-west-icu_bed-212,ddf567a0edc58429183a526e89cb9e4669c363059845802e7ac67e4eaef22fe8,0.16210989107068827,0,validation
d39-west-icu_bed-164,d759d14d26c10be6b680ee81d220d208f71143db660ed8bdae4a5ca80ebf5c9c,0.0005504387707712971,0,validation
d39-west-icu_bed-101,6fb8f6ac41ec80e6fb8aff2a81f718715edb20b7384a621e1098301771a13fa6,0.14966003360222946,0,validation
d39-west-icu_bed-135,edb712e5bf1a9675c1e5cf511aaa6e009aed2f76dda2a6607a6a6d7c82077f50,0.04594929654550436,0,validation
d39-west-icu_bed-195,54a58010e970940847119505c4ea4c21a108478245dbcbc4a041eab9414f76d2,0.000639173756490507,0,validation
d39-west-icu_bed-217,c8c8135cd908e241e08d14ab40381db86ce502cd8abcea88c55d0d8a17c9195b,0.01060226782477206,0,validation
d39-west-icu_bed-229,ed4ca8aa87e99fe1f6d436ad7adf8a1d1588c4ec21cb2780262aee33b99e449f,0.5344082152362362,1,validation
d39-west-icu_bed-192,148e48e1574754a609653cb7928525c6694497020d7b848c8b40537e0d3d7a17,0.0032161255328537175,0,validation
d39-west-icu_bed-034,aa4c7a1128168a863bd743ce2e31f8354cd40c45151db2ec1dd0f1ca3b1b23ce,0.19201985908641112,1,validation
d39-west-icu_bed-183,50c99588ec719d92146173ef627afa0e163ca5af993e650f3ed09c196bbe5d62,0.27919877708254,0,validation
d39-west-emergency_bed-030,d6e1ddeb879f8e52744a0f8cd2b3e80f5086dcadcec81bafc7b3fd97f6d2196c,0.9999145102891889,1,validation
d39-west-emergency_bed-040,35c26b4a6510b53f07fe38e3f63f293b4d01d5f0219c93e1e8ab7f700d34d249,0.5783139999545103,0,validation
d39-west-emergency_bed-203,3451212a4056862caa6b54424a3e1ab0518c95915fb87bdbc82e1b33db20ca14,0.32146678012136354,0,validation
d39-west-emergency_bed-137,73cfa16086595c9cd10a0abe6b12dca52cefee54fcba4928681ee6d8fd20b512,0.6614224138172284,1,validation
d39-west-emergency_bed-107,918cc6290391adf6b241f9c97731f2aec87d9306564d67f24e6074eb6bfa54e0,0.9045572077606132,0,validation
d39-west-emergency_bed-143,39fa56139f306046b2e3bda8ef7f71ae530827f8388bc47ad99bf27920bb58b2,0.031763043260694,0,validation
d39-west-emergency_bed-147,4a0b0b209cf080491c1a179888c0946da40daad75e3b396eaff74f6c04e3d85d,0.6574210710224174,0,validation
d39-west-emergency_bed-125,f7db965b4b6c60f890100e51db77f27869ee29ce0c71ac946e2b32b6790c084a,0.006763991941906391,0,validation
d39-west-emergency_bed-191,513efa3e54fcd3fc8c74ddee448ab67a5964d4e6643ead93e0ebddffa1959ff9,0.3791472512883219,0,validation
d39-west-emergency_bed-054,c101239858995fe4de88c18656baeede23cad6a09f41775b5df5676aa90b0abb,0.16714066062358693,1,validation
d39-west-emergency_bed-046,645b694c34b9b994af493f67da4682f5096317202ac1635ffa07de9ceb1e595f,0.024186860515211708,0,validation
d39-west-emergency_bed-139,5836ab6c4753e7cf6efb372f1e9036583af9d0200d22c3bc4a54617004f6ec06,0.2577132004543319,1,validation
d39-west-emergency_bed-061,7610c8d116affed8cea3929c4227e5e938d79deaa5da8c9a7a27997c5de92d51,0.0019057356105532772,0,validation
d39-west-emergency_bed-176,8e8360a6858ac72069014cad755094ccabe6635ce912042ad78867adc8a40838,0.0016836442963409231,0,validation
d39-west-emergency_bed-161,f40cd43ed59475a3bc37c5196e157dc216d65c8b0cdb5f145d5c77d31e4b5388,0.3507882086653858,1,validation
d39-west-emergency_bed-070,6e30e2a33a84ec5b5f5ae2219f705284d9d1eb6649a4eaa212b98350345a6358,0.005793250246276815,0,validation
d39-west-emergency_bed-159,2c4bf37bca4ef83039444aa92e10ede39a48957fb87c538e4460ed6a33053d54,0.002606864968335939,0,validation
d39-west-emergency_bed-049,c9d1cfd457699d70d70e67b5dd06ac5ae196bd13c5f077ce6fbfc12cb355044c,0.002280646976352533,0,validation
d39-west-emergency_bed-130,1a3aac1be5ab049b5abdda1bd9f9e982f1587ea1d0029eb84323b84c6d1bc799,0.40893728044930583,1,validation
d39-west-emergency_bed-001,982912ec39c522367799a68776bf63c7aeaa4380d8b1d88d56ffecff47eb809a,0.45579707942866626,1,validation
d39-west-emergency_bed-109,35019e53c4740c877d6dc54316af62d21d39930a0f4d4a1cd461ed51ff21f9aa,0.005613805889480214,0,validation
d39-west-emergency_bed-202,11d1104b8f56804b7d6be93db3c2c891c5b4045b6d94f6a14e95a5e8b845f27c,0.5990521134913888,1,validation
d39-west-emergency_bed-188,f35b398532651353c3a39aa1186b92693ed257853114b9da7af17a8f4d4d34a2,0.8841687001954854,1,validation
d39-west-emergency_bed-003,754daa150fdb4dfb26c7681f94088c871ae991971a9f7b9a5008ad9dffb57a17,0.8788593624938484,1,validation
d39-west-emergency_bed-207,499001fcb4e81ed6e2180d73319a623a27dc4c6c102916b57b60f65aa5362387,0.11005543766573678,0,validation
d39-west-emergency_bed-084,2da1bd02490c24f0d389e7a163ec4ca747f4b3b1dd457e47354d201b8d3c3f90,0.29719654698634806,1,validation
d39-west-emergency_bed-154,0a93e8a1402d00f74bf8ceafdf97412f10b2f41e1885f72dbe5397ccae6cd92b,0.08748275677972785,0,validation
d39-west-emergency_bed-165,f83757d91992485225be3a545f8ba48c4302be6494d0044a0cd657348014b816,0.11412514521780717,1,validation
d39-west-emergency_bed-050,97f6534cd9a0ee57afb0f328fa1bf5cc79a7a4082ed3f942cf4310c4601b24a7,0.5670209565224512,1,validation
d39-west-emergency_bed-062,487c67ecf780d9bb60ad764e6d4f200d1515fa0a1a6c46c21db2c8adfeb2618b,0.9885898970554119,1,validation
d40-north-icu_bed-020,4255a6a40f4651738cc2193b393b4a6483d4c98ff240c98685ec477d67eafefc,0.000752090400568756,0,validation
d40-north-icu_bed-165,4586b2c2d979aca4d94e08ab3602037dd99a71e5f29915e6802f8b8dc2bc2da3,0.04358220984080242,0,validation
d40-north-icu_bed-016,cc6bef4b42495aef18e63dbf49a0e40178cc72dd1376c2a66c46ae46158f2f9d,0.049230920893655966,0,validation
d40-north-icu_bed-030,4e89c6bd4724af0ef2de7d2174eb010d7f9edf7ce8d4a204c47c8258875725a3,0.01123452049809917,0,validation
d40-north-icu_bed-043,f6571bba569cc9b587c5c23b94ce9a038663b0c12f20897b5a18df39bed323b8,0.0005514063463130267,0,validation
d40-north-icu_bed-124,0910e82182920880c6a84a712d149e7c26b694a349cdf1a435a91a02942b9c86,0.010394943127928788,0,validation
d40-north-icu_bed-163,e25584c977868b295a2d4b446219eecd0969ec72f9fe4283db5b9553a1b20086,0.008815842571369702,0,validation
d40-north-icu_bed-177,75117cfcbbf8475ac55e0169828dad5328f3730e03c5f5205d7a0b95c5b61e79,0.0005270345335400155,0,validation
d40-north-icu_bed-166,6a9739eddd7875ac7d1443272b8c581b0a828ffb4762fa7550bdcf4e1f7f0dab,0.001980522967233501,0,validation
d40-north-icu_bed-052,b0f84beb096b13b030cb77dcee525da9c80a7506a12fd6590c5cd5886f6ae420,0.002067414368098229,0,validation
d40-north-icu_bed-238,ca3b827b0aa7e9dbf8583fd061c8c3db49856dd4f2e7893ca884c8beae33ea7e,0.007762615567273057,0,validation
d40-north-icu_bed-055,0c14e48708da8bdde71c3c7b5ffa8a2c6ea818f02303f6687f4f27a550e68d41,0.0021916626054726018,0,validation
d40-north-icu_bed-121,db5528a9a7668f96d88295350c57737c3bb4242b94c59fde8d3da404309fec76,0.0004213248637649733,0,validation
d40-north-icu_bed-209,1f9c1b8876983f2f5f9a8f4d2161d4be28eb843eb782cf8692e6c83ccfd28c77,0.0004771838962437707,0,validation
d40-north-icu_bed-104,4624fae82bc1fd2ad212fd746afcfb30a74456399d72a2c25eeb4623392cf757,0.12145969868271188,0,validation
d40-north-icu_bed-219,6d311904e1dab869d68ca9462cb77dc98db05be7520188f7ff8d36bf9a2a8b42,0.001693197011204863,0,validation
d40-north-icu_bed-113,25e405f197af6e7bd7acfcafdc901fbb7e371e98291a1e6d65dc07f02349c9bd,0.03619735050190524,0,validation
d40-north-icu_bed-148,5dabd97f852bbab0a53fc709f59be8ef9d5b69a1a760757a57ffdc538fe3d35e,0.0021291209445720057,0,validation
d40-north-icu_bed-150,157ad642a8d8d39b307a3422994ace374a34513521e530ad4722336d0e418f91,0.0005545407574371509,0,validation
d40-north-icu_bed-107,bc6a74e03d959635ed94d1840bf543ded6d875045f361999c3caba0690fc8f55,0.03873619004831971,0,validation
d40-north-icu_bed-101,1e052adcb4fd528a9d6cb9da0be7de44ed63a4de7364eee5415784b3ecb4dc36,0.0329981934577914,0,validation
d40-north-icu_bed-034,4562685e7adad3dda503b4d06a62ec6a83f6b46c87cbe77108eb84b617dff7cb,0.011122294913278572,0,validation
d40-north-icu_bed-199,9bf92ab6dd7a0f128a9169417b30d2bb59c57b87162e0192fdb1ab6642d4210a,0.0006559063347817992,0,validation
d40-north-icu_bed-071,441a3b13d934ee22d2dab792c005345f65d1f04ce4fd24c496677ad2d837a8c4,0.0006421094423361653,0,validation
d40-north-icu_bed-187,da3271373867afb7c09fcfa6766bd9d8c74d26f9ac1d055fa2dc750b542561ab,0.04144114486814835,0,validation
d40-north-icu_bed-049,90bde6824da0065d410b8b0f698ca4f6488355c8aada148e8411de1adadf4079,0.0132164579533115,0,validation
d40-north-icu_bed-035,79448df8fa2fed34ed6d82b7003dd51d424d3f6b709747f2db661f413ea999f2,0.0032956272733605076,0,validation
d40-north-icu_bed-211,ec0aa2226a31f01b31cf778d3b7feb8be7dd5070a8f59adfde2a8bb81262fb6d,0.1753960783700101,0,validation
d40-north-emergency_bed-183,9c61b82c53d1fd098ce16ddab96eef044576879bf079b92dc806d6d455963953,0.8399437207111495,1,validation
d40-north-emergency_bed-050,8cc07a6aabe684374d4308d310e2faa554aff27abe2c9af9a9e83a5213a33404,0.9412977626875177,1,validation
d40-north-emergency_bed-077,7bac41b63f38b99b41cce93dc38bb6082cc180a603b616a86d111b9374458e60,0.9969738788021345,1,validation
d40-north-emergency_bed-041,72d5347d9bc316440ef865860e852082bb535c253cf31aa207718e5613ef1209,0.9970144305731359,1,validation
d40-north-emergency_bed-160,b148dc360f651818c14b535eb20535f9c779bbc076a47faf882f1f7655a27b14,0.9888410308763798,1,validation
d40-north-emergency_bed-204,9f3aa69474f6ee2fbb8413808d670644294ea793c289ad9c54e73cbda5288b06,0.9952282988085691,1,validation
d40-north-emergency_bed-087,a960d8c16d2684d7f26bbe58169b96c1a83d48d95df45811a215df1b01df4f88,0.9988403267113328,1,validation
d40-north-emergency_bed-022,88e8094e94fd3cc0585c9eaa9312e96f10726aa58f7e592d5d10a14989642ccd,0.9990111273254719,1,validation
d40-north-emergency_bed-191,5ca89e17305a9ed0e6c17f632f465f79fcf3cd05fb78d35c66f7233c94e080d5,0.7560486721096035,1,validation
d40-north-emergency_bed-210,1928aa19c0eebf3bccaf78375e012a71f92ad549e0838ff19bc3e60bc97ccaba,0.9845913891563971,1,validation
d40-north-emergency_bed-048,83f6b775a2251115c7e93f4f71b23054c219cd32f83202e5bc4fce212be5c36b,0.9862722777328865,1,validation
d40-north-emergency_bed-004,ded3cf7047dd4c09243cf8ac0f00af88c318dc7a680f70cbf43874fe000c2ee6,0.8036590632247758,1,validation
d40-north-emergency_bed-140,4181edfaa64478f738a56cf1bfcf07b3152f493483e632aa0d1741a4b9e5056a,0.9964495712043506,1,validation
d40-north-emergency_bed-201,681de5204a8bc69a96559d741be0a5b16e098f7d9e45aaebabc263d86f2ec493,0.9968851611692771,1,validation
d40-north-emergency_bed-092,01d5872439660f5ef450ab526f60abd7bedccd14cc8760969ff778489e8397af,0.4752178419093259,1,validation
d40-north-emergency_bed-185,4c83e5b492fa0cdb8128d1c2c78b301b66abb0239cb1664a89efc94e03ccff62,0.02328045913207046,0,validation
d40-north-emergency_bed-007,8581aecdf0e1070cc392e2d7bde32671bc7428df19258740c02f330238c57f73,0.0964536526014462,0,validation
d40-north-emergency_bed-084,29fb0dfa47d3b0972a49a9f1aa9e1678c774230154f3fec68cd0fd5d9f51f15b,0.08370546363696038,0,validation
d40-north-emergency_bed-212,babd8b0d55c0749ec765a2fcee70ebd8f8ec919ac8d6c1c0f40a5e0d75a2df8c,0.008558452869545298,0,validation
d40-north-emergency_bed-038,866e69a781fa88b3b34bb3bf789c59a942d0d249666fb4ecd6e725a256afd60f,0.03200481357061692,0,validation
d40-north-emergency_bed-045,d1ae2ca3b199e1757bebf8f618b6247b1f374c7129d5804903ad400a07695ada,0.025948737582062405,0,validation
d40-north-emergency_bed-102,a53f42e5f91806a45961b968cfe9ffacd74aca6288afa030a93ca4189b48be4d,0.7289423939000561,1,validation
d40-north-emergency_bed-008,5e4452243ed7b58fb0f48be73b4a0b941672fb9edf1f77ac7c7a12864e94d8c2,0.7017771389808408,0,validation
d40-north-emergency_bed-157,1f0fb85d5f32f722568991d7fa44497acc9ca4bb31c991f9a65169d0b1e65c1f,0.27394592267490586,1,validation
d40-north-emergency_bed-010,4eedfefc68719e0aabb4bfb3096fe01331f5461ed7a108e650e65c7ad618cce6,0.031749387380688256,0,validation
d40-north-emergency_bed-100,6960e0cf02119693fdda65aecda80bd6817e030a8d99da9148d7991da19bb272,0.15252832852672135,0,validation
d40-north-emergency_bed-085,10c9b4796b17fe733933599032c94820f06e74bad440b517f94d2ad9edfc468f,0.00966232279458947,0,validation
d40-north-emergency_bed-214,3edcc2b5497f69e158496e802c3004e5d1c80384cd24ee2ac26cb9314c29f503,0.13081085931204245,1,validation
d40-north-emergency_bed-162,4a6dc5291b24dc73ce95ab3dcfe5e56cc3e1e87466826fbaa86b2f2d5dfbeeb5,0.9996693862282545,1,validation
d40-north-emergency_bed-154,a72ebbae87a2570d7ba0493d240bfe8598e823d06c8101381a76a7c3cdf1191f,0.9997090064545909,1,validation
d40-north-emergency_bed-193,83c53346e5d831455e32719247a387c91fc96c063476ab35941fafae70fa04c8,0.9956774302539126,1,validation
d40-north-emergency_bed-056,887406351897d36b89a1203e0a9b8b78132d5d49c608d059bbc4ca75a8a71abf,0.9962551683553978,1,validation
d40-north-emergency_bed-173,80553884b1c2bdbb17950c083d752accff8df00866cad762084650ae1154cf60,0.9997747910554163,1,validation
d40-north-emergency_bed-000,637408ca0058d84ce05a1849c50ec2c6a84d02545fd3448481b3e8a190f15f60,0.8242194396812939,1,validation
d40-north-emergency_bed-144,1cfd0c29982e378494374e1b1fb31022ee64efd5c7764e1a3ebae058a7375141,0.9912491551191404,1,validation
d40-east-icu_bed-180,ecc6491f4ffd63655ae4b38d68088b4a5b60660982be93f4fc9d7464bbac17a9,0.0006996863242502478,0,validation
d40-east-icu_bed-135,00b69e269f189a825b38bf497567fc24609f920f15664599ec5b0ac73eef744d,0.011086710771479042,0,validation
d40-east-icu_bed-070,0a6e81c54ec06598e9dab39208a4b1e07195cb34859d783bf46d3c46ac25d559,0.21474861778263368,0,validation
d40-east-icu_bed-073,2007cc8fa1985342b828266d00f932aca71ba0338f2c28140411180e9dd3a306,0.3033281736979959,0,validation
d40-east-icu_bed-227,5006a85fbed5f507c905351321bc4f28fdbb1a73c47f9c6c2f9a8cc8288e5a63,0.6255195140217219,1,validation
d40-east-icu_bed-229,75f266ec5f5232fce45005e2e8d999b0d3882b42c85073975789c2010324350d,0.013556415453676973,0,validation
d40-east-icu_bed-186,8d574e0a1b65ea840cf29994047461b446f50efafd5cd508d7977ef90d7171a9,0.003387390797345464,0,validation
d40-east-icu_bed-237,0c12b702ec3b8b984f9a27e2c8d10c88e391f738e406742cde4d0d7963ac0f16,0.18578399905451404,0,validation
d40-east-icu_bed-076,cc33238fb9189679432e86f518b6c3b8bc97a2f8834fce416c48096e65bcf81c,0.15930365787908002,0,validation
d40-east-icu_bed-066,ab08c1745cd977cd59ad002f40f7401eaadac04f1688f2947117cb7e76a080af,0.047238347820676034,0,validation
d40-east-icu_bed-178,51c022610e03d5eebc7546a865d88ae256d5380fe08d79a1ed08a11e0c5b5bb0,0.4673737144294712,1,validation
d40-east-icu_bed-105,f6cff677f7a1dacfc7f8058f9b7a1188e421a103df572030311cb70bf0ad3cb7,0.052077630040514813,0,validation
d40-east-icu_bed-159,ba416e56624bfd18b6ebc8117a5762df7081ef67ec1728af98839b4491df97d2,0.0032438759509519797,0,validation
d40-east-icu_bed-207,bd0fe2b213ea9280d892c026b7437e8e0910292060aecc37254db60221d6fffa,0.4793213140138216,1,validation
d40-east-icu_bed-002,b77b15465c9bdf39e4d0ed9c76481bd20c843339f8c71c284cac4454156d4de3,0.0031874965366114716,0,validation
d40-east-icu_bed-036,00f864ec8943afbc2bb31804addac3c3bf4200303045f408df49549f97988bd0,0.0005020071717506996,0,validation
d40-east-icu_bed-042,c2d2815c7188f6bf5d73199c83265648d7c9ad1934c09220782870ce6089b057,0.00856274468419089,0,validation
d40-east-icu_bed-082,a3afa6cdaefa6e6d883c47a52531dff927862e1b687698f5524cf0d589cb506c,0.1267647878655905,0,validation
d40-east-icu_bed-106,132da1ab54e44c6d1e2dd39b5927cf8a640504b18e91f99692c08971846af9f2,0.03777852075373826,0,validation
d40-east-icu_bed-143,6857b0fa83903cb863a138ae90f1e5e348726f0bf2d87a3b9a8f42c833b06e73,0.0005354232490551341,0,validation
d40-east-icu_bed-040,73e475801494a7d1e2051d982782ab1d78ff231e762173882eb5dea6397550e9,0.0025519814304809834,0,validation
d40-east-icu_bed-126,4e06c6d6857ce54d20873361c4fbe26a3102cc0da6509c8e01a3cae0c1caa7ff,0.012480905670883825,0,validation
d40-east-icu_bed-089,e67da8b415ffcef765a49e5d3552158b28b8cec06f9d892373d31ec945031280,0.003091127832838822,0,validation
d40-east-icu_bed-175,c053ff31ef518ea2bb200c1e7b5bb847a7cedf5b5c316f095b678c8eb6c0a29d,0.04887432018824905,0,validation
d40-east-emergency_bed-231,da00a5c2be08eed0f4a48c399e46182a26dac15599116f56dcaa048a79013c43,0.9729633693907456,1,validation
d40-east-emergency_bed-103,96d59fc66d1d1a6861e13a5f54d60be5dd442b9b0eeb00f00c1639cfe8ee2fc2,0.6575256356751973,0,validation
d40-east-emergency_bed-093,01175c96dffeb070c06af7db4cb41bd26c11e1dd025ab1f7789a6d543290ce58,0.008743171758314567,0,validation
d40-east-emergency_bed-063,866ed48f5dadb0e1f0e2b4da65939ed91402bf5d4f048503f001eb62abd6e5e5,0.372075203469583,0,validation
d40-east-emergency_bed-149,acc1394df63bde87b4df22e2bb442da4bb08b11d7112b1e6c23f7b5a1bc3f932,0.36247253540372987,0,validation
d40-east-emergency_bed-230,4ef880e574671811b1207842daa5f243de8c4148ef1c07e4c18d05ac896323bf,0.34888462576005336,0,validation
d40-east-emergency_bed-047,e83b63fe8de646717e031a28f018960198f9b6ba1db00f34dafd16009606f585,0.9924013504531071,1,validation
d40-east-emergency_bed-130,734229c2de2949ccf4599084b42fcc79fb1a778e9924a5ab08b8fc9f309232d0,0.3026502778707848,0,validation
d40-east-emergency_bed-119,cfff0b37a1092067d0a143a46228695d480171e6884cc3af78660abbbf625009,0.990826933005665,1,validation
d40-east-emergency_bed-120,1ddaccbb991b97861c6ccab9b462d230d0e35d3aed94cff4cf081621ba74954b,0.8632615936521242,1,validation
d40-east-emergency_bed-060,cced367e1e6e4adb79b80ad2f4e4137985caa0518cade3073508a3bf389f4f47,0.6610647955486463,1,validation
d40-east-emergency_bed-161,e0ecad20ecb6ef866a88680c54c8788e91394b13882890a1e88108f8ebec3309,0.3005425883258662,0,validation
d40-east-emergency_bed-088,96b93d3d8d7103507df37541bb94911ead5420e8b856cb21de568a40b6a275c3,0.12111010477909441,1,validation
d40-east-emergency_bed-222,79f8679602729ccde3a4b4a7748459d4177ed2a603bc4740adc3ec613acfb658,0.001369800996205024,0,validation
d40-east-emergency_bed-079,c1283cdbdf4168a5c21b6c6f196b3c40d1eb7a90eb9b76c86cdde929a6326fbd,0.0177306841336681,0,validation
d40-east-emergency_bed-015,79fde803d20124063d4eead77341a89cfb3e82cc96cc9ad9459ceeaa9f5cf45b,0.08699165292444955,0,validation
d40-east-emergency_bed-158,b859c86ef645afbdd7a81a56d09cee796ef952f37129c38061285c0f6c80ea52,0.0014972868337850987,0,validation
d40-east-emergency_bed-217,63d378cfbe8883057b159c856f1b3573dc7a03a2cf9366229b16449b5b598da1,0.37438734569885296,1,validation
d40-east-emergency_bed-190,7162c525566b4c63e76f168eece014b50a32bbb1dd243ab6779d194f374b0503,0.023826387886048035,0,validation
d40-east-emergency_bed-174,3d76b05a4c86b008a636b9993e930ee6967ee0f16b0151a5da4e7e037b4f16f5,0.007524946491615663,0,validation
d40-east-emergency_bed-064,f3d2f333c8d2d69e59b6d14301b9d8963cfd1b46328257be42d7e00fbb6afda0,0.34125121671688036,0,validation
d40-east-emergency_bed-202,e2268fdcc6e3ee7837ce67ac497af7f9ea03abdc0dc7a4c7ee11074e96623c74,0.028172919998933222,0,validation
d40-east-emergency_bed-099,8468e651093b87b821a1a166f2109ecf9bc73a2e345aef03efa7e2a0f3fc10fc,0.1315037542948322,0,validation
d40-east-emergency_bed-170,69e90a4d33cbc0418549b2563b4d5d4babaf894568e2f22141759fc5c585b5d3,0.10715640895175485,0,validation
d40-east-emergency_bed-156,32fac0f416e8926bc35a9bca2c4d83d18cbb9d27b467b735c327574585c78b51,0.10129564175109625,0,validation
d40-east-emergency_bed-221,a92762c178c837574c83ee84c0d694b1c04556d0c74beb109224605ba8aed833,0.9062976781767592,1,validation
d40-east-emergency_bed-134,25838286346f3a9d62b0de3bc96fe13150eefb994fa9537971872b0340f469fe,0.1095944147249434,0,validation
d40-east-emergency_bed-220,3d80f322339fc3191a704138612062aabcd14dd21efb4507f1787f04b6a944b0,0.13018598900079145,0,validation
d40-east-emergency_bed-215,fd620ac460f2584d5da848a2a5b0a214f0428d1988ff41ad56d88c80f1e910d2,0.1503810712207956,0,validation
d40-east-emergency_bed-027,7f51171f58c2463d2d2c3c966e58d36adb06a6349cbe2b48d672ec4550244e87,0.42968191131126926,0,validation
d40-east-emergency_bed-108,4087922eecbb544a3b30212a680fa502d951394db0f80d4a98528b489614d835,0.0019959072935392197,0,validation
d40-central-icu_bed-080,fa63f830f3605e7ce15ae112380b2eceeba48e99aa18c7405c2e5100dc929764,0.03801803214088918,0,validation
d40-central-icu_bed-095,813725351cb358d6c0a0fa62600a82f3de03bcb87fa41ba2f9fa548c4f7d0b06,0.7572570869423237,1,validation
d40-central-icu_bed-213,427267939eabf3be55dc7f192c7c8e188fc23481f77df43ae293ccf071ec5c0d,0.9185575141779039,1,validation
d40-central-icu_bed-123,674c151040b1e4c44fbd622aba6b06dae733f1397e8ce3032d3abfb76df02497,0.9099838817393842,1,validation
d40-central-icu_bed-013,3740f61187b9bcfed33815b96d5869c22826c8ec3cbd23943c486ea4d967118f,0.0045298620181261455,0,validation
d40-central-icu_bed-155,ac50367a777e7b88bd80519dd8f3ca4e389f51109375aa3b5c96796b42351ec2,0.06588106997443799,0,validation
d40-central-icu_bed-018,9d58acd9cc2f5a9997bc3d5e40783862ad6f5761b4bf09bb6d6c1a53cdb2affb,0.0031562852484221925,0,validation
d40-central-icu_bed-090,a94e02bd8301b3535f2826094f04dc89d0264390f75a5a402b92e73ea5c4f6ac,0.016457735300168756,0,validation
d40-central-icu_bed-098,332dcf9088c791e49768821a26031b2631f2c06240fdcf64f95d0441f41ca853,0.10514839648683878,0,validation
d40-central-icu_bed-233,3617e2befb2618be828f363eb002e31c5b814ca72bf267b2e5c4acb6cebf0c6f,0.6341744725069923,1,validation
d40-central-icu_bed-023,ddf5bb66848130ed888710f15a4f63b5b929f15dbdd5e8253f2a4cad00eefaa4,0.3017316777934908,0,validation
d40-central-icu_bed-075,3669cc82173a46cd90c8e10c543815682d3a783d83f03fc3ae833c6275f08442,0.6912533485439134,1,validation
d40-central-icu_bed-019,ec135897ad60f6f4a9b2fa39acdd74c29027bc7013cfe9df4cab3322c650eab9,0.027297540843048224,0,validation
d40-central-icu_bed-033,0e90ab59d1ba3b8cf76a7586b444fee10e28261b783b1ff607149400a95f0163,0.03158425529369041,0,validation
d40-central-icu_bed-218,65d778bced5de9b7f868119a6939c5d33be4032bc22918a5aa3612f45856797d,0.3701063798117035,0,validation
d40-central-icu_bed-072,fbd597672a1695e21f5e363e3c66bc8119340d23734333ba27721570df7e9b19,0.13525594739237295,0,validation
d40-central-icu_bed-197,f412301e65483bace18b9fd51d43f76598b3cb60e05e7a14e71de32a1c66a3aa,0.3478624680920408,0,validation
d40-central-icu_bed-142,795727746be0e95e3a5c47ee1df0d5693df1710e02b4591bac540c0982e439c7,0.03733950688559535,0,validation
d40-central-icu_bed-114,14838d13246b5d15018a5957c92587f892e266fac8b0bcc7dd9add97ad7271bc,0.7247426555669298,1,validation
d40-central-icu_bed-014,d2a08fa9788d0b514ae842eb99429b6e6bdaa0bf5f0b2e4a56a750df896b0b56,0.11631832957566215,0,validation
d40-central-icu_bed-146,627b8acde5c9f4f5781523488bc75f67bfb35ac879229489199f4a974ae60730,0.721312415969392,1,validation
d40-central-icu_bed-029,ea68ebb65961e0dabd848eb2f76f851e64b711c79d68196d5cf0960a200824ad,0.12457257639719808,0,validation
d40-central-icu_bed-017,637e5d484a14c60a1a65f5d644d460f74811bb06026824faa99b6160c7333e86,0.03870687408353128,0,validation
d40-central-icu_bed-061,33ab8f537ba48b5767745725d33cb110c1f9bac22919139869fb65909901b6cc,0.37054705285150524,0,validation
d40-central-icu_bed-152,e0397c88d990c143bf3028a484074576cce7f4abebb4d90bf47b0d8ef8f95405,0.7541434274821895,1,validation
d40-central-icu_bed-057,ca96a1987f0c3a15c2c79a9fe1d5865f9d43e67e39eb555794912e954b10ac78,0.3922217957157358,0,validation
d40-central-emergency_bed-182,7101f7950206e8e995717024224b8ab0b37d3b903caf4a91d5bf87888cc9271e,0.03763507033537902,0,validation
d40-central-emergency_bed-176,2c30608c7fcca14acb0ce34dfa2c8c04a7eb31f28cd93ab46ab39f8ad1d95598,0.01040050792723608,0,validation
d40-central-emergency_bed-189,35839cc7feae980b184c8231be16513129d45c333efb156a37740582096e26ee,0.10509992328659047,0,validation
d40-central-emergency_bed-028,8919ce23df6b6e53bbb7e4ffb40f930b2c43680fcb4be183d68d07ac8a0ecc81,0.11606459557192592,0,validation
d40-central-emergency_bed-232,895de3130a3b7b64c642fd27b15f90cff3876ef60cf71d3dfef648dd8cc88a70,0.368017931443254,0,validation
d40-central-emergency_bed-132,1555a9fb6fb8cc26cb4cda188b159e20fd136c6b94a5f1ba451459eb3ec45ca0,0.029821719389366643,0,validation
d40-central-emergency_bed-194,8d058dd6592a47797f8e7514948e1b4634d9e875ea027833f6b4e072253479da,0.0015576068220431478,0,validation
d40-central-emergency_bed-122,835fa121c4f86c4584b9fe9e96591c8c9fe6f1a194498d1126ce8a60a32d7f41,0.026303625148256717,0,validation
d40-central-emergency_bed-147,08de95995db289a7a884b7aca22a619fc2f6775fcb56b43ae30b5e1b82e912df,0.0241942943589288,0,validation
d40-central-emergency_bed-115,ce7b45895616d600219162ca734e552cd087bea0621d98185aa1ffdaee53d5d3,0.30903569425918936,0,validation
d40-central-emergency_bed-195,a1f9d4a8697a629eb47ea6691263b365008f0d83c6c1070b9e06007d36ec7ec6,0.0015674232389211115,0,validation
d40-central-emergency_bed-001,4a8cfd10e9376497d055d3be53cc94b86353c29a5d526d2fdc19042a4e7bd4cb,0.022016973166807438,0,validation
d40-central-emergency_bed-086,0b42fbdd312aef44d1b3e66fdb6135103fb694a8c15b4a634daa93edb85b99c1,0.006470063565977954,0,validation
d40-central-emergency_bed-074,7041823bc701d89aec68918e58cc86b755cdb2ce32d407203931717c83348794,0.09771598420860175,0,validation
d40-central-emergency_bed-223,5fff8c4d41271699901725348a26863e77699927f43613a12c348f3e4ccdcb77,0.08840436988733427,0,validation
d40-central-emergency_bed-224,583dbbcff61b22b5ccaa37eef7b16c554d201361addd0e4f2a6b8a906e1c934b,0.005583457410416045,0,validation
d40-central-emergency_bed-083,accf6bd8bb6a949ff88134dbe53254d75e1dfa071cfbb66f520cf73beb36849b,0.09103288251844757,0,validation
d40-central-emergency_bed-138,be11e52d2157b79363b99a74cd73a4e2d8982389964cce0dadc53bc5b9c2eb05,0.3197150468342581,1,validation
d40-central-emergency_bed-003,3b970674d25c834ddbf666122bfbff1818c390f6b5f2e537ac0a9413ba010716,0.006103862060865175,0,validation
d40-central-emergency_bed-011,a910feaf9e651de106be26c74f9c312e81a86c82a3ebc1f9c59071a5c4f1bf16,0.025158103425618708,0,validation
d40-central-emergency_bed-167,5819b43662b49673762bf66ae52f92d53a489276bbf7fc64a3d79befc4c176b1,0.02972840641421563,0,validation
d40-central-emergency_bed-172,d5f45f37b5d647b7ed960bb8778f3ecdad9e0d3c241703b9714944d8b65a93e9,0.33278945912262237,0,validation
d40-central-emergency_bed-133,4405b27bf8cffdebfb7f9e762758d829d2bb5c4ac010a588c2cbad7665575d04,0.11763471913165408,1,validation
d40-central-emergency_bed-051,8cc6c8fbfb868af89ff41b68eb6499703eb747ff53f8641ff51e319f2867a7d6,0.10558416720626979,1,validation
d40-central-emergency_bed-216,9ae5b1039ba328fa2c842082e5f15443d70248fc75b7325654c1bbd6a8db4e14,0.1114815291704985,1,validation
d40-central-emergency_bed-024,832e6a9bc285f4dbb90d0fd45bede5dcb45c2abcbaa7548ff82c4911116500aa,0.9014768898700244,1,validation
d40-central-emergency_bed-012,3bfdcd065bed82c3c6e168f8d8e285dedb9e61edb78d11e720b8247eccb045f7,0.6990967966779367,1,validation
d40-central-emergency_bed-127,a49178e94e8caae07a3bcb124cc814e2a145984340d6263f3504f747e30f4840,0.8935924045918,1,validation
d40-central-emergency_bed-006,e2ae3e7db7d595408607e1b9340874271ade9a0b36350c50f9844dd522e9bd74,0.3412970108481507,0,validation
d40-central-emergency_bed-239,9948048661a85f5a7022d37e1913c4b4bfcb91f775961e48f671ae03750fe531,0.3477958661218453,0,validation
d40-central-emergency_bed-151,8b2ffa7ef71dd9b8b0d3313718ed4ba3743ab74ac32e2f06418399d464c80cc5,0.41257233888980555,0,validation
d40-central-emergency_bed-053,352896231b200b34494af0ff7cbadfa08faa059e21fe2cf6c702ed7607519fe1,0.37087176868882366,0,validation
d40-central-emergency_bed-205,d9fc5e649204ce1978d087e3a1847192d6c9dfda60cac903c5fa0d786c35f4c9,0.011094661753386368,0,validation
d40-west-icu_bed-164,10af57b94469eecd466e8b9eef31369e1c3a3119591acbda8e6eebb0cd12d0c1,0.5035750652364658,1,validation
d40-west-icu_bed-069,f2ded249338798b4a8572278979ccc8a96d2aa51926226573356c15c2c9c3e40,0.01587936699151589,0,validation
d40-west-icu_bed-137,1b3e4534b7ee1400c63be291f3bc18db41483ad808ed7f9363710f504cae1a6b,0.8497304766533926,1,validation
d40-west-icu_bed-234,479afde73a3880ed19ea4766ad1ad992971ee6099b8fd74228e20a552c6a8128,0.015129880257767198,0,validation
d40-west-icu_bed-111,aa3d8bdaa977251264950cc736f95dd3195ead5720531cc68afdcb184855c583,0.06274896507912407,0,validation
d40-west-icu_bed-136,ddb8b53268b4f66a960220ace33bad8d8bb42e3fdc465d00cd50994d16efeceb,0.5489941905470213,1,validation
d40-west-icu_bed-081,018a282f084a1c8f618b78463f5b42e920145e172381a9d6b0faaa373b78a128,0.016265584076124898,0,validation
d40-west-icu_bed-025,f2c5511b9ada95ac8300c6da35c48e1c320b5bf874239c98af29e7e8b5a964d9,0.21014577393644385,0,validation
d40-west-icu_bed-141,51289aabb32a076f01a111bbc0f3c45536b501b2ba71f940f835463708fdf137,0.5346172204088182,1,validation
d40-west-icu_bed-037,5e190bfa7929df1f9e057bbfeeb1b5b3c2d6d5981dc2ff6f8a0a9943a0ed4aff,0.8116109579242906,1,validation
d40-west-icu_bed-192,f5db572d884fd231110bb2cd3548281ce34ee5702dc233fc2fadc6a26de54f5a,0.20817723697873633,0,validation
d40-west-icu_bed-026,f5fb1ede73c5d37109eb3ce74eb06c10709ae9d24889c63acf7012dc4fa7c3c6,0.955432674467968,1,validation
d40-west-icu_bed-181,42f946dfd2a44c8e1e598ab5a7b245d9eb5f9f19680f086481197690512c715d,0.07233622179278745,0,validation
d40-west-icu_bed-005,8d047fd6fe1d6b350bbf8f2a8e0eed7abb5cf50c30384d79577a0f760b7bf283,0.24181862896774212,0,validation
d40-west-icu_bed-225,d61ca2eafbc0499337f03826a6eeb34ce0724abf8379a7b0a9de3f26a43f017f,0.07261557591725212,0,validation
d40-west-icu_bed-129,fed7d3ae563c87d0a9ccaefcb51e97a49523fd8873928f3244482015355f2dd3,0.2658011606472469,0,validation
d40-west-icu_bed-046,d9feabf08e98414941dea67e61e7cc0bed763cbd26c0c6810fd47a03fc0e8790,0.8601939126819653,1,validation
d40-west-icu_bed-097,ccdee1aa39306ef39f1309f0dd79faa0bb3239a923be0bfd32ed6f09b906a8ce,0.23197156014108952,0,validation
d40-west-icu_bed-168,e6e309c593e8dedbde08e098ae10b31df15722c45a3ffa4b6c2fb1a836808bda,0.8412273604566892,1,validation
d40-west-icu_bed-117,03bbf41a39b9b38d3a965840c7d5e6d0a8360ed667fd96af41003da6b7a8d6ad,0.07033915303652608,0,validation
d40-west-icu_bed-196,d2e0373d725866e58bb795de766b64088aa0015dc0f5808bb591444e6279d22e,0.08709160072165063,0,validation
d40-west-icu_bed-145,5cc43f5ca9f2e295793506c07bba5a94370d419474d61b81083c29beeb122996,0.26125456241355416,0,validation
d40-west-icu_bed-131,4326f8c76d3998d646bf9505231b83a1b5ca2c034c0e3bfa46c6e3457812d617,0.018251510121795936,0,validation
d40-west-icu_bed-208,4bda9d9abaa06f2f7e770540c7fdf180f550168a14f2c51ff65f735d842819de,0.24634328000856873,0,validation
d40-west-icu_bed-235,c7c4e5738621759d9551909310c2c637e7e2e46a221f017eefd2213d3d0d612a,0.22740239735224801,0,validation
d40-west-icu_bed-096,666ff4e242caf4c7e69dd3ce2de955ce3ee363a2c0b08fea80333cfdaa595804,0.018815498825481357,0,validation
d40-west-icu_bed-110,e420a137638527c39a484802f54d0b29ca51d2a2cac373c97f82840e68973250,0.8574132211588898,1,validation
d40-west-icu_bed-198,6c65e87612266b8b0b57c376ba666011fb0cfa445b3cb4891d578766ae1d39c9,0.07636753569077682,0,validation
d40-west-icu_bed-226,b7250c26489678b59bc6f5260f9f0561544bc26a8b675f19d51ba3f97207ee65,0.8786320718026479,1,validation
d40-west-icu_bed-206,716baa2efc8ad3ce6475d20182f109584786fd841c6b762c961e205436367cb9,0.2938338470851706,0,validation
d40-west-icu_bed-200,9fe751c5ad22ad6513eab390160e7cef5385391ccd8927053929da23e93cef38,0.2674436939537867,0,validation
d40-west-icu_bed-021,7e31f79f89c0d997f25917ab23be0287a572c74c59bd0feb6d04e26ea1a70e03,0.08024769919166437,0,validation
d40-west-icu_bed-044,8336ac473298de38a8476dee7f35bb8cca6d85fa7e9b3f32111ee0dc9a2f9915,0.02197729562616903,0,validation
d40-west-icu_bed-171,d81b1611fda97c6008363448b6d6c4dd86537b44d98ce6df47c79e62b73b9aad,0.07556861705379038,0,validation
d40-west-emergency_bed-032,91395c423f3fe0db6f37cd4d27ffe8142358dd051355b2a07c1d7bcabcf8051e,0.40688934176838804,0,validation
d40-west-emergency_bed-184,e4eabd1d4458db4edd73df1e7b57c0c78aeb4c0fde44512f667cc7f60602866f,0.04232969980024605,0,validation
d40-west-emergency_bed-009,a06ed697841d776f2ef798d4fcd9d48346c841aebeb33e2c40dbb299acacabe0,0.002123915842712137,0,validation
d40-west-emergency_bed-125,fbf9759f56a541cd6d1d779138b5a6a186235be027051e1a9c822db1b636e935,0.12472759675376567,0,validation
d40-west-emergency_bed-228,33ca47c774143fb3e783ca39a4832940dc82c0874030ece54a930536813826a4,0.8886562387635473,1,validation
d40-west-emergency_bed-139,940ed6a4a9911f07178600fada93c43e1ecfd7c4207ecebf2ffc4ad7c2744eb2,0.10595521487390229,0,validation
d40-west-emergency_bed-059,09e06d69f9d10d8ec0f1a4433b86b452ca33554a28cc2fe0a8b51a3e7d3e3be1,0.8995245294700643,1,validation
d40-west-emergency_bed-067,fb033a7994fa7f80bc6f0e4c5ff3300c18a7dc3e2d1a6a42ca3a8a30d4578f33,0.6574359590406181,1,validation
d40-west-emergency_bed-188,71d2aacbfe7a57f5f04be81fad359479ca8d98bb939b2e29f1c38b0d27ee410b,0.8239901968311611,1,validation
d40-west-emergency_bed-169,46bd5adc9804676138ea347d899047e26f2f9d72019c01a16d9db96508b09015,0.5348497641518395,1,validation
d40-west-emergency_bed-078,998823335b9dded8bbbcd9e7299676471b893c941537ead43febe9d4907505f0,0.9397293219729126,1,validation
d40-west-emergency_bed-068,e4b3f35caccc3bce15c6900e4e52c95b382b401d7e652c376826c4d1dd681eaa,0.9884485747714379,1,validation
d40-west-emergency_bed-112,5d40956f796b99e9901cb332bf133341582e13221173fc675beee01825435b10,0.5763869818655631,1,validation
d40-west-emergency_bed-094,1497433456cc7dafe7a88bf8b69c58029072b4f5522a777b19f6810aa6420d01,0.7819759752164435,1,validation
d40-west-emergency_bed-109,aeb65bca6a65e8c68317290a8e096e3e60cf1e7872e1c91e11a2abc8e97f16c9,0.030760179324788185,0,validation
d40-west-emergency_bed-179,c0a787c9b2b7eadffad7fb9ebc819ca20a47c3df182a37025dc2302673035926,0.0019534168736308716,0,validation
d40-west-emergency_bed-236,eaeed7df38e6633439daf5d968346eee0a3171bd27a790f45efd1a6f7715e2ba,0.3518049203677439,0,validation
d40-west-emergency_bed-065,a35e0ffed5e4e2e845150a47156555138bed7867482760e235516458c9689302,0.2867611444872874,0,validation
d40-west-emergency_bed-054,ff9e323ce3ea7c5e37af60778c80341bba2e1d56e5ff3de02cc159de6be26602,0.5447050304949664,0,validation
d40-west-emergency_bed-039,4f88fee5f549b9a2bc8edddcb7751a3e467366e925f4b790a1c9668e1cbd18e4,0.5767151041057004,0,validation
d40-west-emergency_bed-062,13f9725417965abcef7fb7e399cd1c8d8db5513db0067dc681ecaf0fdcde18e1,0.08046105485484212,0,validation
d40-west-emergency_bed-091,782036a57eacfbc22f27c98a9f924d7a08014bc82354c4d25f761614b7dba73e,0.6488204989758772,0,validation
d40-west-emergency_bed-128,6fa0c4c16fa4035aefc477d0a22588cc2eb16b353898e84ad9e476d667a8abdc,0.04050249021557625,0,validation
d40-west-emergency_bed-153,e9ca42ea665e9924d666b2be47e422218f19acff3ecd65f7f8a134d5a781df3f,0.44078332710938234,0,validation
d40-west-emergency_bed-031,2919609092fca2dc9ad7628ba3f13a17e0486cc3ba83af051d16c38b37836e43,0.45835548595109876,0,validation
d40-west-emergency_bed-058,563997a0541d814611c4790410136bc3224ad11d510a309607f23fdd1f281d63,0.03690428903991205,0,validation
d40-west-emergency_bed-116,10fb1ba6597107dbb8b642ee8929de99dda974eb01032602aa01cf102b28e2bc,0.010537817618565879,0,validation
d40-west-emergency_bed-203,c7aa63f89e13d8c03c5def0a97b3b383ae4996f58abd230fcce22a2e57afbb0e,0.008029418709481538,0,validation
d40-west-emergency_bed-118,ebc16211d8fbca037c085522616b049c0d8e6b0365a8f1942abaa4549e5d0303,0.7158001825044534,0,validation
